{
    "Z_CANVAS": 0.13549999999999998,
    "Z_MAX_CANVAS": 0.13399999999999998
}