{
    "Z_CANVAS": 0.12349999999999997,
    "Z_MAX_CANVAS": 0.12349999999999997
}