{
    "Z_CANVAS": 0.13349999999999997,
    "Z_MAX_CANVAS": 0.13349999999999997
}