ISO-10303-21;
HEADER;
/* Generated by software containing ST-Developer
 * from STEP Tools, Inc. (www.steptools.com) 
 */
/* OPTION: using custom renumber hook */

FILE_DESCRIPTION(
/* description */ ('STEP AP242',
'CAx-IF Rec.Pracs.---Representation and Presentation of Product Manufa
cturing Information (PMI)---4.0---2014-10-13',
'CAx-IF Rec.Pracs.---3D Tessellated Geometry---0.4---2014-09-14','2;1'),

/* implementation_level */ '2;1');

FILE_NAME(
/* name */ '68b0741724fae73aed2beb97',
/* time_stamp */ '2025-08-28T15:21:59Z',
/* author */ (''),
/* organization */ (''),
/* preprocessor_version */ 'ST-DEVELOPER v20',
/* originating_system */ 'ONSHAPE BY PTC INC, 1.202',
/* authorisation */ '  ');

FILE_SCHEMA (('AP242_MANAGED_MODEL_BASED_3D_ENGINEERING_MIM_LF { 1 0 10303 442 1 1 4 }'));
ENDSEC;

DATA;
#10=B_SPLINE_SURFACE_WITH_KNOTS('',3,1,((#4265,#4266),(#4267,#4268),(#4269,
#4270),(#4271,#4272)),.SURF_OF_LINEAR_EXTRUSION.,.F.,.F.,.F.,(4,4),(2,2),
(0.,1.),(0.,1.),.PIECEWISE_BEZIER_KNOTS.);
#11=B_SPLINE_SURFACE_WITH_KNOTS('',3,1,((#4289,#4290),(#4291,#4292),(#4293,
#4294),(#4295,#4296)),.SURF_OF_LINEAR_EXTRUSION.,.F.,.F.,.F.,(4,4),(2,2),
(0.,1.),(0.,1.),.PIECEWISE_BEZIER_KNOTS.);
#12=B_SPLINE_SURFACE_WITH_KNOTS('',3,1,((#4302,#4303),(#4304,#4305),(#4306,
#4307),(#4308,#4309)),.SURF_OF_LINEAR_EXTRUSION.,.F.,.F.,.F.,(4,4),(2,2),
(0.,1.),(0.,1.),.PIECEWISE_BEZIER_KNOTS.);
#13=B_SPLINE_SURFACE_WITH_KNOTS('',3,1,((#4315,#4316),(#4317,#4318),(#4319,
#4320),(#4321,#4322)),.SURF_OF_LINEAR_EXTRUSION.,.F.,.F.,.F.,(4,4),(2,2),
(0.,1.),(0.,1.),.PIECEWISE_BEZIER_KNOTS.);
#14=B_SPLINE_SURFACE_WITH_KNOTS('',3,1,((#4328,#4329),(#4330,#4331),(#4332,
#4333),(#4334,#4335)),.SURF_OF_LINEAR_EXTRUSION.,.F.,.F.,.F.,(4,4),(2,2),
(0.,1.),(0.,1.),.PIECEWISE_BEZIER_KNOTS.);
#15=B_SPLINE_SURFACE_WITH_KNOTS('',3,1,((#4341,#4342),(#4343,#4344),(#4345,
#4346),(#4347,#4348)),.SURF_OF_LINEAR_EXTRUSION.,.F.,.F.,.F.,(4,4),(2,2),
(0.,1.),(0.,1.),.PIECEWISE_BEZIER_KNOTS.);
#16=B_SPLINE_SURFACE_WITH_KNOTS('',3,1,((#4354,#4355),(#4356,#4357),(#4358,
#4359),(#4360,#4361)),.SURF_OF_LINEAR_EXTRUSION.,.F.,.F.,.F.,(4,4),(2,2),
(0.,1.),(0.,1.),.PIECEWISE_BEZIER_KNOTS.);
#17=B_SPLINE_SURFACE_WITH_KNOTS('',3,1,((#4367,#4368),(#4369,#4370),(#4371,
#4372),(#4373,#4374)),.SURF_OF_LINEAR_EXTRUSION.,.F.,.F.,.F.,(4,4),(2,2),
(0.,1.),(0.,1.),.PIECEWISE_BEZIER_KNOTS.);
#18=B_SPLINE_SURFACE_WITH_KNOTS('',3,1,((#4382,#4383),(#4384,#4385),(#4386,
#4387),(#4388,#4389)),.SURF_OF_LINEAR_EXTRUSION.,.F.,.F.,.F.,(4,4),(2,2),
(0.,1.),(0.,1.),.PIECEWISE_BEZIER_KNOTS.);
#19=B_SPLINE_SURFACE_WITH_KNOTS('',3,1,((#4395,#4396),(#4397,#4398),(#4399,
#4400),(#4401,#4402)),.SURF_OF_LINEAR_EXTRUSION.,.F.,.F.,.F.,(4,4),(2,2),
(0.,1.),(0.,1.),.PIECEWISE_BEZIER_KNOTS.);
#20=B_SPLINE_SURFACE_WITH_KNOTS('',3,1,((#4408,#4409),(#4410,#4411),(#4412,
#4413),(#4414,#4415)),.SURF_OF_LINEAR_EXTRUSION.,.F.,.F.,.F.,(4,4),(2,2),
(0.,1.),(0.,1.),.PIECEWISE_BEZIER_KNOTS.);
#21=B_SPLINE_SURFACE_WITH_KNOTS('',3,1,((#4421,#4422),(#4423,#4424),(#4425,
#4426),(#4427,#4428)),.SURF_OF_LINEAR_EXTRUSION.,.F.,.F.,.F.,(4,4),(2,2),
(0.,1.),(0.,1.),.PIECEWISE_BEZIER_KNOTS.);
#22=B_SPLINE_SURFACE_WITH_KNOTS('',3,1,((#4434,#4435),(#4436,#4437),(#4438,
#4439),(#4440,#4441)),.SURF_OF_LINEAR_EXTRUSION.,.F.,.F.,.F.,(4,4),(2,2),
(0.,1.),(0.,1.),.PIECEWISE_BEZIER_KNOTS.);
#23=B_SPLINE_SURFACE_WITH_KNOTS('',3,1,((#4470,#4471),(#4472,#4473),(#4474,
#4475),(#4476,#4477)),.SURF_OF_LINEAR_EXTRUSION.,.F.,.F.,.F.,(4,4),(2,2),
(0.,1.),(0.,1.),.PIECEWISE_BEZIER_KNOTS.);
#24=B_SPLINE_SURFACE_WITH_KNOTS('',3,1,((#4485,#4486),(#4487,#4488),(#4489,
#4490),(#4491,#4492)),.SURF_OF_LINEAR_EXTRUSION.,.F.,.F.,.F.,(4,4),(2,2),
(0.,1.),(0.,1.),.PIECEWISE_BEZIER_KNOTS.);
#25=B_SPLINE_SURFACE_WITH_KNOTS('',3,1,((#4498,#4499),(#4500,#4501),(#4502,
#4503),(#4504,#4505)),.SURF_OF_LINEAR_EXTRUSION.,.F.,.F.,.F.,(4,4),(2,2),
(0.,1.),(0.,1.),.PIECEWISE_BEZIER_KNOTS.);
#26=B_SPLINE_SURFACE_WITH_KNOTS('',3,1,((#4511,#4512),(#4513,#4514),(#4515,
#4516),(#4517,#4518)),.SURF_OF_LINEAR_EXTRUSION.,.F.,.F.,.F.,(4,4),(2,2),
(0.,1.),(0.,1.),.PIECEWISE_BEZIER_KNOTS.);
#27=B_SPLINE_SURFACE_WITH_KNOTS('',3,1,((#4524,#4525),(#4526,#4527),(#4528,
#4529),(#4530,#4531)),.SURF_OF_LINEAR_EXTRUSION.,.F.,.F.,.F.,(4,4),(2,2),
(0.,1.),(0.,1.),.PIECEWISE_BEZIER_KNOTS.);
#28=B_SPLINE_SURFACE_WITH_KNOTS('',3,1,((#4537,#4538),(#4539,#4540),(#4541,
#4542),(#4543,#4544)),.SURF_OF_LINEAR_EXTRUSION.,.F.,.F.,.F.,(4,4),(2,2),
(0.,1.),(0.,1.),.PIECEWISE_BEZIER_KNOTS.);
#29=B_SPLINE_SURFACE_WITH_KNOTS('',3,1,((#4550,#4551),(#4552,#4553),(#4554,
#4555),(#4556,#4557)),.SURF_OF_LINEAR_EXTRUSION.,.F.,.F.,.F.,(4,4),(2,2),
(0.,1.),(0.,1.),.PIECEWISE_BEZIER_KNOTS.);
#30=B_SPLINE_SURFACE_WITH_KNOTS('',3,1,((#4563,#4564),(#4565,#4566),(#4567,
#4568),(#4569,#4570)),.SURF_OF_LINEAR_EXTRUSION.,.F.,.F.,.F.,(4,4),(2,2),
(0.,1.),(0.,1.),.PIECEWISE_BEZIER_KNOTS.);
#31=B_SPLINE_SURFACE_WITH_KNOTS('',3,1,((#4583,#4584),(#4585,#4586),(#4587,
#4588),(#4589,#4590)),.SURF_OF_LINEAR_EXTRUSION.,.F.,.F.,.F.,(4,4),(2,2),
(0.,1.),(0.,1.),.PIECEWISE_BEZIER_KNOTS.);
#32=B_SPLINE_SURFACE_WITH_KNOTS('',3,1,((#4600,#4601),(#4602,#4603),(#4604,
#4605),(#4606,#4607)),.SURF_OF_LINEAR_EXTRUSION.,.F.,.F.,.F.,(4,4),(2,2),
(0.,1.),(0.,1.),.PIECEWISE_BEZIER_KNOTS.);
#33=B_SPLINE_SURFACE_WITH_KNOTS('',3,1,((#4617,#4618),(#4619,#4620),(#4621,
#4622),(#4623,#4624)),.SURF_OF_LINEAR_EXTRUSION.,.F.,.F.,.F.,(4,4),(2,2),
(0.,1.),(0.,1.),.PIECEWISE_BEZIER_KNOTS.);
#34=B_SPLINE_SURFACE_WITH_KNOTS('',3,1,((#4634,#4635),(#4636,#4637),(#4638,
#4639),(#4640,#4641)),.SURF_OF_LINEAR_EXTRUSION.,.F.,.F.,.F.,(4,4),(2,2),
(0.,1.),(0.,1.),.PIECEWISE_BEZIER_KNOTS.);
#35=B_SPLINE_SURFACE_WITH_KNOTS('',3,1,((#4651,#4652),(#4653,#4654),(#4655,
#4656),(#4657,#4658)),.SURF_OF_LINEAR_EXTRUSION.,.F.,.F.,.F.,(4,4),(2,2),
(0.,1.),(0.,1.),.PIECEWISE_BEZIER_KNOTS.);
#36=B_SPLINE_SURFACE_WITH_KNOTS('',3,1,((#4668,#4669),(#4670,#4671),(#4672,
#4673),(#4674,#4675)),.SURF_OF_LINEAR_EXTRUSION.,.F.,.F.,.F.,(4,4),(2,2),
(0.,1.),(0.,1.),.PIECEWISE_BEZIER_KNOTS.);
#37=B_SPLINE_SURFACE_WITH_KNOTS('',3,1,((#4685,#4686),(#4687,#4688),(#4689,
#4690),(#4691,#4692)),.SURF_OF_LINEAR_EXTRUSION.,.F.,.F.,.F.,(4,4),(2,2),
(0.,1.),(0.,1.),.PIECEWISE_BEZIER_KNOTS.);
#38=B_SPLINE_SURFACE_WITH_KNOTS('',3,1,((#4702,#4703),(#4704,#4705),(#4706,
#4707),(#4708,#4709)),.SURF_OF_LINEAR_EXTRUSION.,.F.,.F.,.F.,(4,4),(2,2),
(0.,1.),(0.,1.),.PIECEWISE_BEZIER_KNOTS.);
#39=B_SPLINE_SURFACE_WITH_KNOTS('',3,1,((#4719,#4720),(#4721,#4722),(#4723,
#4724),(#4725,#4726)),.SURF_OF_LINEAR_EXTRUSION.,.F.,.F.,.F.,(4,4),(2,2),
(0.,1.),(0.,1.),.PIECEWISE_BEZIER_KNOTS.);
#40=B_SPLINE_SURFACE_WITH_KNOTS('',3,1,((#4736,#4737),(#4738,#4739),(#4740,
#4741),(#4742,#4743)),.SURF_OF_LINEAR_EXTRUSION.,.F.,.F.,.F.,(4,4),(2,2),
(0.,1.),(0.,1.),.PIECEWISE_BEZIER_KNOTS.);
#41=B_SPLINE_SURFACE_WITH_KNOTS('',3,1,((#4753,#4754),(#4755,#4756),(#4757,
#4758),(#4759,#4760)),.SURF_OF_LINEAR_EXTRUSION.,.F.,.F.,.F.,(4,4),(2,2),
(0.,1.),(0.,1.),.PIECEWISE_BEZIER_KNOTS.);
#42=B_SPLINE_SURFACE_WITH_KNOTS('',3,1,((#4767,#4768),(#4769,#4770),(#4771,
#4772),(#4773,#4774)),.SURF_OF_LINEAR_EXTRUSION.,.F.,.F.,.F.,(4,4),(2,2),
(0.,1.),(0.,1.),.PIECEWISE_BEZIER_KNOTS.);
#43=CONICAL_SURFACE('',#2969,0.0025,0.0594536593086569);
#44=CONICAL_SURFACE('',#2995,0.00362081759459102,0.451345812160451);
#45=SHAPE_REPRESENTATION_RELATIONSHIP('','',#2816,#47);
#46=SHAPE_REPRESENTATION_RELATIONSHIP('','',#2817,#48);
#47=ADVANCED_BREP_SHAPE_REPRESENTATION('',(#2812),#4840);
#48=ADVANCED_BREP_SHAPE_REPRESENTATION('',(#2813),#4841);
#49=SPHERICAL_SURFACE('',#2942,0.003);
#50=SPHERICAL_SURFACE('',#2947,0.003);
#51=PLANE('',#2835);
#52=PLANE('',#2836);
#53=PLANE('',#2837);
#54=PLANE('',#2838);
#55=PLANE('',#2841);
#56=PLANE('',#2842);
#57=PLANE('',#2843);
#58=PLANE('',#2844);
#59=PLANE('',#2846);
#60=PLANE('',#2847);
#61=PLANE('',#2848);
#62=PLANE('',#2849);
#63=PLANE('',#2850);
#64=PLANE('',#2851);
#65=PLANE('',#2853);
#66=PLANE('',#2854);
#67=PLANE('',#2855);
#68=PLANE('',#2856);
#69=PLANE('',#2857);
#70=PLANE('',#2858);
#71=PLANE('',#2859);
#72=PLANE('',#2860);
#73=PLANE('',#2861);
#74=PLANE('',#2862);
#75=PLANE('',#2864);
#76=PLANE('',#2865);
#77=PLANE('',#2866);
#78=PLANE('',#2867);
#79=PLANE('',#2868);
#80=PLANE('',#2869);
#81=PLANE('',#2870);
#82=PLANE('',#2902);
#83=PLANE('',#2907);
#84=PLANE('',#2921);
#85=PLANE('',#2922);
#86=PLANE('',#2923);
#87=PLANE('',#2924);
#88=PLANE('',#2925);
#89=PLANE('',#2926);
#90=PLANE('',#2927);
#91=PLANE('',#2928);
#92=PLANE('',#2929);
#93=PLANE('',#2931);
#94=PLANE('',#2932);
#95=PLANE('',#2933);
#96=PLANE('',#2935);
#97=PLANE('',#2936);
#98=PLANE('',#2958);
#99=PLANE('',#2961);
#100=PLANE('',#2962);
#101=PLANE('',#2963);
#102=PLANE('',#2964);
#103=PLANE('',#2965);
#104=PLANE('',#2966);
#105=PLANE('',#2967);
#106=PLANE('',#2973);
#107=PLANE('',#2974);
#108=PLANE('',#2975);
#109=PLANE('',#2976);
#110=PLANE('',#2977);
#111=PLANE('',#2978);
#112=PLANE('',#2979);
#113=PLANE('',#2980);
#114=PLANE('',#2981);
#115=PLANE('',#2982);
#116=PLANE('',#2983);
#117=PLANE('',#2984);
#118=PLANE('',#2985);
#119=PLANE('',#2986);
#120=PLANE('',#2987);
#121=PLANE('',#2988);
#122=PLANE('',#2989);
#123=PLANE('',#2990);
#124=PLANE('',#2991);
#125=PLANE('',#2992);
#126=PLANE('',#2993);
#127=PLANE('',#2994);
#128=PLANE('',#2996);
#129=PLANE('',#2997);
#130=PLANE('',#2998);
#131=PLANE('',#2999);
#132=PLANE('',#3000);
#133=PLANE('',#3001);
#134=ELLIPSE('',#2821,0.00337067510700499,0.003);
#135=ELLIPSE('',#2823,0.00337067510700499,0.003);
#136=ELLIPSE('',#2826,0.00315219420899979,0.003);
#137=ELLIPSE('',#2828,0.00315219420899979,0.003);
#138=ELLIPSE('',#2830,0.00324717660087718,0.003);
#139=ELLIPSE('',#2831,0.00324717660087718,0.003);
#140=ELLIPSE('',#2833,0.00324717660087718,0.003);
#141=ELLIPSE('',#2834,0.00324717660087718,0.003);
#142=ELLIPSE('',#2930,0.00424264068711929,0.003);
#143=ELLIPSE('',#2934,0.00424264068711929,0.003);
#144=ELLIPSE('',#2939,0.00324717660087718,0.003);
#145=ELLIPSE('',#2950,0.00324717660087718,0.003);
#146=CIRCLE('',#2820,0.003);
#147=CIRCLE('',#2824,0.003);
#148=CIRCLE('',#2839,0.0027);
#149=CIRCLE('',#2840,0.0027);
#150=CIRCLE('',#2845,0.003);
#151=CIRCLE('',#2852,0.003);
#152=CIRCLE('',#2863,0.0027);
#153=CIRCLE('',#2871,0.0027);
#154=CIRCLE('',#2875,0.0267665042944955);
#155=CIRCLE('',#2876,0.0267665042944955);
#156=CIRCLE('',#2878,0.006);
#157=CIRCLE('',#2879,0.006);
#158=CIRCLE('',#2881,0.0267665042944955);
#159=CIRCLE('',#2882,0.0267665042944955);
#160=CIRCLE('',#2883,0.0267665042944955);
#161=CIRCLE('',#2885,0.006);
#162=CIRCLE('',#2886,0.006);
#163=CIRCLE('',#2888,0.0267665042944955);
#164=CIRCLE('',#2889,0.0267665042944955);
#165=CIRCLE('',#2891,0.006);
#166=CIRCLE('',#2892,0.006);
#167=CIRCLE('',#2894,0.0267665042944955);
#168=CIRCLE('',#2895,0.0267665042944955);
#169=CIRCLE('',#2897,0.006);
#170=CIRCLE('',#2898,0.006);
#171=CIRCLE('',#2900,0.007);
#172=CIRCLE('',#2901,0.007);
#173=CIRCLE('',#2903,0.0032);
#174=CIRCLE('',#2904,0.0032);
#175=CIRCLE('',#2905,0.0032);
#176=CIRCLE('',#2906,0.0032);
#177=CIRCLE('',#2908,0.0045);
#178=CIRCLE('',#2909,0.0045);
#179=CIRCLE('',#2910,0.0045);
#180=CIRCLE('',#2911,0.0045);
#181=CIRCLE('',#2912,0.0032);
#182=CIRCLE('',#2913,0.0032);
#183=CIRCLE('',#2914,0.0032);
#184=CIRCLE('',#2915,0.0032);
#185=CIRCLE('',#2941,0.003);
#186=CIRCLE('',#2943,0.003);
#187=CIRCLE('',#2946,0.003);
#188=CIRCLE('',#2948,0.003);
#189=CIRCLE('',#2959,0.005);
#190=CIRCLE('',#2960,0.000628047375276575);
#191=CIRCLE('',#2968,0.00362081759459102);
#192=CIRCLE('',#2970,0.0026225844428562);
#193=CIRCLE('',#2972,0.000628047375276575);
#194=LINE('',#3637,#453);
#195=LINE('',#3641,#454);
#196=LINE('',#3653,#455);
#197=LINE('',#3657,#456);
#198=LINE('',#3664,#457);
#199=LINE('',#3673,#458);
#200=LINE('',#3680,#459);
#201=LINE('',#3689,#460);
#202=LINE('',#3698,#461);
#203=LINE('',#3702,#462);
#204=LINE('',#3706,#463);
#205=LINE('',#3715,#464);
#206=LINE('',#3719,#465);
#207=LINE('',#3723,#466);
#208=LINE('',#3725,#467);
#209=LINE('',#3728,#468);
#210=LINE('',#3729,#469);
#211=LINE('',#3731,#470);
#212=LINE('',#3733,#471);
#213=LINE('',#3735,#472);
#214=LINE('',#3737,#473);
#215=LINE('',#3739,#474);
#216=LINE('',#3741,#475);
#217=LINE('',#3743,#476);
#218=LINE('',#3745,#477);
#219=LINE('',#3747,#478);
#220=LINE('',#3753,#479);
#221=LINE('',#3754,#480);
#222=LINE('',#3756,#481);
#223=LINE('',#3758,#482);
#224=LINE('',#3760,#483);
#225=LINE('',#3762,#484);
#226=LINE('',#3764,#485);
#227=LINE('',#3766,#486);
#228=LINE('',#3768,#487);
#229=LINE('',#3770,#488);
#230=LINE('',#3772,#489);
#231=LINE('',#3774,#490);
#232=LINE('',#3778,#491);
#233=LINE('',#3780,#492);
#234=LINE('',#3782,#493);
#235=LINE('',#3784,#494);
#236=LINE('',#3786,#495);
#237=LINE('',#3788,#496);
#238=LINE('',#3790,#497);
#239=LINE('',#3792,#498);
#240=LINE('',#3794,#499);
#241=LINE('',#3796,#500);
#242=LINE('',#3799,#501);
#243=LINE('',#3801,#502);
#244=LINE('',#3803,#503);
#245=LINE('',#3805,#504);
#246=LINE('',#3807,#505);
#247=LINE('',#3808,#506);
#248=LINE('',#3811,#507);
#249=LINE('',#3813,#508);
#250=LINE('',#3815,#509);
#251=LINE('',#3817,#510);
#252=LINE('',#3819,#511);
#253=LINE('',#3820,#512);
#254=LINE('',#3822,#513);
#255=LINE('',#3824,#514);
#256=LINE('',#3826,#515);
#257=LINE('',#3829,#516);
#258=LINE('',#3830,#517);
#259=LINE('',#3832,#518);
#260=LINE('',#3835,#519);
#261=LINE('',#3836,#520);
#262=LINE('',#3838,#521);
#263=LINE('',#3841,#522);
#264=LINE('',#3843,#523);
#265=LINE('',#3845,#524);
#266=LINE('',#3846,#525);
#267=LINE('',#3850,#526);
#268=LINE('',#3852,#527);
#269=LINE('',#3854,#528);
#270=LINE('',#3856,#529);
#271=LINE('',#3857,#530);
#272=LINE('',#3860,#531);
#273=LINE('',#3862,#532);
#274=LINE('',#3864,#533);
#275=LINE('',#3866,#534);
#276=LINE('',#3868,#535);
#277=LINE('',#3870,#536);
#278=LINE('',#3872,#537);
#279=LINE('',#3874,#538);
#280=LINE('',#3876,#539);
#281=LINE('',#3878,#540);
#282=LINE('',#3880,#541);
#283=LINE('',#3882,#542);
#284=LINE('',#3887,#543);
#285=LINE('',#3889,#544);
#286=LINE('',#3891,#545);
#287=LINE('',#3893,#546);
#288=LINE('',#3895,#547);
#289=LINE('',#3897,#548);
#290=LINE('',#3899,#549);
#291=LINE('',#3901,#550);
#292=LINE('',#3903,#551);
#293=LINE('',#3905,#552);
#294=LINE('',#3907,#553);
#295=LINE('',#3909,#554);
#296=LINE('',#3919,#555);
#297=LINE('',#3923,#556);
#298=LINE('',#3929,#557);
#299=LINE('',#3943,#558);
#300=LINE('',#3949,#559);
#301=LINE('',#3955,#560);
#302=LINE('',#3961,#561);
#303=LINE('',#3967,#562);
#304=LINE('',#3987,#563);
#305=LINE('',#3989,#564);
#306=LINE('',#3991,#565);
#307=LINE('',#3992,#566);
#308=LINE('',#3994,#567);
#309=LINE('',#3996,#568);
#310=LINE('',#4012,#569);
#311=LINE('',#4015,#570);
#312=LINE('',#4017,#571);
#313=LINE('',#4019,#572);
#314=LINE('',#4021,#573);
#315=LINE('',#4022,#574);
#316=LINE('',#4024,#575);
#317=LINE('',#4026,#576);
#318=LINE('',#4028,#577);
#319=LINE('',#4029,#578);
#320=LINE('',#4031,#579);
#321=LINE('',#4033,#580);
#322=LINE('',#4036,#581);
#323=LINE('',#4038,#582);
#324=LINE('',#4040,#583);
#325=LINE('',#4042,#584);
#326=LINE('',#4044,#585);
#327=LINE('',#4045,#586);
#328=LINE('',#4047,#587);
#329=LINE('',#4048,#588);
#330=LINE('',#4050,#589);
#331=LINE('',#4052,#590);
#332=LINE('',#4055,#591);
#333=LINE('',#4057,#592);
#334=LINE('',#4060,#593);
#335=LINE('',#4063,#594);
#336=LINE('',#4087,#595);
#337=LINE('',#4090,#596);
#338=LINE('',#4092,#597);
#339=LINE('',#4094,#598);
#340=LINE('',#4096,#599);
#341=LINE('',#4098,#600);
#342=LINE('',#4100,#601);
#343=LINE('',#4102,#602);
#344=LINE('',#4104,#603);
#345=LINE('',#4106,#604);
#346=LINE('',#4108,#605);
#347=LINE('',#4111,#606);
#348=LINE('',#4114,#607);
#349=LINE('',#4116,#608);
#350=LINE('',#4118,#609);
#351=LINE('',#4120,#610);
#352=LINE('',#4122,#611);
#353=LINE('',#4123,#612);
#354=LINE('',#4154,#613);
#355=LINE('',#4182,#614);
#356=LINE('',#4184,#615);
#357=LINE('',#4186,#616);
#358=LINE('',#4188,#617);
#359=LINE('',#4190,#618);
#360=LINE('',#4224,#619);
#361=LINE('',#4226,#620);
#362=LINE('',#4228,#621);
#363=LINE('',#4230,#622);
#364=LINE('',#4232,#623);
#365=LINE('',#4234,#624);
#366=LINE('',#4236,#625);
#367=LINE('',#4238,#626);
#368=LINE('',#4240,#627);
#369=LINE('',#4242,#628);
#370=LINE('',#4244,#629);
#371=LINE('',#4246,#630);
#372=LINE('',#4250,#631);
#373=LINE('',#4253,#632);
#374=LINE('',#4255,#633);
#375=LINE('',#4257,#634);
#376=LINE('',#4259,#635);
#377=LINE('',#4261,#636);
#378=LINE('',#4273,#637);
#379=LINE('',#4279,#638);
#380=LINE('',#4288,#639);
#381=LINE('',#4297,#640);
#382=LINE('',#4310,#641);
#383=LINE('',#4323,#642);
#384=LINE('',#4336,#643);
#385=LINE('',#4349,#644);
#386=LINE('',#4362,#645);
#387=LINE('',#4375,#646);
#388=LINE('',#4381,#647);
#389=LINE('',#4390,#648);
#390=LINE('',#4403,#649);
#391=LINE('',#4416,#650);
#392=LINE('',#4429,#651);
#393=LINE('',#4446,#652);
#394=LINE('',#4448,#653);
#395=LINE('',#4450,#654);
#396=LINE('',#4452,#655);
#397=LINE('',#4454,#656);
#398=LINE('',#4456,#657);
#399=LINE('',#4458,#658);
#400=LINE('',#4460,#659);
#401=LINE('',#4462,#660);
#402=LINE('',#4464,#661);
#403=LINE('',#4466,#662);
#404=LINE('',#4468,#663);
#405=LINE('',#4478,#664);
#406=LINE('',#4484,#665);
#407=LINE('',#4493,#666);
#408=LINE('',#4506,#667);
#409=LINE('',#4519,#668);
#410=LINE('',#4532,#669);
#411=LINE('',#4545,#670);
#412=LINE('',#4558,#671);
#413=LINE('',#4571,#672);
#414=LINE('',#4578,#673);
#415=LINE('',#4591,#674);
#416=LINE('',#4608,#675);
#417=LINE('',#4625,#676);
#418=LINE('',#4642,#677);
#419=LINE('',#4659,#678);
#420=LINE('',#4676,#679);
#421=LINE('',#4693,#680);
#422=LINE('',#4710,#681);
#423=LINE('',#4727,#682);
#424=LINE('',#4744,#683);
#425=LINE('',#4781,#684);
#426=LINE('',#4783,#685);
#427=LINE('',#4785,#686);
#428=LINE('',#4787,#687);
#429=LINE('',#4789,#688);
#430=LINE('',#4791,#689);
#431=LINE('',#4793,#690);
#432=LINE('',#4795,#691);
#433=LINE('',#4797,#692);
#434=LINE('',#4799,#693);
#435=LINE('',#4801,#694);
#436=LINE('',#4803,#695);
#437=LINE('',#4805,#696);
#438=LINE('',#4807,#697);
#439=LINE('',#4809,#698);
#440=LINE('',#4811,#699);
#441=LINE('',#4813,#700);
#442=LINE('',#4815,#701);
#443=LINE('',#4817,#702);
#444=LINE('',#4819,#703);
#445=LINE('',#4821,#704);
#446=LINE('',#4823,#705);
#447=LINE('',#4827,#706);
#448=LINE('',#4828,#707);
#449=LINE('',#4830,#708);
#450=LINE('',#4832,#709);
#451=LINE('',#4834,#710);
#452=LINE('',#4836,#711);
#453=VECTOR('',#3006,1.);
#454=VECTOR('',#3009,1.);
#455=VECTOR('',#3016,1.);
#456=VECTOR('',#3019,1.);
#457=VECTOR('',#3022,1.);
#458=VECTOR('',#3025,1.);
#459=VECTOR('',#3028,1.);
#460=VECTOR('',#3031,1.);
#461=VECTOR('',#3034,1.);
#462=VECTOR('',#3037,1.);
#463=VECTOR('',#3040,1.);
#464=VECTOR('',#3043,1.);
#465=VECTOR('',#3046,1.);
#466=VECTOR('',#3049,1.);
#467=VECTOR('',#3052,1.);
#468=VECTOR('',#3053,1.);
#469=VECTOR('',#3054,1.);
#470=VECTOR('',#3055,1.);
#471=VECTOR('',#3056,1.);
#472=VECTOR('',#3059,1.);
#473=VECTOR('',#3060,1.);
#474=VECTOR('',#3061,1.);
#475=VECTOR('',#3062,1.);
#476=VECTOR('',#3063,1.);
#477=VECTOR('',#3066,1.);
#478=VECTOR('',#3067,1.);
#479=VECTOR('',#3074,1.);
#480=VECTOR('',#3075,1.);
#481=VECTOR('',#3076,1.);
#482=VECTOR('',#3079,1.);
#483=VECTOR('',#3082,1.);
#484=VECTOR('',#3083,1.);
#485=VECTOR('',#3084,1.);
#486=VECTOR('',#3087,1.);
#487=VECTOR('',#3088,1.);
#488=VECTOR('',#3089,1.);
#489=VECTOR('',#3092,1.);
#490=VECTOR('',#3093,1.);
#491=VECTOR('',#3096,1.);
#492=VECTOR('',#3097,1.);
#493=VECTOR('',#3098,1.);
#494=VECTOR('',#3101,1.);
#495=VECTOR('',#3102,1.);
#496=VECTOR('',#3103,1.);
#497=VECTOR('',#3106,1.);
#498=VECTOR('',#3107,1.);
#499=VECTOR('',#3108,1.);
#500=VECTOR('',#3111,1.);
#501=VECTOR('',#3112,1.);
#502=VECTOR('',#3113,1.);
#503=VECTOR('',#3114,1.);
#504=VECTOR('',#3115,1.);
#505=VECTOR('',#3116,1.);
#506=VECTOR('',#3117,1.);
#507=VECTOR('',#3118,1.);
#508=VECTOR('',#3119,1.);
#509=VECTOR('',#3120,1.);
#510=VECTOR('',#3121,1.);
#511=VECTOR('',#3122,1.);
#512=VECTOR('',#3123,1.);
#513=VECTOR('',#3124,1.);
#514=VECTOR('',#3125,1.);
#515=VECTOR('',#3128,1.);
#516=VECTOR('',#3129,1.);
#517=VECTOR('',#3130,1.);
#518=VECTOR('',#3133,1.);
#519=VECTOR('',#3134,1.);
#520=VECTOR('',#3135,1.);
#521=VECTOR('',#3138,1.);
#522=VECTOR('',#3139,1.);
#523=VECTOR('',#3140,1.);
#524=VECTOR('',#3141,1.);
#525=VECTOR('',#3142,1.);
#526=VECTOR('',#3147,1.);
#527=VECTOR('',#3148,1.);
#528=VECTOR('',#3149,1.);
#529=VECTOR('',#3152,1.);
#530=VECTOR('',#3153,1.);
#531=VECTOR('',#3158,1.);
#532=VECTOR('',#3159,1.);
#533=VECTOR('',#3160,1.);
#534=VECTOR('',#3163,1.);
#535=VECTOR('',#3164,1.);
#536=VECTOR('',#3167,1.);
#537=VECTOR('',#3168,1.);
#538=VECTOR('',#3171,1.);
#539=VECTOR('',#3172,1.);
#540=VECTOR('',#3175,1.);
#541=VECTOR('',#3176,1.);
#542=VECTOR('',#3179,1.);
#543=VECTOR('',#3186,1.);
#544=VECTOR('',#3187,1.);
#545=VECTOR('',#3188,1.);
#546=VECTOR('',#3191,1.);
#547=VECTOR('',#3192,1.);
#548=VECTOR('',#3195,1.);
#549=VECTOR('',#3196,1.);
#550=VECTOR('',#3199,1.);
#551=VECTOR('',#3200,1.);
#552=VECTOR('',#3203,1.);
#553=VECTOR('',#3204,1.);
#554=VECTOR('',#3207,1.);
#555=VECTOR('',#3220,1.);
#556=VECTOR('',#3223,1.);
#557=VECTOR('',#3230,1.);
#558=VECTOR('',#3239,1.);
#559=VECTOR('',#3246,1.);
#560=VECTOR('',#3253,1.);
#561=VECTOR('',#3260,1.);
#562=VECTOR('',#3267,1.);
#563=VECTOR('',#3294,1.);
#564=VECTOR('',#3295,1.);
#565=VECTOR('',#3298,1.);
#566=VECTOR('',#3299,1.);
#567=VECTOR('',#3302,1.);
#568=VECTOR('',#3303,1.);
#569=VECTOR('',#3326,1.);
#570=VECTOR('',#3327,1.);
#571=VECTOR('',#3328,1.);
#572=VECTOR('',#3329,1.);
#573=VECTOR('',#3332,1.);
#574=VECTOR('',#3333,1.);
#575=VECTOR('',#3334,1.);
#576=VECTOR('',#3337,1.);
#577=VECTOR('',#3338,1.);
#578=VECTOR('',#3339,1.);
#579=VECTOR('',#3342,1.);
#580=VECTOR('',#3345,1.);
#581=VECTOR('',#3346,1.);
#582=VECTOR('',#3347,1.);
#583=VECTOR('',#3348,1.);
#584=VECTOR('',#3351,1.);
#585=VECTOR('',#3352,1.);
#586=VECTOR('',#3353,1.);
#587=VECTOR('',#3356,1.);
#588=VECTOR('',#3357,1.);
#589=VECTOR('',#3358,1.);
#590=VECTOR('',#3361,1.);
#591=VECTOR('',#3366,1.);
#592=VECTOR('',#3369,1.);
#593=VECTOR('',#3374,1.);
#594=VECTOR('',#3379,1.);
#595=VECTOR('',#3426,1.);
#596=VECTOR('',#3427,1.);
#597=VECTOR('',#3428,1.);
#598=VECTOR('',#3429,1.);
#599=VECTOR('',#3430,1.);
#600=VECTOR('',#3431,1.);
#601=VECTOR('',#3432,1.);
#602=VECTOR('',#3433,1.);
#603=VECTOR('',#3434,1.);
#604=VECTOR('',#3435,1.);
#605=VECTOR('',#3436,1.);
#606=VECTOR('',#3439,1.);
#607=VECTOR('',#3440,1.);
#608=VECTOR('',#3441,1.);
#609=VECTOR('',#3442,1.);
#610=VECTOR('',#3443,1.);
#611=VECTOR('',#3444,1.);
#612=VECTOR('',#3445,1.);
#613=VECTOR('',#3446,1.);
#614=VECTOR('',#3449,1.);
#615=VECTOR('',#3450,1.);
#616=VECTOR('',#3451,1.);
#617=VECTOR('',#3452,1.);
#618=VECTOR('',#3453,1.);
#619=VECTOR('',#3456,1.);
#620=VECTOR('',#3457,1.);
#621=VECTOR('',#3458,1.);
#622=VECTOR('',#3461,1.);
#623=VECTOR('',#3462,1.);
#624=VECTOR('',#3465,1.);
#625=VECTOR('',#3466,1.);
#626=VECTOR('',#3469,1.);
#627=VECTOR('',#3470,1.);
#628=VECTOR('',#3473,1.);
#629=VECTOR('',#3474,1.);
#630=VECTOR('',#3477,1.);
#631=VECTOR('',#3482,1.);
#632=VECTOR('',#3483,1.);
#633=VECTOR('',#3484,1.);
#634=VECTOR('',#3485,1.);
#635=VECTOR('',#3486,1.);
#636=VECTOR('',#3487,1.);
#637=VECTOR('',#3492,1.);
#638=VECTOR('',#3493,1.);
#639=VECTOR('',#3498,1.);
#640=VECTOR('',#3499,1.);
#641=VECTOR('',#3500,1.);
#642=VECTOR('',#3501,1.);
#643=VECTOR('',#3502,1.);
#644=VECTOR('',#3503,1.);
#645=VECTOR('',#3504,1.);
#646=VECTOR('',#3505,1.);
#647=VECTOR('',#3506,1.);
#648=VECTOR('',#3507,1.);
#649=VECTOR('',#3508,1.);
#650=VECTOR('',#3509,1.);
#651=VECTOR('',#3510,1.);
#652=VECTOR('',#3513,1.);
#653=VECTOR('',#3514,1.);
#654=VECTOR('',#3517,1.);
#655=VECTOR('',#3518,1.);
#656=VECTOR('',#3521,1.);
#657=VECTOR('',#3522,1.);
#658=VECTOR('',#3525,1.);
#659=VECTOR('',#3526,1.);
#660=VECTOR('',#3529,1.);
#661=VECTOR('',#3530,1.);
#662=VECTOR('',#3533,1.);
#663=VECTOR('',#3536,1.);
#664=VECTOR('',#3539,1.);
#665=VECTOR('',#3540,1.);
#666=VECTOR('',#3541,1.);
#667=VECTOR('',#3542,1.);
#668=VECTOR('',#3543,1.);
#669=VECTOR('',#3544,1.);
#670=VECTOR('',#3545,1.);
#671=VECTOR('',#3546,1.);
#672=VECTOR('',#3547,1.);
#673=VECTOR('',#3548,1.);
#674=VECTOR('',#3549,1.);
#675=VECTOR('',#3550,1.);
#676=VECTOR('',#3551,1.);
#677=VECTOR('',#3552,1.);
#678=VECTOR('',#3553,1.);
#679=VECTOR('',#3554,1.);
#680=VECTOR('',#3555,1.);
#681=VECTOR('',#3556,1.);
#682=VECTOR('',#3557,1.);
#683=VECTOR('',#3558,1.);
#684=VECTOR('',#3565,1.);
#685=VECTOR('',#3566,1.);
#686=VECTOR('',#3567,1.);
#687=VECTOR('',#3570,1.);
#688=VECTOR('',#3571,1.);
#689=VECTOR('',#3574,1.);
#690=VECTOR('',#3575,1.);
#691=VECTOR('',#3578,1.);
#692=VECTOR('',#3579,1.);
#693=VECTOR('',#3582,1.);
#694=VECTOR('',#3583,1.);
#695=VECTOR('',#3586,1.);
#696=VECTOR('',#3587,1.);
#697=VECTOR('',#3590,1.);
#698=VECTOR('',#3591,1.);
#699=VECTOR('',#3594,1.);
#700=VECTOR('',#3595,1.);
#701=VECTOR('',#3598,1.);
#702=VECTOR('',#3599,1.);
#703=VECTOR('',#3602,1.);
#704=VECTOR('',#3603,1.);
#705=VECTOR('',#3606,1.);
#706=VECTOR('',#3613,1.);
#707=VECTOR('',#3614,1.);
#708=VECTOR('',#3617,1.);
#709=VECTOR('',#3620,1.);
#710=VECTOR('',#3623,1.);
#711=VECTOR('',#3626,1.);
#712=ORIENTED_EDGE('',*,*,#1502,.F.);
#713=ORIENTED_EDGE('',*,*,#1503,.F.);
#714=ORIENTED_EDGE('',*,*,#1504,.T.);
#715=ORIENTED_EDGE('',*,*,#1505,.F.);
#716=ORIENTED_EDGE('',*,*,#1506,.F.);
#717=ORIENTED_EDGE('',*,*,#1507,.F.);
#718=ORIENTED_EDGE('',*,*,#1508,.F.);
#719=ORIENTED_EDGE('',*,*,#1509,.F.);
#720=ORIENTED_EDGE('',*,*,#1510,.T.);
#721=ORIENTED_EDGE('',*,*,#1511,.F.);
#722=ORIENTED_EDGE('',*,*,#1512,.F.);
#723=ORIENTED_EDGE('',*,*,#1506,.T.);
#724=ORIENTED_EDGE('',*,*,#1513,.F.);
#725=ORIENTED_EDGE('',*,*,#1514,.F.);
#726=ORIENTED_EDGE('',*,*,#1515,.F.);
#727=ORIENTED_EDGE('',*,*,#1516,.F.);
#728=ORIENTED_EDGE('',*,*,#1517,.F.);
#729=ORIENTED_EDGE('',*,*,#1518,.F.);
#730=ORIENTED_EDGE('',*,*,#1519,.F.);
#731=ORIENTED_EDGE('',*,*,#1520,.F.);
#732=ORIENTED_EDGE('',*,*,#1521,.F.);
#733=ORIENTED_EDGE('',*,*,#1508,.T.);
#734=ORIENTED_EDGE('',*,*,#1522,.F.);
#735=ORIENTED_EDGE('',*,*,#1523,.F.);
#736=ORIENTED_EDGE('',*,*,#1524,.T.);
#737=ORIENTED_EDGE('',*,*,#1525,.F.);
#738=ORIENTED_EDGE('',*,*,#1526,.F.);
#739=ORIENTED_EDGE('',*,*,#1527,.F.);
#740=ORIENTED_EDGE('',*,*,#1528,.F.);
#741=ORIENTED_EDGE('',*,*,#1529,.F.);
#742=ORIENTED_EDGE('',*,*,#1530,.T.);
#743=ORIENTED_EDGE('',*,*,#1531,.F.);
#744=ORIENTED_EDGE('',*,*,#1532,.F.);
#745=ORIENTED_EDGE('',*,*,#1533,.F.);
#746=ORIENTED_EDGE('',*,*,#1534,.T.);
#747=ORIENTED_EDGE('',*,*,#1535,.T.);
#748=ORIENTED_EDGE('',*,*,#1509,.T.);
#749=ORIENTED_EDGE('',*,*,#1536,.F.);
#750=ORIENTED_EDGE('',*,*,#1537,.T.);
#751=ORIENTED_EDGE('',*,*,#1538,.T.);
#752=ORIENTED_EDGE('',*,*,#1505,.T.);
#753=ORIENTED_EDGE('',*,*,#1539,.T.);
#754=ORIENTED_EDGE('',*,*,#1540,.T.);
#755=ORIENTED_EDGE('',*,*,#1541,.F.);
#756=ORIENTED_EDGE('',*,*,#1542,.F.);
#757=ORIENTED_EDGE('',*,*,#1543,.T.);
#758=ORIENTED_EDGE('',*,*,#1536,.T.);
#759=ORIENTED_EDGE('',*,*,#1521,.T.);
#760=ORIENTED_EDGE('',*,*,#1544,.F.);
#761=ORIENTED_EDGE('',*,*,#1545,.F.);
#762=ORIENTED_EDGE('',*,*,#1546,.F.);
#763=ORIENTED_EDGE('',*,*,#1547,.F.);
#764=ORIENTED_EDGE('',*,*,#1544,.T.);
#765=ORIENTED_EDGE('',*,*,#1548,.T.);
#766=ORIENTED_EDGE('',*,*,#1549,.F.);
#767=ORIENTED_EDGE('',*,*,#1550,.T.);
#768=ORIENTED_EDGE('',*,*,#1549,.T.);
#769=ORIENTED_EDGE('',*,*,#1513,.T.);
#770=ORIENTED_EDGE('',*,*,#1543,.F.);
#771=ORIENTED_EDGE('',*,*,#1551,.T.);
#772=ORIENTED_EDGE('',*,*,#1541,.T.);
#773=ORIENTED_EDGE('',*,*,#1552,.T.);
#774=ORIENTED_EDGE('',*,*,#1553,.F.);
#775=ORIENTED_EDGE('',*,*,#1554,.F.);
#776=ORIENTED_EDGE('',*,*,#1553,.T.);
#777=ORIENTED_EDGE('',*,*,#1555,.T.);
#778=ORIENTED_EDGE('',*,*,#1556,.F.);
#779=ORIENTED_EDGE('',*,*,#1557,.F.);
#780=ORIENTED_EDGE('',*,*,#1556,.T.);
#781=ORIENTED_EDGE('',*,*,#1558,.T.);
#782=ORIENTED_EDGE('',*,*,#1559,.T.);
#783=ORIENTED_EDGE('',*,*,#1560,.T.);
#784=ORIENTED_EDGE('',*,*,#1561,.T.);
#785=ORIENTED_EDGE('',*,*,#1562,.F.);
#786=ORIENTED_EDGE('',*,*,#1563,.F.);
#787=ORIENTED_EDGE('',*,*,#1564,.F.);
#788=ORIENTED_EDGE('',*,*,#1562,.T.);
#789=ORIENTED_EDGE('',*,*,#1565,.T.);
#790=ORIENTED_EDGE('',*,*,#1566,.F.);
#791=ORIENTED_EDGE('',*,*,#1567,.F.);
#792=ORIENTED_EDGE('',*,*,#1566,.T.);
#793=ORIENTED_EDGE('',*,*,#1568,.T.);
#794=ORIENTED_EDGE('',*,*,#1569,.F.);
#795=ORIENTED_EDGE('',*,*,#1570,.T.);
#796=ORIENTED_EDGE('',*,*,#1571,.T.);
#797=ORIENTED_EDGE('',*,*,#1572,.T.);
#798=ORIENTED_EDGE('',*,*,#1573,.T.);
#799=ORIENTED_EDGE('',*,*,#1574,.T.);
#800=ORIENTED_EDGE('',*,*,#1575,.T.);
#801=ORIENTED_EDGE('',*,*,#1576,.T.);
#802=ORIENTED_EDGE('',*,*,#1577,.T.);
#803=ORIENTED_EDGE('',*,*,#1578,.T.);
#804=ORIENTED_EDGE('',*,*,#1579,.T.);
#805=ORIENTED_EDGE('',*,*,#1580,.T.);
#806=ORIENTED_EDGE('',*,*,#1581,.T.);
#807=ORIENTED_EDGE('',*,*,#1582,.F.);
#808=ORIENTED_EDGE('',*,*,#1569,.T.);
#809=ORIENTED_EDGE('',*,*,#1583,.T.);
#810=ORIENTED_EDGE('',*,*,#1584,.F.);
#811=ORIENTED_EDGE('',*,*,#1585,.F.);
#812=ORIENTED_EDGE('',*,*,#1586,.T.);
#813=ORIENTED_EDGE('',*,*,#1584,.T.);
#814=ORIENTED_EDGE('',*,*,#1587,.F.);
#815=ORIENTED_EDGE('',*,*,#1588,.F.);
#816=ORIENTED_EDGE('',*,*,#1589,.T.);
#817=ORIENTED_EDGE('',*,*,#1585,.T.);
#818=ORIENTED_EDGE('',*,*,#1590,.F.);
#819=ORIENTED_EDGE('',*,*,#1591,.F.);
#820=ORIENTED_EDGE('',*,*,#1592,.T.);
#821=ORIENTED_EDGE('',*,*,#1593,.F.);
#822=ORIENTED_EDGE('',*,*,#1594,.T.);
#823=ORIENTED_EDGE('',*,*,#1588,.T.);
#824=ORIENTED_EDGE('',*,*,#1595,.F.);
#825=ORIENTED_EDGE('',*,*,#1596,.T.);
#826=ORIENTED_EDGE('',*,*,#1593,.T.);
#827=ORIENTED_EDGE('',*,*,#1597,.T.);
#828=ORIENTED_EDGE('',*,*,#1598,.F.);
#829=ORIENTED_EDGE('',*,*,#1599,.T.);
#830=ORIENTED_EDGE('',*,*,#1598,.T.);
#831=ORIENTED_EDGE('',*,*,#1600,.T.);
#832=ORIENTED_EDGE('',*,*,#1538,.F.);
#833=ORIENTED_EDGE('',*,*,#1601,.T.);
#834=ORIENTED_EDGE('',*,*,#1537,.F.);
#835=ORIENTED_EDGE('',*,*,#1545,.T.);
#836=ORIENTED_EDGE('',*,*,#1550,.F.);
#837=ORIENTED_EDGE('',*,*,#1551,.F.);
#838=ORIENTED_EDGE('',*,*,#1542,.T.);
#839=ORIENTED_EDGE('',*,*,#1554,.T.);
#840=ORIENTED_EDGE('',*,*,#1557,.T.);
#841=ORIENTED_EDGE('',*,*,#1563,.T.);
#842=ORIENTED_EDGE('',*,*,#1564,.T.);
#843=ORIENTED_EDGE('',*,*,#1567,.T.);
#844=ORIENTED_EDGE('',*,*,#1582,.T.);
#845=ORIENTED_EDGE('',*,*,#1586,.F.);
#846=ORIENTED_EDGE('',*,*,#1589,.F.);
#847=ORIENTED_EDGE('',*,*,#1594,.F.);
#848=ORIENTED_EDGE('',*,*,#1599,.F.);
#849=ORIENTED_EDGE('',*,*,#1601,.F.);
#850=ORIENTED_EDGE('',*,*,#1602,.F.);
#851=ORIENTED_EDGE('',*,*,#1603,.F.);
#852=ORIENTED_EDGE('',*,*,#1604,.T.);
#853=ORIENTED_EDGE('',*,*,#1577,.F.);
#854=ORIENTED_EDGE('',*,*,#1605,.F.);
#855=ORIENTED_EDGE('',*,*,#1606,.F.);
#856=ORIENTED_EDGE('',*,*,#1602,.T.);
#857=ORIENTED_EDGE('',*,*,#1576,.F.);
#858=ORIENTED_EDGE('',*,*,#1607,.F.);
#859=ORIENTED_EDGE('',*,*,#1608,.F.);
#860=ORIENTED_EDGE('',*,*,#1605,.T.);
#861=ORIENTED_EDGE('',*,*,#1581,.F.);
#862=ORIENTED_EDGE('',*,*,#1604,.F.);
#863=ORIENTED_EDGE('',*,*,#1609,.F.);
#864=ORIENTED_EDGE('',*,*,#1610,.T.);
#865=ORIENTED_EDGE('',*,*,#1578,.F.);
#866=ORIENTED_EDGE('',*,*,#1611,.F.);
#867=ORIENTED_EDGE('',*,*,#1612,.F.);
#868=ORIENTED_EDGE('',*,*,#1607,.T.);
#869=ORIENTED_EDGE('',*,*,#1580,.F.);
#870=ORIENTED_EDGE('',*,*,#1610,.F.);
#871=ORIENTED_EDGE('',*,*,#1613,.F.);
#872=ORIENTED_EDGE('',*,*,#1611,.T.);
#873=ORIENTED_EDGE('',*,*,#1579,.F.);
#874=ORIENTED_EDGE('',*,*,#1614,.T.);
#875=ORIENTED_EDGE('',*,*,#1609,.T.);
#876=ORIENTED_EDGE('',*,*,#1603,.T.);
#877=ORIENTED_EDGE('',*,*,#1606,.T.);
#878=ORIENTED_EDGE('',*,*,#1608,.T.);
#879=ORIENTED_EDGE('',*,*,#1612,.T.);
#880=ORIENTED_EDGE('',*,*,#1613,.T.);
#881=ORIENTED_EDGE('',*,*,#1615,.F.);
#882=ORIENTED_EDGE('',*,*,#1616,.F.);
#883=ORIENTED_EDGE('',*,*,#1617,.T.);
#884=ORIENTED_EDGE('',*,*,#1571,.F.);
#885=ORIENTED_EDGE('',*,*,#1618,.F.);
#886=ORIENTED_EDGE('',*,*,#1619,.F.);
#887=ORIENTED_EDGE('',*,*,#1615,.T.);
#888=ORIENTED_EDGE('',*,*,#1570,.F.);
#889=ORIENTED_EDGE('',*,*,#1620,.F.);
#890=ORIENTED_EDGE('',*,*,#1621,.F.);
#891=ORIENTED_EDGE('',*,*,#1618,.T.);
#892=ORIENTED_EDGE('',*,*,#1575,.F.);
#893=ORIENTED_EDGE('',*,*,#1617,.F.);
#894=ORIENTED_EDGE('',*,*,#1622,.F.);
#895=ORIENTED_EDGE('',*,*,#1623,.T.);
#896=ORIENTED_EDGE('',*,*,#1572,.F.);
#897=ORIENTED_EDGE('',*,*,#1624,.F.);
#898=ORIENTED_EDGE('',*,*,#1625,.F.);
#899=ORIENTED_EDGE('',*,*,#1620,.T.);
#900=ORIENTED_EDGE('',*,*,#1574,.F.);
#901=ORIENTED_EDGE('',*,*,#1623,.F.);
#902=ORIENTED_EDGE('',*,*,#1626,.F.);
#903=ORIENTED_EDGE('',*,*,#1624,.T.);
#904=ORIENTED_EDGE('',*,*,#1573,.F.);
#905=ORIENTED_EDGE('',*,*,#1627,.T.);
#906=ORIENTED_EDGE('',*,*,#1622,.T.);
#907=ORIENTED_EDGE('',*,*,#1616,.T.);
#908=ORIENTED_EDGE('',*,*,#1619,.T.);
#909=ORIENTED_EDGE('',*,*,#1621,.T.);
#910=ORIENTED_EDGE('',*,*,#1625,.T.);
#911=ORIENTED_EDGE('',*,*,#1626,.T.);
#912=ORIENTED_EDGE('',*,*,#1546,.T.);
#913=ORIENTED_EDGE('',*,*,#1627,.F.);
#914=ORIENTED_EDGE('',*,*,#1547,.T.);
#915=ORIENTED_EDGE('',*,*,#1614,.F.);
#916=ORIENTED_EDGE('',*,*,#1628,.T.);
#917=ORIENTED_EDGE('',*,*,#1629,.F.);
#918=ORIENTED_EDGE('',*,*,#1630,.F.);
#919=ORIENTED_EDGE('',*,*,#1631,.T.);
#920=ORIENTED_EDGE('',*,*,#1632,.F.);
#921=ORIENTED_EDGE('',*,*,#1631,.F.);
#922=ORIENTED_EDGE('',*,*,#1633,.T.);
#923=ORIENTED_EDGE('',*,*,#1634,.T.);
#924=ORIENTED_EDGE('',*,*,#1635,.T.);
#925=ORIENTED_EDGE('',*,*,#1515,.T.);
#926=ORIENTED_EDGE('',*,*,#1636,.T.);
#927=ORIENTED_EDGE('',*,*,#1519,.T.);
#928=ORIENTED_EDGE('',*,*,#1637,.T.);
#929=ORIENTED_EDGE('',*,*,#1634,.F.);
#930=ORIENTED_EDGE('',*,*,#1638,.F.);
#931=ORIENTED_EDGE('',*,*,#1639,.T.);
#932=ORIENTED_EDGE('',*,*,#1640,.F.);
#933=ORIENTED_EDGE('',*,*,#1639,.F.);
#934=ORIENTED_EDGE('',*,*,#1641,.T.);
#935=ORIENTED_EDGE('',*,*,#1642,.T.);
#936=ORIENTED_EDGE('',*,*,#1643,.T.);
#937=ORIENTED_EDGE('',*,*,#1642,.F.);
#938=ORIENTED_EDGE('',*,*,#1644,.F.);
#939=ORIENTED_EDGE('',*,*,#1645,.T.);
#940=ORIENTED_EDGE('',*,*,#1646,.F.);
#941=ORIENTED_EDGE('',*,*,#1645,.F.);
#942=ORIENTED_EDGE('',*,*,#1647,.T.);
#943=ORIENTED_EDGE('',*,*,#1648,.T.);
#944=ORIENTED_EDGE('',*,*,#1649,.T.);
#945=ORIENTED_EDGE('',*,*,#1648,.F.);
#946=ORIENTED_EDGE('',*,*,#1650,.F.);
#947=ORIENTED_EDGE('',*,*,#1651,.T.);
#948=ORIENTED_EDGE('',*,*,#1652,.F.);
#949=ORIENTED_EDGE('',*,*,#1651,.F.);
#950=ORIENTED_EDGE('',*,*,#1653,.T.);
#951=ORIENTED_EDGE('',*,*,#1629,.T.);
#952=ORIENTED_EDGE('',*,*,#1654,.F.);
#953=ORIENTED_EDGE('',*,*,#1655,.T.);
#954=ORIENTED_EDGE('',*,*,#1656,.F.);
#955=ORIENTED_EDGE('',*,*,#1657,.F.);
#956=ORIENTED_EDGE('',*,*,#1658,.F.);
#957=ORIENTED_EDGE('',*,*,#1659,.F.);
#958=ORIENTED_EDGE('',*,*,#1630,.T.);
#959=ORIENTED_EDGE('',*,*,#1653,.F.);
#960=ORIENTED_EDGE('',*,*,#1650,.T.);
#961=ORIENTED_EDGE('',*,*,#1647,.F.);
#962=ORIENTED_EDGE('',*,*,#1644,.T.);
#963=ORIENTED_EDGE('',*,*,#1641,.F.);
#964=ORIENTED_EDGE('',*,*,#1638,.T.);
#965=ORIENTED_EDGE('',*,*,#1633,.F.);
#966=ORIENTED_EDGE('',*,*,#1654,.T.);
#967=ORIENTED_EDGE('',*,*,#1518,.T.);
#968=ORIENTED_EDGE('',*,*,#1660,.T.);
#969=ORIENTED_EDGE('',*,*,#1511,.T.);
#970=ORIENTED_EDGE('',*,*,#1661,.T.);
#971=ORIENTED_EDGE('',*,*,#1662,.T.);
#972=ORIENTED_EDGE('',*,*,#1529,.T.);
#973=ORIENTED_EDGE('',*,*,#1663,.T.);
#974=ORIENTED_EDGE('',*,*,#1533,.T.);
#975=ORIENTED_EDGE('',*,*,#1664,.T.);
#976=ORIENTED_EDGE('',*,*,#1595,.T.);
#977=ORIENTED_EDGE('',*,*,#1590,.T.);
#978=ORIENTED_EDGE('',*,*,#1587,.T.);
#979=ORIENTED_EDGE('',*,*,#1583,.F.);
#980=ORIENTED_EDGE('',*,*,#1568,.F.);
#981=ORIENTED_EDGE('',*,*,#1565,.F.);
#982=ORIENTED_EDGE('',*,*,#1561,.F.);
#983=ORIENTED_EDGE('',*,*,#1665,.T.);
#984=ORIENTED_EDGE('',*,*,#1523,.T.);
#985=ORIENTED_EDGE('',*,*,#1666,.T.);
#986=ORIENTED_EDGE('',*,*,#1527,.T.);
#987=ORIENTED_EDGE('',*,*,#1667,.T.);
#988=ORIENTED_EDGE('',*,*,#1668,.T.);
#989=ORIENTED_EDGE('',*,*,#1503,.T.);
#990=ORIENTED_EDGE('',*,*,#1669,.T.);
#991=ORIENTED_EDGE('',*,*,#1516,.T.);
#992=ORIENTED_EDGE('',*,*,#1635,.F.);
#993=ORIENTED_EDGE('',*,*,#1640,.T.);
#994=ORIENTED_EDGE('',*,*,#1643,.F.);
#995=ORIENTED_EDGE('',*,*,#1646,.T.);
#996=ORIENTED_EDGE('',*,*,#1649,.F.);
#997=ORIENTED_EDGE('',*,*,#1652,.T.);
#998=ORIENTED_EDGE('',*,*,#1628,.F.);
#999=ORIENTED_EDGE('',*,*,#1632,.T.);
#1000=ORIENTED_EDGE('',*,*,#1637,.F.);
#1001=ORIENTED_EDGE('',*,*,#1670,.T.);
#1002=ORIENTED_EDGE('',*,*,#1655,.F.);
#1003=ORIENTED_EDGE('',*,*,#1671,.T.);
#1004=ORIENTED_EDGE('',*,*,#1672,.T.);
#1005=ORIENTED_EDGE('',*,*,#1673,.T.);
#1006=ORIENTED_EDGE('',*,*,#1671,.F.);
#1007=ORIENTED_EDGE('',*,*,#1659,.T.);
#1008=ORIENTED_EDGE('',*,*,#1670,.F.);
#1009=ORIENTED_EDGE('',*,*,#1658,.T.);
#1010=ORIENTED_EDGE('',*,*,#1673,.F.);
#1011=ORIENTED_EDGE('',*,*,#1657,.T.);
#1012=ORIENTED_EDGE('',*,*,#1672,.F.);
#1013=ORIENTED_EDGE('',*,*,#1656,.T.);
#1014=ORIENTED_EDGE('',*,*,#1514,.T.);
#1015=ORIENTED_EDGE('',*,*,#1548,.F.);
#1016=ORIENTED_EDGE('',*,*,#1520,.T.);
#1017=ORIENTED_EDGE('',*,*,#1636,.F.);
#1018=ORIENTED_EDGE('',*,*,#1674,.T.);
#1019=ORIENTED_EDGE('',*,*,#1675,.T.);
#1020=ORIENTED_EDGE('',*,*,#1676,.T.);
#1021=ORIENTED_EDGE('',*,*,#1677,.F.);
#1022=ORIENTED_EDGE('',*,*,#1677,.T.);
#1023=ORIENTED_EDGE('',*,*,#1678,.T.);
#1024=ORIENTED_EDGE('',*,*,#1679,.F.);
#1025=ORIENTED_EDGE('',*,*,#1680,.T.);
#1026=ORIENTED_EDGE('',*,*,#1681,.T.);
#1027=ORIENTED_EDGE('',*,*,#1682,.T.);
#1028=ORIENTED_EDGE('',*,*,#1559,.F.);
#1029=ORIENTED_EDGE('',*,*,#1683,.T.);
#1030=ORIENTED_EDGE('',*,*,#1679,.T.);
#1031=ORIENTED_EDGE('',*,*,#1525,.T.);
#1032=ORIENTED_EDGE('',*,*,#1681,.F.);
#1033=ORIENTED_EDGE('',*,*,#1684,.T.);
#1034=ORIENTED_EDGE('',*,*,#1685,.T.);
#1035=ORIENTED_EDGE('',*,*,#1686,.T.);
#1036=ORIENTED_EDGE('',*,*,#1687,.T.);
#1037=ORIENTED_EDGE('',*,*,#1688,.T.);
#1038=ORIENTED_EDGE('',*,*,#1689,.T.);
#1039=ORIENTED_EDGE('',*,*,#1690,.T.);
#1040=ORIENTED_EDGE('',*,*,#1688,.F.);
#1041=ORIENTED_EDGE('',*,*,#1691,.T.);
#1042=ORIENTED_EDGE('',*,*,#1591,.T.);
#1043=ORIENTED_EDGE('',*,*,#1692,.T.);
#1044=ORIENTED_EDGE('',*,*,#1693,.F.);
#1045=ORIENTED_EDGE('',*,*,#1694,.T.);
#1046=ORIENTED_EDGE('',*,*,#1693,.T.);
#1047=ORIENTED_EDGE('',*,*,#1531,.T.);
#1048=ORIENTED_EDGE('',*,*,#1689,.F.);
#1049=ORIENTED_EDGE('',*,*,#1695,.T.);
#1050=ORIENTED_EDGE('',*,*,#1691,.F.);
#1051=ORIENTED_EDGE('',*,*,#1687,.F.);
#1052=ORIENTED_EDGE('',*,*,#1696,.T.);
#1053=ORIENTED_EDGE('',*,*,#1534,.F.);
#1054=ORIENTED_EDGE('',*,*,#1697,.F.);
#1055=ORIENTED_EDGE('',*,*,#1695,.F.);
#1056=ORIENTED_EDGE('',*,*,#1697,.T.);
#1057=ORIENTED_EDGE('',*,*,#1600,.F.);
#1058=ORIENTED_EDGE('',*,*,#1698,.F.);
#1059=ORIENTED_EDGE('',*,*,#1694,.F.);
#1060=ORIENTED_EDGE('',*,*,#1698,.T.);
#1061=ORIENTED_EDGE('',*,*,#1597,.F.);
#1062=ORIENTED_EDGE('',*,*,#1592,.F.);
#1063=ORIENTED_EDGE('',*,*,#1674,.F.);
#1064=ORIENTED_EDGE('',*,*,#1680,.F.);
#1065=ORIENTED_EDGE('',*,*,#1699,.F.);
#1066=ORIENTED_EDGE('',*,*,#1540,.F.);
#1067=ORIENTED_EDGE('',*,*,#1700,.T.);
#1068=ORIENTED_EDGE('',*,*,#1699,.T.);
#1069=ORIENTED_EDGE('',*,*,#1684,.F.);
#1070=ORIENTED_EDGE('',*,*,#1701,.F.);
#1071=ORIENTED_EDGE('',*,*,#1552,.F.);
#1072=ORIENTED_EDGE('',*,*,#1683,.F.);
#1073=ORIENTED_EDGE('',*,*,#1558,.F.);
#1074=ORIENTED_EDGE('',*,*,#1555,.F.);
#1075=ORIENTED_EDGE('',*,*,#1701,.T.);
#1076=ORIENTED_EDGE('',*,*,#1560,.F.);
#1077=ORIENTED_EDGE('',*,*,#1682,.F.);
#1078=ORIENTED_EDGE('',*,*,#1524,.F.);
#1079=ORIENTED_EDGE('',*,*,#1665,.F.);
#1080=ORIENTED_EDGE('',*,*,#1526,.T.);
#1081=ORIENTED_EDGE('',*,*,#1678,.F.);
#1082=ORIENTED_EDGE('',*,*,#1702,.F.);
#1083=ORIENTED_EDGE('',*,*,#1667,.F.);
#1084=ORIENTED_EDGE('',*,*,#1703,.F.);
#1085=ORIENTED_EDGE('',*,*,#1668,.F.);
#1086=ORIENTED_EDGE('',*,*,#1702,.T.);
#1087=ORIENTED_EDGE('',*,*,#1676,.F.);
#1088=ORIENTED_EDGE('',*,*,#1504,.F.);
#1089=ORIENTED_EDGE('',*,*,#1703,.T.);
#1090=ORIENTED_EDGE('',*,*,#1704,.F.);
#1091=ORIENTED_EDGE('',*,*,#1700,.F.);
#1092=ORIENTED_EDGE('',*,*,#1539,.F.);
#1093=ORIENTED_EDGE('',*,*,#1704,.T.);
#1094=ORIENTED_EDGE('',*,*,#1675,.F.);
#1095=ORIENTED_EDGE('',*,*,#1705,.F.);
#1096=ORIENTED_EDGE('',*,*,#1535,.F.);
#1097=ORIENTED_EDGE('',*,*,#1696,.F.);
#1098=ORIENTED_EDGE('',*,*,#1686,.F.);
#1099=ORIENTED_EDGE('',*,*,#1510,.F.);
#1100=ORIENTED_EDGE('',*,*,#1705,.T.);
#1101=ORIENTED_EDGE('',*,*,#1706,.F.);
#1102=ORIENTED_EDGE('',*,*,#1706,.T.);
#1103=ORIENTED_EDGE('',*,*,#1685,.F.);
#1104=ORIENTED_EDGE('',*,*,#1707,.F.);
#1105=ORIENTED_EDGE('',*,*,#1661,.F.);
#1106=ORIENTED_EDGE('',*,*,#1707,.T.);
#1107=ORIENTED_EDGE('',*,*,#1690,.F.);
#1108=ORIENTED_EDGE('',*,*,#1530,.F.);
#1109=ORIENTED_EDGE('',*,*,#1662,.F.);
#1110=ORIENTED_EDGE('',*,*,#1532,.T.);
#1111=ORIENTED_EDGE('',*,*,#1692,.F.);
#1112=ORIENTED_EDGE('',*,*,#1596,.F.);
#1113=ORIENTED_EDGE('',*,*,#1664,.F.);
#1114=ORIENTED_EDGE('',*,*,#1528,.T.);
#1115=ORIENTED_EDGE('',*,*,#1663,.F.);
#1116=ORIENTED_EDGE('',*,*,#1522,.T.);
#1117=ORIENTED_EDGE('',*,*,#1666,.F.);
#1118=ORIENTED_EDGE('',*,*,#1507,.T.);
#1119=ORIENTED_EDGE('',*,*,#1660,.F.);
#1120=ORIENTED_EDGE('',*,*,#1517,.T.);
#1121=ORIENTED_EDGE('',*,*,#1502,.T.);
#1122=ORIENTED_EDGE('',*,*,#1512,.T.);
#1123=ORIENTED_EDGE('',*,*,#1669,.F.);
#1124=ORIENTED_EDGE('',*,*,#1708,.F.);
#1125=ORIENTED_EDGE('',*,*,#1709,.F.);
#1126=ORIENTED_EDGE('',*,*,#1710,.F.);
#1127=ORIENTED_EDGE('',*,*,#1711,.F.);
#1128=ORIENTED_EDGE('',*,*,#1712,.F.);
#1129=ORIENTED_EDGE('',*,*,#1713,.F.);
#1130=ORIENTED_EDGE('',*,*,#1714,.F.);
#1131=ORIENTED_EDGE('',*,*,#1715,.F.);
#1132=ORIENTED_EDGE('',*,*,#1716,.F.);
#1133=ORIENTED_EDGE('',*,*,#1717,.F.);
#1134=ORIENTED_EDGE('',*,*,#1718,.F.);
#1135=ORIENTED_EDGE('',*,*,#1719,.T.);
#1136=ORIENTED_EDGE('',*,*,#1720,.F.);
#1137=ORIENTED_EDGE('',*,*,#1721,.T.);
#1138=ORIENTED_EDGE('',*,*,#1722,.T.);
#1139=ORIENTED_EDGE('',*,*,#1723,.T.);
#1140=ORIENTED_EDGE('',*,*,#1724,.T.);
#1141=ORIENTED_EDGE('',*,*,#1725,.F.);
#1142=ORIENTED_EDGE('',*,*,#1726,.F.);
#1143=ORIENTED_EDGE('',*,*,#1727,.T.);
#1144=ORIENTED_EDGE('',*,*,#1728,.T.);
#1145=ORIENTED_EDGE('',*,*,#1729,.T.);
#1146=ORIENTED_EDGE('',*,*,#1730,.T.);
#1147=ORIENTED_EDGE('',*,*,#1731,.T.);
#1148=ORIENTED_EDGE('',*,*,#1732,.T.);
#1149=ORIENTED_EDGE('',*,*,#1733,.T.);
#1150=ORIENTED_EDGE('',*,*,#1734,.F.);
#1151=ORIENTED_EDGE('',*,*,#1735,.T.);
#1152=ORIENTED_EDGE('',*,*,#1736,.T.);
#1153=ORIENTED_EDGE('',*,*,#1737,.T.);
#1154=ORIENTED_EDGE('',*,*,#1738,.T.);
#1155=ORIENTED_EDGE('',*,*,#1739,.T.);
#1156=ORIENTED_EDGE('',*,*,#1740,.T.);
#1157=ORIENTED_EDGE('',*,*,#1741,.T.);
#1158=ORIENTED_EDGE('',*,*,#1742,.F.);
#1159=ORIENTED_EDGE('',*,*,#1743,.F.);
#1160=ORIENTED_EDGE('',*,*,#1744,.F.);
#1161=ORIENTED_EDGE('',*,*,#1745,.F.);
#1162=ORIENTED_EDGE('',*,*,#1746,.F.);
#1163=ORIENTED_EDGE('',*,*,#1747,.T.);
#1164=ORIENTED_EDGE('',*,*,#1748,.T.);
#1165=ORIENTED_EDGE('',*,*,#1749,.T.);
#1166=ORIENTED_EDGE('',*,*,#1750,.T.);
#1167=ORIENTED_EDGE('',*,*,#1751,.T.);
#1168=ORIENTED_EDGE('',*,*,#1752,.T.);
#1169=ORIENTED_EDGE('',*,*,#1753,.T.);
#1170=ORIENTED_EDGE('',*,*,#1754,.T.);
#1171=ORIENTED_EDGE('',*,*,#1755,.T.);
#1172=ORIENTED_EDGE('',*,*,#1756,.T.);
#1173=ORIENTED_EDGE('',*,*,#1757,.F.);
#1174=ORIENTED_EDGE('',*,*,#1720,.T.);
#1175=ORIENTED_EDGE('',*,*,#1757,.T.);
#1176=ORIENTED_EDGE('',*,*,#1758,.T.);
#1177=ORIENTED_EDGE('',*,*,#1759,.F.);
#1178=ORIENTED_EDGE('',*,*,#1721,.F.);
#1179=ORIENTED_EDGE('',*,*,#1759,.T.);
#1180=ORIENTED_EDGE('',*,*,#1760,.T.);
#1181=ORIENTED_EDGE('',*,*,#1761,.F.);
#1182=ORIENTED_EDGE('',*,*,#1722,.F.);
#1183=ORIENTED_EDGE('',*,*,#1761,.T.);
#1184=ORIENTED_EDGE('',*,*,#1762,.T.);
#1185=ORIENTED_EDGE('',*,*,#1763,.F.);
#1186=ORIENTED_EDGE('',*,*,#1723,.F.);
#1187=ORIENTED_EDGE('',*,*,#1763,.T.);
#1188=ORIENTED_EDGE('',*,*,#1764,.T.);
#1189=ORIENTED_EDGE('',*,*,#1765,.F.);
#1190=ORIENTED_EDGE('',*,*,#1724,.F.);
#1191=ORIENTED_EDGE('',*,*,#1765,.T.);
#1192=ORIENTED_EDGE('',*,*,#1766,.T.);
#1193=ORIENTED_EDGE('',*,*,#1755,.F.);
#1194=ORIENTED_EDGE('',*,*,#1725,.T.);
#1195=ORIENTED_EDGE('',*,*,#1767,.T.);
#1196=ORIENTED_EDGE('',*,*,#1768,.T.);
#1197=ORIENTED_EDGE('',*,*,#1769,.T.);
#1198=ORIENTED_EDGE('',*,*,#1770,.T.);
#1199=ORIENTED_EDGE('',*,*,#1771,.T.);
#1200=ORIENTED_EDGE('',*,*,#1772,.T.);
#1201=ORIENTED_EDGE('',*,*,#1773,.T.);
#1202=ORIENTED_EDGE('',*,*,#1774,.T.);
#1203=ORIENTED_EDGE('',*,*,#1719,.F.);
#1204=ORIENTED_EDGE('',*,*,#1775,.F.);
#1205=ORIENTED_EDGE('',*,*,#1776,.T.);
#1206=ORIENTED_EDGE('',*,*,#1777,.T.);
#1207=ORIENTED_EDGE('',*,*,#1727,.F.);
#1208=ORIENTED_EDGE('',*,*,#1778,.F.);
#1209=ORIENTED_EDGE('',*,*,#1779,.T.);
#1210=ORIENTED_EDGE('',*,*,#1780,.T.);
#1211=ORIENTED_EDGE('',*,*,#1741,.F.);
#1212=ORIENTED_EDGE('',*,*,#1781,.F.);
#1213=ORIENTED_EDGE('',*,*,#1782,.T.);
#1214=ORIENTED_EDGE('',*,*,#1778,.T.);
#1215=ORIENTED_EDGE('',*,*,#1740,.F.);
#1216=ORIENTED_EDGE('',*,*,#1783,.F.);
#1217=ORIENTED_EDGE('',*,*,#1784,.T.);
#1218=ORIENTED_EDGE('',*,*,#1781,.T.);
#1219=ORIENTED_EDGE('',*,*,#1739,.F.);
#1220=ORIENTED_EDGE('',*,*,#1785,.F.);
#1221=ORIENTED_EDGE('',*,*,#1786,.T.);
#1222=ORIENTED_EDGE('',*,*,#1783,.T.);
#1223=ORIENTED_EDGE('',*,*,#1738,.F.);
#1224=ORIENTED_EDGE('',*,*,#1787,.F.);
#1225=ORIENTED_EDGE('',*,*,#1788,.T.);
#1226=ORIENTED_EDGE('',*,*,#1785,.T.);
#1227=ORIENTED_EDGE('',*,*,#1737,.F.);
#1228=ORIENTED_EDGE('',*,*,#1789,.F.);
#1229=ORIENTED_EDGE('',*,*,#1790,.T.);
#1230=ORIENTED_EDGE('',*,*,#1787,.T.);
#1231=ORIENTED_EDGE('',*,*,#1736,.F.);
#1232=ORIENTED_EDGE('',*,*,#1791,.F.);
#1233=ORIENTED_EDGE('',*,*,#1792,.T.);
#1234=ORIENTED_EDGE('',*,*,#1789,.T.);
#1235=ORIENTED_EDGE('',*,*,#1735,.F.);
#1236=ORIENTED_EDGE('',*,*,#1793,.F.);
#1237=ORIENTED_EDGE('',*,*,#1794,.T.);
#1238=ORIENTED_EDGE('',*,*,#1795,.T.);
#1239=ORIENTED_EDGE('',*,*,#1733,.F.);
#1240=ORIENTED_EDGE('',*,*,#1796,.F.);
#1241=ORIENTED_EDGE('',*,*,#1797,.T.);
#1242=ORIENTED_EDGE('',*,*,#1793,.T.);
#1243=ORIENTED_EDGE('',*,*,#1732,.F.);
#1244=ORIENTED_EDGE('',*,*,#1798,.F.);
#1245=ORIENTED_EDGE('',*,*,#1799,.T.);
#1246=ORIENTED_EDGE('',*,*,#1796,.T.);
#1247=ORIENTED_EDGE('',*,*,#1731,.F.);
#1248=ORIENTED_EDGE('',*,*,#1800,.F.);
#1249=ORIENTED_EDGE('',*,*,#1801,.T.);
#1250=ORIENTED_EDGE('',*,*,#1798,.T.);
#1251=ORIENTED_EDGE('',*,*,#1730,.F.);
#1252=ORIENTED_EDGE('',*,*,#1802,.F.);
#1253=ORIENTED_EDGE('',*,*,#1803,.T.);
#1254=ORIENTED_EDGE('',*,*,#1800,.T.);
#1255=ORIENTED_EDGE('',*,*,#1729,.F.);
#1256=ORIENTED_EDGE('',*,*,#1777,.F.);
#1257=ORIENTED_EDGE('',*,*,#1804,.T.);
#1258=ORIENTED_EDGE('',*,*,#1802,.T.);
#1259=ORIENTED_EDGE('',*,*,#1728,.F.);
#1260=ORIENTED_EDGE('',*,*,#1726,.T.);
#1261=ORIENTED_EDGE('',*,*,#1805,.F.);
#1262=ORIENTED_EDGE('',*,*,#1806,.T.);
#1263=ORIENTED_EDGE('',*,*,#1775,.T.);
#1264=ORIENTED_EDGE('',*,*,#1746,.T.);
#1265=ORIENTED_EDGE('',*,*,#1807,.F.);
#1266=ORIENTED_EDGE('',*,*,#1808,.T.);
#1267=ORIENTED_EDGE('',*,*,#1805,.T.);
#1268=ORIENTED_EDGE('',*,*,#1745,.T.);
#1269=ORIENTED_EDGE('',*,*,#1809,.F.);
#1270=ORIENTED_EDGE('',*,*,#1810,.T.);
#1271=ORIENTED_EDGE('',*,*,#1807,.T.);
#1272=ORIENTED_EDGE('',*,*,#1744,.T.);
#1273=ORIENTED_EDGE('',*,*,#1811,.F.);
#1274=ORIENTED_EDGE('',*,*,#1812,.T.);
#1275=ORIENTED_EDGE('',*,*,#1809,.T.);
#1276=ORIENTED_EDGE('',*,*,#1743,.T.);
#1277=ORIENTED_EDGE('',*,*,#1813,.F.);
#1278=ORIENTED_EDGE('',*,*,#1814,.T.);
#1279=ORIENTED_EDGE('',*,*,#1811,.T.);
#1280=ORIENTED_EDGE('',*,*,#1742,.T.);
#1281=ORIENTED_EDGE('',*,*,#1780,.F.);
#1282=ORIENTED_EDGE('',*,*,#1815,.T.);
#1283=ORIENTED_EDGE('',*,*,#1813,.T.);
#1284=ORIENTED_EDGE('',*,*,#1734,.T.);
#1285=ORIENTED_EDGE('',*,*,#1795,.F.);
#1286=ORIENTED_EDGE('',*,*,#1816,.T.);
#1287=ORIENTED_EDGE('',*,*,#1791,.T.);
#1288=ORIENTED_EDGE('',*,*,#1803,.F.);
#1289=ORIENTED_EDGE('',*,*,#1804,.F.);
#1290=ORIENTED_EDGE('',*,*,#1776,.F.);
#1291=ORIENTED_EDGE('',*,*,#1806,.F.);
#1292=ORIENTED_EDGE('',*,*,#1808,.F.);
#1293=ORIENTED_EDGE('',*,*,#1810,.F.);
#1294=ORIENTED_EDGE('',*,*,#1812,.F.);
#1295=ORIENTED_EDGE('',*,*,#1814,.F.);
#1296=ORIENTED_EDGE('',*,*,#1815,.F.);
#1297=ORIENTED_EDGE('',*,*,#1779,.F.);
#1298=ORIENTED_EDGE('',*,*,#1782,.F.);
#1299=ORIENTED_EDGE('',*,*,#1784,.F.);
#1300=ORIENTED_EDGE('',*,*,#1786,.F.);
#1301=ORIENTED_EDGE('',*,*,#1788,.F.);
#1302=ORIENTED_EDGE('',*,*,#1790,.F.);
#1303=ORIENTED_EDGE('',*,*,#1792,.F.);
#1304=ORIENTED_EDGE('',*,*,#1816,.F.);
#1305=ORIENTED_EDGE('',*,*,#1794,.F.);
#1306=ORIENTED_EDGE('',*,*,#1797,.F.);
#1307=ORIENTED_EDGE('',*,*,#1799,.F.);
#1308=ORIENTED_EDGE('',*,*,#1801,.F.);
#1309=ORIENTED_EDGE('',*,*,#1817,.F.);
#1310=ORIENTED_EDGE('',*,*,#1818,.T.);
#1311=ORIENTED_EDGE('',*,*,#1819,.T.);
#1312=ORIENTED_EDGE('',*,*,#1748,.F.);
#1313=ORIENTED_EDGE('',*,*,#1820,.F.);
#1314=ORIENTED_EDGE('',*,*,#1821,.T.);
#1315=ORIENTED_EDGE('',*,*,#1817,.T.);
#1316=ORIENTED_EDGE('',*,*,#1747,.F.);
#1317=ORIENTED_EDGE('',*,*,#1822,.F.);
#1318=ORIENTED_EDGE('',*,*,#1823,.T.);
#1319=ORIENTED_EDGE('',*,*,#1820,.T.);
#1320=ORIENTED_EDGE('',*,*,#1754,.F.);
#1321=ORIENTED_EDGE('',*,*,#1824,.F.);
#1322=ORIENTED_EDGE('',*,*,#1825,.T.);
#1323=ORIENTED_EDGE('',*,*,#1822,.T.);
#1324=ORIENTED_EDGE('',*,*,#1753,.F.);
#1325=ORIENTED_EDGE('',*,*,#1826,.F.);
#1326=ORIENTED_EDGE('',*,*,#1827,.T.);
#1327=ORIENTED_EDGE('',*,*,#1824,.T.);
#1328=ORIENTED_EDGE('',*,*,#1752,.F.);
#1329=ORIENTED_EDGE('',*,*,#1828,.F.);
#1330=ORIENTED_EDGE('',*,*,#1829,.T.);
#1331=ORIENTED_EDGE('',*,*,#1826,.T.);
#1332=ORIENTED_EDGE('',*,*,#1751,.F.);
#1333=ORIENTED_EDGE('',*,*,#1830,.F.);
#1334=ORIENTED_EDGE('',*,*,#1831,.T.);
#1335=ORIENTED_EDGE('',*,*,#1828,.T.);
#1336=ORIENTED_EDGE('',*,*,#1750,.F.);
#1337=ORIENTED_EDGE('',*,*,#1832,.F.);
#1338=ORIENTED_EDGE('',*,*,#1833,.T.);
#1339=ORIENTED_EDGE('',*,*,#1834,.T.);
#1340=ORIENTED_EDGE('',*,*,#1835,.F.);
#1341=ORIENTED_EDGE('',*,*,#1836,.F.);
#1342=ORIENTED_EDGE('',*,*,#1837,.T.);
#1343=ORIENTED_EDGE('',*,*,#1832,.T.);
#1344=ORIENTED_EDGE('',*,*,#1838,.F.);
#1345=ORIENTED_EDGE('',*,*,#1839,.F.);
#1346=ORIENTED_EDGE('',*,*,#1840,.T.);
#1347=ORIENTED_EDGE('',*,*,#1836,.T.);
#1348=ORIENTED_EDGE('',*,*,#1841,.F.);
#1349=ORIENTED_EDGE('',*,*,#1842,.F.);
#1350=ORIENTED_EDGE('',*,*,#1843,.T.);
#1351=ORIENTED_EDGE('',*,*,#1839,.T.);
#1352=ORIENTED_EDGE('',*,*,#1844,.F.);
#1353=ORIENTED_EDGE('',*,*,#1845,.F.);
#1354=ORIENTED_EDGE('',*,*,#1846,.T.);
#1355=ORIENTED_EDGE('',*,*,#1842,.T.);
#1356=ORIENTED_EDGE('',*,*,#1847,.F.);
#1357=ORIENTED_EDGE('',*,*,#1848,.F.);
#1358=ORIENTED_EDGE('',*,*,#1849,.T.);
#1359=ORIENTED_EDGE('',*,*,#1845,.T.);
#1360=ORIENTED_EDGE('',*,*,#1850,.F.);
#1361=ORIENTED_EDGE('',*,*,#1851,.F.);
#1362=ORIENTED_EDGE('',*,*,#1852,.T.);
#1363=ORIENTED_EDGE('',*,*,#1848,.T.);
#1364=ORIENTED_EDGE('',*,*,#1853,.F.);
#1365=ORIENTED_EDGE('',*,*,#1854,.F.);
#1366=ORIENTED_EDGE('',*,*,#1855,.T.);
#1367=ORIENTED_EDGE('',*,*,#1851,.T.);
#1368=ORIENTED_EDGE('',*,*,#1856,.F.);
#1369=ORIENTED_EDGE('',*,*,#1857,.F.);
#1370=ORIENTED_EDGE('',*,*,#1858,.T.);
#1371=ORIENTED_EDGE('',*,*,#1854,.T.);
#1372=ORIENTED_EDGE('',*,*,#1859,.F.);
#1373=ORIENTED_EDGE('',*,*,#1860,.F.);
#1374=ORIENTED_EDGE('',*,*,#1861,.T.);
#1375=ORIENTED_EDGE('',*,*,#1857,.T.);
#1376=ORIENTED_EDGE('',*,*,#1862,.F.);
#1377=ORIENTED_EDGE('',*,*,#1863,.F.);
#1378=ORIENTED_EDGE('',*,*,#1864,.T.);
#1379=ORIENTED_EDGE('',*,*,#1860,.T.);
#1380=ORIENTED_EDGE('',*,*,#1865,.F.);
#1381=ORIENTED_EDGE('',*,*,#1834,.F.);
#1382=ORIENTED_EDGE('',*,*,#1866,.T.);
#1383=ORIENTED_EDGE('',*,*,#1863,.T.);
#1384=ORIENTED_EDGE('',*,*,#1867,.F.);
#1385=ORIENTED_EDGE('',*,*,#1819,.F.);
#1386=ORIENTED_EDGE('',*,*,#1868,.T.);
#1387=ORIENTED_EDGE('',*,*,#1830,.T.);
#1388=ORIENTED_EDGE('',*,*,#1749,.F.);
#1389=ORIENTED_EDGE('',*,*,#1864,.F.);
#1390=ORIENTED_EDGE('',*,*,#1866,.F.);
#1391=ORIENTED_EDGE('',*,*,#1833,.F.);
#1392=ORIENTED_EDGE('',*,*,#1837,.F.);
#1393=ORIENTED_EDGE('',*,*,#1840,.F.);
#1394=ORIENTED_EDGE('',*,*,#1843,.F.);
#1395=ORIENTED_EDGE('',*,*,#1846,.F.);
#1396=ORIENTED_EDGE('',*,*,#1849,.F.);
#1397=ORIENTED_EDGE('',*,*,#1852,.F.);
#1398=ORIENTED_EDGE('',*,*,#1855,.F.);
#1399=ORIENTED_EDGE('',*,*,#1858,.F.);
#1400=ORIENTED_EDGE('',*,*,#1861,.F.);
#1401=ORIENTED_EDGE('',*,*,#1831,.F.);
#1402=ORIENTED_EDGE('',*,*,#1868,.F.);
#1403=ORIENTED_EDGE('',*,*,#1818,.F.);
#1404=ORIENTED_EDGE('',*,*,#1821,.F.);
#1405=ORIENTED_EDGE('',*,*,#1823,.F.);
#1406=ORIENTED_EDGE('',*,*,#1825,.F.);
#1407=ORIENTED_EDGE('',*,*,#1827,.F.);
#1408=ORIENTED_EDGE('',*,*,#1829,.F.);
#1409=ORIENTED_EDGE('',*,*,#1838,.T.);
#1410=ORIENTED_EDGE('',*,*,#1835,.T.);
#1411=ORIENTED_EDGE('',*,*,#1867,.T.);
#1412=ORIENTED_EDGE('',*,*,#1865,.T.);
#1413=ORIENTED_EDGE('',*,*,#1862,.T.);
#1414=ORIENTED_EDGE('',*,*,#1859,.T.);
#1415=ORIENTED_EDGE('',*,*,#1856,.T.);
#1416=ORIENTED_EDGE('',*,*,#1853,.T.);
#1417=ORIENTED_EDGE('',*,*,#1850,.T.);
#1418=ORIENTED_EDGE('',*,*,#1847,.T.);
#1419=ORIENTED_EDGE('',*,*,#1844,.T.);
#1420=ORIENTED_EDGE('',*,*,#1841,.T.);
#1421=ORIENTED_EDGE('',*,*,#1708,.T.);
#1422=ORIENTED_EDGE('',*,*,#1869,.F.);
#1423=ORIENTED_EDGE('',*,*,#1870,.T.);
#1424=ORIENTED_EDGE('',*,*,#1871,.T.);
#1425=ORIENTED_EDGE('',*,*,#1718,.T.);
#1426=ORIENTED_EDGE('',*,*,#1872,.F.);
#1427=ORIENTED_EDGE('',*,*,#1873,.T.);
#1428=ORIENTED_EDGE('',*,*,#1869,.T.);
#1429=ORIENTED_EDGE('',*,*,#1717,.T.);
#1430=ORIENTED_EDGE('',*,*,#1874,.F.);
#1431=ORIENTED_EDGE('',*,*,#1875,.T.);
#1432=ORIENTED_EDGE('',*,*,#1872,.T.);
#1433=ORIENTED_EDGE('',*,*,#1716,.T.);
#1434=ORIENTED_EDGE('',*,*,#1876,.F.);
#1435=ORIENTED_EDGE('',*,*,#1877,.T.);
#1436=ORIENTED_EDGE('',*,*,#1874,.T.);
#1437=ORIENTED_EDGE('',*,*,#1715,.T.);
#1438=ORIENTED_EDGE('',*,*,#1878,.F.);
#1439=ORIENTED_EDGE('',*,*,#1879,.T.);
#1440=ORIENTED_EDGE('',*,*,#1876,.T.);
#1441=ORIENTED_EDGE('',*,*,#1714,.T.);
#1442=ORIENTED_EDGE('',*,*,#1880,.F.);
#1443=ORIENTED_EDGE('',*,*,#1881,.T.);
#1444=ORIENTED_EDGE('',*,*,#1878,.T.);
#1445=ORIENTED_EDGE('',*,*,#1713,.T.);
#1446=ORIENTED_EDGE('',*,*,#1882,.F.);
#1447=ORIENTED_EDGE('',*,*,#1883,.T.);
#1448=ORIENTED_EDGE('',*,*,#1880,.T.);
#1449=ORIENTED_EDGE('',*,*,#1712,.T.);
#1450=ORIENTED_EDGE('',*,*,#1884,.F.);
#1451=ORIENTED_EDGE('',*,*,#1885,.T.);
#1452=ORIENTED_EDGE('',*,*,#1882,.T.);
#1453=ORIENTED_EDGE('',*,*,#1711,.T.);
#1454=ORIENTED_EDGE('',*,*,#1886,.F.);
#1455=ORIENTED_EDGE('',*,*,#1887,.T.);
#1456=ORIENTED_EDGE('',*,*,#1884,.T.);
#1457=ORIENTED_EDGE('',*,*,#1710,.T.);
#1458=ORIENTED_EDGE('',*,*,#1888,.F.);
#1459=ORIENTED_EDGE('',*,*,#1889,.T.);
#1460=ORIENTED_EDGE('',*,*,#1886,.T.);
#1461=ORIENTED_EDGE('',*,*,#1709,.T.);
#1462=ORIENTED_EDGE('',*,*,#1871,.F.);
#1463=ORIENTED_EDGE('',*,*,#1890,.T.);
#1464=ORIENTED_EDGE('',*,*,#1888,.T.);
#1465=ORIENTED_EDGE('',*,*,#1889,.F.);
#1466=ORIENTED_EDGE('',*,*,#1890,.F.);
#1467=ORIENTED_EDGE('',*,*,#1870,.F.);
#1468=ORIENTED_EDGE('',*,*,#1873,.F.);
#1469=ORIENTED_EDGE('',*,*,#1875,.F.);
#1470=ORIENTED_EDGE('',*,*,#1877,.F.);
#1471=ORIENTED_EDGE('',*,*,#1879,.F.);
#1472=ORIENTED_EDGE('',*,*,#1881,.F.);
#1473=ORIENTED_EDGE('',*,*,#1883,.F.);
#1474=ORIENTED_EDGE('',*,*,#1885,.F.);
#1475=ORIENTED_EDGE('',*,*,#1887,.F.);
#1476=ORIENTED_EDGE('',*,*,#1774,.F.);
#1477=ORIENTED_EDGE('',*,*,#1767,.F.);
#1478=ORIENTED_EDGE('',*,*,#1891,.F.);
#1479=ORIENTED_EDGE('',*,*,#1760,.F.);
#1480=ORIENTED_EDGE('',*,*,#1892,.F.);
#1481=ORIENTED_EDGE('',*,*,#1772,.F.);
#1482=ORIENTED_EDGE('',*,*,#1892,.T.);
#1483=ORIENTED_EDGE('',*,*,#1758,.F.);
#1484=ORIENTED_EDGE('',*,*,#1893,.F.);
#1485=ORIENTED_EDGE('',*,*,#1773,.F.);
#1486=ORIENTED_EDGE('',*,*,#1891,.T.);
#1487=ORIENTED_EDGE('',*,*,#1771,.F.);
#1488=ORIENTED_EDGE('',*,*,#1894,.F.);
#1489=ORIENTED_EDGE('',*,*,#1762,.F.);
#1490=ORIENTED_EDGE('',*,*,#1893,.T.);
#1491=ORIENTED_EDGE('',*,*,#1756,.F.);
#1492=ORIENTED_EDGE('',*,*,#1895,.F.);
#1493=ORIENTED_EDGE('',*,*,#1768,.F.);
#1494=ORIENTED_EDGE('',*,*,#1894,.T.);
#1495=ORIENTED_EDGE('',*,*,#1770,.F.);
#1496=ORIENTED_EDGE('',*,*,#1896,.F.);
#1497=ORIENTED_EDGE('',*,*,#1764,.F.);
#1498=ORIENTED_EDGE('',*,*,#1895,.T.);
#1499=ORIENTED_EDGE('',*,*,#1766,.F.);
#1500=ORIENTED_EDGE('',*,*,#1896,.T.);
#1501=ORIENTED_EDGE('',*,*,#1769,.F.);
#1502=EDGE_CURVE('',#1897,#1898,#2156,.T.);
#1503=EDGE_CURVE('',#1899,#1897,#194,.F.);
#1504=EDGE_CURVE('',#1899,#1900,#146,.T.);
#1505=EDGE_CURVE('',#1901,#1900,#195,.T.);
#1506=EDGE_CURVE('',#1898,#1901,#134,.T.);
#1507=EDGE_CURVE('',#1902,#1903,#2157,.T.);
#1508=EDGE_CURVE('',#1904,#1902,#135,.F.);
#1509=EDGE_CURVE('',#1905,#1904,#196,.F.);
#1510=EDGE_CURVE('',#1905,#1906,#147,.F.);
#1511=EDGE_CURVE('',#1903,#1906,#197,.T.);
#1512=EDGE_CURVE('',#1898,#1907,#2158,.T.);
#1513=EDGE_CURVE('',#1908,#1901,#198,.F.);
#1514=EDGE_CURVE('',#1909,#1908,#136,.T.);
#1515=EDGE_CURVE('',#1910,#1909,#2159,.T.);
#1516=EDGE_CURVE('',#1907,#1910,#199,.T.);
#1517=EDGE_CURVE('',#1911,#1902,#2160,.T.);
#1518=EDGE_CURVE('',#1912,#1911,#200,.F.);
#1519=EDGE_CURVE('',#1913,#1912,#2161,.T.);
#1520=EDGE_CURVE('',#1914,#1913,#137,.F.);
#1521=EDGE_CURVE('',#1904,#1914,#201,.T.);
#1522=EDGE_CURVE('',#1915,#1916,#2162,.T.);
#1523=EDGE_CURVE('',#1917,#1915,#202,.T.);
#1524=EDGE_CURVE('',#1917,#1918,#138,.T.);
#1525=EDGE_CURVE('',#1919,#1918,#203,.F.);
#1526=EDGE_CURVE('',#1920,#1919,#139,.T.);
#1527=EDGE_CURVE('',#1916,#1920,#204,.T.);
#1528=EDGE_CURVE('',#1921,#1922,#2163,.T.);
#1529=EDGE_CURVE('',#1923,#1921,#205,.T.);
#1530=EDGE_CURVE('',#1923,#1924,#140,.T.);
#1531=EDGE_CURVE('',#1925,#1924,#206,.F.);
#1532=EDGE_CURVE('',#1926,#1925,#141,.T.);
#1533=EDGE_CURVE('',#1922,#1926,#207,.T.);
#1534=EDGE_CURVE('',#1927,#1928,#208,.T.);
#1535=EDGE_CURVE('',#1928,#1905,#209,.T.);
#1536=EDGE_CURVE('',#1929,#1904,#210,.T.);
#1537=EDGE_CURVE('',#1929,#1930,#211,.T.);
#1538=EDGE_CURVE('',#1930,#1927,#212,.T.);
#1539=EDGE_CURVE('',#1900,#1931,#213,.F.);
#1540=EDGE_CURVE('',#1931,#1932,#214,.T.);
#1541=EDGE_CURVE('',#1933,#1932,#215,.T.);
#1542=EDGE_CURVE('',#1934,#1933,#216,.T.);
#1543=EDGE_CURVE('',#1934,#1901,#217,.T.);
#1544=EDGE_CURVE('',#1935,#1914,#218,.T.);
#1545=EDGE_CURVE('',#1929,#1935,#219,.T.);
#1546=EDGE_CURVE('',#1936,#1936,#148,.T.);
#1547=EDGE_CURVE('',#1937,#1937,#149,.T.);
#1548=EDGE_CURVE('',#1914,#1908,#220,.F.);
#1549=EDGE_CURVE('',#1938,#1908,#221,.T.);
#1550=EDGE_CURVE('',#1938,#1935,#222,.T.);
#1551=EDGE_CURVE('',#1934,#1938,#223,.T.);
#1552=EDGE_CURVE('',#1932,#1939,#224,.T.);
#1553=EDGE_CURVE('',#1940,#1939,#225,.T.);
#1554=EDGE_CURVE('',#1933,#1940,#226,.T.);
#1555=EDGE_CURVE('',#1939,#1941,#227,.T.);
#1556=EDGE_CURVE('',#1942,#1941,#228,.T.);
#1557=EDGE_CURVE('',#1940,#1942,#229,.T.);
#1558=EDGE_CURVE('',#1941,#1943,#230,.F.);
#1559=EDGE_CURVE('',#1943,#1944,#231,.T.);
#1560=EDGE_CURVE('',#1944,#1945,#150,.T.);
#1561=EDGE_CURVE('',#1945,#1946,#232,.T.);
#1562=EDGE_CURVE('',#1947,#1946,#233,.T.);
#1563=EDGE_CURVE('',#1942,#1947,#234,.T.);
#1564=EDGE_CURVE('',#1947,#1948,#235,.T.);
#1565=EDGE_CURVE('',#1946,#1949,#236,.T.);
#1566=EDGE_CURVE('',#1948,#1949,#237,.T.);
#1567=EDGE_CURVE('',#1948,#1950,#238,.T.);
#1568=EDGE_CURVE('',#1949,#1951,#239,.T.);
#1569=EDGE_CURVE('',#1950,#1951,#240,.T.);
#1570=EDGE_CURVE('',#1952,#1953,#241,.T.);
#1571=EDGE_CURVE('',#1953,#1954,#242,.T.);
#1572=EDGE_CURVE('',#1954,#1955,#243,.T.);
#1573=EDGE_CURVE('',#1955,#1956,#244,.T.);
#1574=EDGE_CURVE('',#1956,#1957,#245,.T.);
#1575=EDGE_CURVE('',#1957,#1952,#246,.T.);
#1576=EDGE_CURVE('',#1958,#1959,#247,.T.);
#1577=EDGE_CURVE('',#1959,#1960,#248,.T.);
#1578=EDGE_CURVE('',#1960,#1961,#249,.T.);
#1579=EDGE_CURVE('',#1961,#1962,#250,.T.);
#1580=EDGE_CURVE('',#1962,#1963,#251,.T.);
#1581=EDGE_CURVE('',#1963,#1958,#252,.T.);
#1582=EDGE_CURVE('',#1950,#1964,#253,.T.);
#1583=EDGE_CURVE('',#1951,#1965,#254,.T.);
#1584=EDGE_CURVE('',#1964,#1965,#255,.T.);
#1585=EDGE_CURVE('',#1966,#1967,#256,.T.);
#1586=EDGE_CURVE('',#1966,#1964,#257,.T.);
#1587=EDGE_CURVE('',#1967,#1965,#258,.T.);
#1588=EDGE_CURVE('',#1968,#1969,#259,.T.);
#1589=EDGE_CURVE('',#1968,#1966,#260,.T.);
#1590=EDGE_CURVE('',#1969,#1967,#261,.T.);
#1591=EDGE_CURVE('',#1970,#1971,#262,.T.);
#1592=EDGE_CURVE('',#1970,#1972,#263,.F.);
#1593=EDGE_CURVE('',#1973,#1972,#264,.T.);
#1594=EDGE_CURVE('',#1973,#1968,#265,.T.);
#1595=EDGE_CURVE('',#1974,#1969,#266,.T.);
#1596=EDGE_CURVE('',#1974,#1971,#151,.F.);
#1597=EDGE_CURVE('',#1972,#1975,#267,.T.);
#1598=EDGE_CURVE('',#1976,#1975,#268,.T.);
#1599=EDGE_CURVE('',#1976,#1973,#269,.T.);
#1600=EDGE_CURVE('',#1975,#1927,#270,.T.);
#1601=EDGE_CURVE('',#1930,#1976,#271,.T.);
#1602=EDGE_CURVE('',#1977,#1959,#272,.T.);
#1603=EDGE_CURVE('',#1978,#1977,#273,.T.);
#1604=EDGE_CURVE('',#1978,#1960,#274,.T.);
#1605=EDGE_CURVE('',#1979,#1958,#275,.T.);
#1606=EDGE_CURVE('',#1977,#1979,#276,.T.);
#1607=EDGE_CURVE('',#1980,#1963,#277,.T.);
#1608=EDGE_CURVE('',#1979,#1980,#278,.T.);
#1609=EDGE_CURVE('',#1981,#1978,#279,.T.);
#1610=EDGE_CURVE('',#1981,#1961,#280,.T.);
#1611=EDGE_CURVE('',#1982,#1962,#281,.T.);
#1612=EDGE_CURVE('',#1980,#1982,#282,.T.);
#1613=EDGE_CURVE('',#1982,#1981,#283,.T.);
#1614=EDGE_CURVE('',#1983,#1983,#152,.T.);
#1615=EDGE_CURVE('',#1984,#1953,#284,.T.);
#1616=EDGE_CURVE('',#1985,#1984,#285,.T.);
#1617=EDGE_CURVE('',#1985,#1954,#286,.T.);
#1618=EDGE_CURVE('',#1986,#1952,#287,.T.);
#1619=EDGE_CURVE('',#1984,#1986,#288,.T.);
#1620=EDGE_CURVE('',#1987,#1957,#289,.T.);
#1621=EDGE_CURVE('',#1986,#1987,#290,.T.);
#1622=EDGE_CURVE('',#1988,#1985,#291,.T.);
#1623=EDGE_CURVE('',#1988,#1955,#292,.T.);
#1624=EDGE_CURVE('',#1989,#1956,#293,.T.);
#1625=EDGE_CURVE('',#1987,#1989,#294,.T.);
#1626=EDGE_CURVE('',#1989,#1988,#295,.T.);
#1627=EDGE_CURVE('',#1990,#1990,#153,.T.);
#1628=EDGE_CURVE('',#1991,#1992,#154,.T.);
#1629=EDGE_CURVE('',#1993,#1992,#296,.T.);
#1630=EDGE_CURVE('',#1994,#1993,#155,.T.);
#1631=EDGE_CURVE('',#1994,#1991,#297,.T.);
#1632=EDGE_CURVE('',#1991,#1995,#156,.T.);
#1633=EDGE_CURVE('',#1994,#1996,#157,.T.);
#1634=EDGE_CURVE('',#1996,#1995,#298,.T.);
#1635=EDGE_CURVE('',#1997,#1910,#158,.T.);
#1636=EDGE_CURVE('',#1909,#1913,#2164,.T.);
#1637=EDGE_CURVE('',#1912,#1995,#159,.T.);
#1638=EDGE_CURVE('',#1998,#1996,#160,.T.);
#1639=EDGE_CURVE('',#1998,#1997,#299,.T.);
#1640=EDGE_CURVE('',#1997,#1999,#161,.T.);
#1641=EDGE_CURVE('',#1998,#2000,#162,.T.);
#1642=EDGE_CURVE('',#2000,#1999,#300,.T.);
#1643=EDGE_CURVE('',#2001,#1999,#163,.T.);
#1644=EDGE_CURVE('',#2002,#2000,#164,.T.);
#1645=EDGE_CURVE('',#2002,#2001,#301,.T.);
#1646=EDGE_CURVE('',#2001,#2003,#165,.T.);
#1647=EDGE_CURVE('',#2002,#2004,#166,.T.);
#1648=EDGE_CURVE('',#2004,#2003,#302,.T.);
#1649=EDGE_CURVE('',#2005,#2003,#167,.T.);
#1650=EDGE_CURVE('',#2006,#2004,#168,.T.);
#1651=EDGE_CURVE('',#2006,#2005,#303,.T.);
#1652=EDGE_CURVE('',#2005,#1992,#169,.T.);
#1653=EDGE_CURVE('',#2006,#1993,#170,.T.);
#1654=EDGE_CURVE('',#2007,#2007,#171,.T.);
#1655=EDGE_CURVE('',#2008,#2008,#172,.T.);
#1656=EDGE_CURVE('',#2009,#2009,#173,.F.);
#1657=EDGE_CURVE('',#2010,#2010,#174,.F.);
#1658=EDGE_CURVE('',#2011,#2011,#175,.F.);
#1659=EDGE_CURVE('',#2012,#2012,#176,.F.);
#1660=EDGE_CURVE('',#1911,#1903,#177,.T.);
#1661=EDGE_CURVE('',#1906,#2013,#304,.T.);
#1662=EDGE_CURVE('',#2013,#1923,#305,.T.);
#1663=EDGE_CURVE('',#1921,#1922,#178,.T.);
#1664=EDGE_CURVE('',#1926,#1974,#306,.T.);
#1665=EDGE_CURVE('',#1945,#1917,#307,.T.);
#1666=EDGE_CURVE('',#1915,#1916,#179,.T.);
#1667=EDGE_CURVE('',#1920,#2014,#308,.T.);
#1668=EDGE_CURVE('',#2014,#1899,#309,.T.);
#1669=EDGE_CURVE('',#1897,#1907,#180,.T.);
#1670=EDGE_CURVE('',#2015,#2015,#181,.T.);
#1671=EDGE_CURVE('',#2016,#2016,#182,.T.);
#1672=EDGE_CURVE('',#2017,#2017,#183,.T.);
#1673=EDGE_CURVE('',#2018,#2018,#184,.T.);
#1674=EDGE_CURVE('',#2019,#2020,#310,.F.);
#1675=EDGE_CURVE('',#2020,#2021,#311,.T.);
#1676=EDGE_CURVE('',#2021,#2022,#312,.F.);
#1677=EDGE_CURVE('',#2019,#2022,#313,.T.);
#1678=EDGE_CURVE('',#2022,#1919,#314,.F.);
#1679=EDGE_CURVE('',#2023,#1919,#315,.T.);
#1680=EDGE_CURVE('',#2023,#2019,#316,.T.);
#1681=EDGE_CURVE('',#2024,#1918,#317,.T.);
#1682=EDGE_CURVE('',#1918,#1944,#318,.F.);
#1683=EDGE_CURVE('',#1943,#2024,#319,.T.);
#1684=EDGE_CURVE('',#2024,#2023,#320,.T.);
#1685=EDGE_CURVE('',#2025,#2026,#321,.F.);
#1686=EDGE_CURVE('',#2026,#2027,#322,.F.);
#1687=EDGE_CURVE('',#2027,#2028,#323,.F.);
#1688=EDGE_CURVE('',#2028,#2025,#324,.T.);
#1689=EDGE_CURVE('',#2029,#1924,#325,.T.);
#1690=EDGE_CURVE('',#1924,#2025,#326,.F.);
#1691=EDGE_CURVE('',#2028,#2029,#327,.T.);
#1692=EDGE_CURVE('',#1971,#1925,#328,.F.);
#1693=EDGE_CURVE('',#2030,#1925,#329,.T.);
#1694=EDGE_CURVE('',#2030,#1970,#330,.T.);
#1695=EDGE_CURVE('',#2029,#2030,#331,.T.);
#1696=EDGE_CURVE('',#2027,#1928,#142,.T.);
#1697=EDGE_CURVE('',#2029,#1927,#332,.F.);
#1698=EDGE_CURVE('',#2030,#1975,#333,.F.);
#1699=EDGE_CURVE('',#1932,#2023,#334,.F.);
#1700=EDGE_CURVE('',#1931,#2020,#143,.T.);
#1701=EDGE_CURVE('',#1939,#2024,#335,.F.);
#1702=EDGE_CURVE('',#2014,#2022,#144,.T.);
#1703=EDGE_CURVE('',#1899,#2021,#185,.T.);
#1704=EDGE_CURVE('',#1900,#2021,#186,.T.);
#1705=EDGE_CURVE('',#1905,#2026,#187,.T.);
#1706=EDGE_CURVE('',#1906,#2026,#188,.T.);
#1707=EDGE_CURVE('',#2013,#2025,#145,.T.);
#1708=EDGE_CURVE('',#2031,#2032,#336,.F.);
#1709=EDGE_CURVE('',#2033,#2031,#337,.F.);
#1710=EDGE_CURVE('',#2034,#2033,#338,.F.);
#1711=EDGE_CURVE('',#2035,#2034,#339,.F.);
#1712=EDGE_CURVE('',#2036,#2035,#340,.F.);
#1713=EDGE_CURVE('',#2037,#2036,#341,.F.);
#1714=EDGE_CURVE('',#2038,#2037,#342,.F.);
#1715=EDGE_CURVE('',#2039,#2038,#343,.F.);
#1716=EDGE_CURVE('',#2040,#2039,#344,.F.);
#1717=EDGE_CURVE('',#2041,#2040,#345,.F.);
#1718=EDGE_CURVE('',#2032,#2041,#346,.F.);
#1719=EDGE_CURVE('',#2042,#2042,#189,.F.);
#1720=EDGE_CURVE('',#2043,#2044,#347,.T.);
#1721=EDGE_CURVE('',#2043,#2045,#348,.T.);
#1722=EDGE_CURVE('',#2045,#2046,#349,.T.);
#1723=EDGE_CURVE('',#2046,#2047,#350,.T.);
#1724=EDGE_CURVE('',#2047,#2048,#351,.T.);
#1725=EDGE_CURVE('',#2044,#2048,#352,.T.);
#1726=EDGE_CURVE('',#2049,#2050,#353,.F.);
#1727=EDGE_CURVE('',#2049,#2051,#2165,.T.);
#1728=EDGE_CURVE('',#2051,#2052,#2166,.T.);
#1729=EDGE_CURVE('',#2052,#2053,#2167,.T.);
#1730=EDGE_CURVE('',#2053,#2054,#2168,.T.);
#1731=EDGE_CURVE('',#2054,#2055,#2169,.T.);
#1732=EDGE_CURVE('',#2055,#2056,#2170,.T.);
#1733=EDGE_CURVE('',#2056,#2057,#2171,.T.);
#1734=EDGE_CURVE('',#2058,#2057,#354,.F.);
#1735=EDGE_CURVE('',#2058,#2059,#2172,.T.);
#1736=EDGE_CURVE('',#2059,#2060,#2173,.T.);
#1737=EDGE_CURVE('',#2060,#2061,#2174,.T.);
#1738=EDGE_CURVE('',#2061,#2062,#2175,.T.);
#1739=EDGE_CURVE('',#2062,#2063,#2176,.T.);
#1740=EDGE_CURVE('',#2063,#2064,#2177,.T.);
#1741=EDGE_CURVE('',#2064,#2065,#190,.T.);
#1742=EDGE_CURVE('',#2066,#2065,#355,.F.);
#1743=EDGE_CURVE('',#2067,#2066,#356,.F.);
#1744=EDGE_CURVE('',#2068,#2067,#357,.F.);
#1745=EDGE_CURVE('',#2069,#2068,#358,.F.);
#1746=EDGE_CURVE('',#2050,#2069,#359,.F.);
#1747=EDGE_CURVE('',#2070,#2071,#2178,.T.);
#1748=EDGE_CURVE('',#2071,#2072,#2179,.T.);
#1749=EDGE_CURVE('',#2072,#2073,#2180,.T.);
#1750=EDGE_CURVE('',#2073,#2074,#2181,.T.);
#1751=EDGE_CURVE('',#2074,#2075,#2182,.T.);
#1752=EDGE_CURVE('',#2075,#2076,#2183,.T.);
#1753=EDGE_CURVE('',#2076,#2077,#2184,.T.);
#1754=EDGE_CURVE('',#2077,#2070,#2185,.T.);
#1755=EDGE_CURVE('',#2044,#2078,#360,.T.);
#1756=EDGE_CURVE('',#2078,#2079,#361,.T.);
#1757=EDGE_CURVE('',#2043,#2079,#362,.T.);
#1758=EDGE_CURVE('',#2079,#2080,#363,.T.);
#1759=EDGE_CURVE('',#2045,#2080,#364,.T.);
#1760=EDGE_CURVE('',#2080,#2081,#365,.T.);
#1761=EDGE_CURVE('',#2046,#2081,#366,.T.);
#1762=EDGE_CURVE('',#2081,#2082,#367,.T.);
#1763=EDGE_CURVE('',#2047,#2082,#368,.T.);
#1764=EDGE_CURVE('',#2082,#2083,#369,.T.);
#1765=EDGE_CURVE('',#2048,#2083,#370,.T.);
#1766=EDGE_CURVE('',#2083,#2078,#371,.T.);
#1767=EDGE_CURVE('',#2084,#2084,#191,.T.);
#1768=EDGE_CURVE('',#2085,#2086,#372,.T.);
#1769=EDGE_CURVE('',#2086,#2087,#373,.T.);
#1770=EDGE_CURVE('',#2087,#2088,#374,.T.);
#1771=EDGE_CURVE('',#2088,#2089,#375,.T.);
#1772=EDGE_CURVE('',#2089,#2090,#376,.T.);
#1773=EDGE_CURVE('',#2090,#2085,#377,.T.);
#1774=EDGE_CURVE('',#2091,#2091,#192,.F.);
#1775=EDGE_CURVE('',#2092,#2049,#378,.T.);
#1776=EDGE_CURVE('',#2092,#2093,#2186,.T.);
#1777=EDGE_CURVE('',#2093,#2051,#379,.T.);
#1778=EDGE_CURVE('',#2094,#2064,#2187,.F.);
#1779=EDGE_CURVE('',#2094,#2095,#193,.T.);
#1780=EDGE_CURVE('',#2095,#2065,#380,.T.);
#1781=EDGE_CURVE('',#2096,#2063,#381,.T.);
#1782=EDGE_CURVE('',#2096,#2094,#2188,.T.);
#1783=EDGE_CURVE('',#2097,#2062,#382,.T.);
#1784=EDGE_CURVE('',#2097,#2096,#2189,.T.);
#1785=EDGE_CURVE('',#2098,#2061,#383,.T.);
#1786=EDGE_CURVE('',#2098,#2097,#2190,.T.);
#1787=EDGE_CURVE('',#2099,#2060,#384,.T.);
#1788=EDGE_CURVE('',#2099,#2098,#2191,.T.);
#1789=EDGE_CURVE('',#2100,#2059,#385,.T.);
#1790=EDGE_CURVE('',#2100,#2099,#2192,.T.);
#1791=EDGE_CURVE('',#2101,#2058,#386,.T.);
#1792=EDGE_CURVE('',#2101,#2100,#2193,.T.);
#1793=EDGE_CURVE('',#2102,#2056,#387,.T.);
#1794=EDGE_CURVE('',#2102,#2103,#2194,.T.);
#1795=EDGE_CURVE('',#2103,#2057,#388,.T.);
#1796=EDGE_CURVE('',#2104,#2055,#389,.T.);
#1797=EDGE_CURVE('',#2104,#2102,#2195,.T.);
#1798=EDGE_CURVE('',#2105,#2054,#390,.T.);
#1799=EDGE_CURVE('',#2105,#2104,#2196,.T.);
#1800=EDGE_CURVE('',#2106,#2053,#391,.T.);
#1801=EDGE_CURVE('',#2106,#2105,#2197,.T.);
#1802=EDGE_CURVE('',#2107,#2052,#392,.T.);
#1803=EDGE_CURVE('',#2107,#2106,#2198,.T.);
#1804=EDGE_CURVE('',#2093,#2107,#2199,.T.);
#1805=EDGE_CURVE('',#2108,#2050,#393,.T.);
#1806=EDGE_CURVE('',#2108,#2092,#394,.T.);
#1807=EDGE_CURVE('',#2109,#2069,#395,.T.);
#1808=EDGE_CURVE('',#2109,#2108,#396,.F.);
#1809=EDGE_CURVE('',#2110,#2068,#397,.T.);
#1810=EDGE_CURVE('',#2110,#2109,#398,.F.);
#1811=EDGE_CURVE('',#2111,#2067,#399,.T.);
#1812=EDGE_CURVE('',#2111,#2110,#400,.T.);
#1813=EDGE_CURVE('',#2112,#2066,#401,.T.);
#1814=EDGE_CURVE('',#2112,#2111,#402,.T.);
#1815=EDGE_CURVE('',#2095,#2112,#403,.F.);
#1816=EDGE_CURVE('',#2103,#2101,#404,.T.);
#1817=EDGE_CURVE('',#2113,#2071,#405,.T.);
#1818=EDGE_CURVE('',#2113,#2114,#2200,.T.);
#1819=EDGE_CURVE('',#2114,#2072,#406,.T.);
#1820=EDGE_CURVE('',#2115,#2070,#407,.T.);
#1821=EDGE_CURVE('',#2115,#2113,#2201,.T.);
#1822=EDGE_CURVE('',#2116,#2077,#408,.T.);
#1823=EDGE_CURVE('',#2116,#2115,#2202,.T.);
#1824=EDGE_CURVE('',#2117,#2076,#409,.T.);
#1825=EDGE_CURVE('',#2117,#2116,#2203,.T.);
#1826=EDGE_CURVE('',#2118,#2075,#410,.T.);
#1827=EDGE_CURVE('',#2118,#2117,#2204,.T.);
#1828=EDGE_CURVE('',#2119,#2074,#411,.T.);
#1829=EDGE_CURVE('',#2119,#2118,#2205,.T.);
#1830=EDGE_CURVE('',#2120,#2073,#412,.T.);
#1831=EDGE_CURVE('',#2120,#2119,#2206,.T.);
#1832=EDGE_CURVE('',#2121,#2122,#413,.T.);
#1833=EDGE_CURVE('',#2121,#2123,#2207,.T.);
#1834=EDGE_CURVE('',#2123,#2124,#414,.T.);
#1835=EDGE_CURVE('',#2122,#2124,#2208,.T.);
#1836=EDGE_CURVE('',#2125,#2126,#415,.T.);
#1837=EDGE_CURVE('',#2125,#2121,#2209,.T.);
#1838=EDGE_CURVE('',#2126,#2122,#2210,.T.);
#1839=EDGE_CURVE('',#2127,#2128,#416,.T.);
#1840=EDGE_CURVE('',#2127,#2125,#2211,.T.);
#1841=EDGE_CURVE('',#2128,#2126,#2212,.T.);
#1842=EDGE_CURVE('',#2129,#2130,#417,.T.);
#1843=EDGE_CURVE('',#2129,#2127,#2213,.T.);
#1844=EDGE_CURVE('',#2130,#2128,#2214,.T.);
#1845=EDGE_CURVE('',#2131,#2132,#418,.T.);
#1846=EDGE_CURVE('',#2131,#2129,#2215,.T.);
#1847=EDGE_CURVE('',#2132,#2130,#2216,.T.);
#1848=EDGE_CURVE('',#2133,#2134,#419,.T.);
#1849=EDGE_CURVE('',#2133,#2131,#2217,.T.);
#1850=EDGE_CURVE('',#2134,#2132,#2218,.T.);
#1851=EDGE_CURVE('',#2135,#2136,#420,.T.);
#1852=EDGE_CURVE('',#2135,#2133,#2219,.T.);
#1853=EDGE_CURVE('',#2136,#2134,#2220,.T.);
#1854=EDGE_CURVE('',#2137,#2138,#421,.T.);
#1855=EDGE_CURVE('',#2137,#2135,#2221,.T.);
#1856=EDGE_CURVE('',#2138,#2136,#2222,.T.);
#1857=EDGE_CURVE('',#2139,#2140,#422,.T.);
#1858=EDGE_CURVE('',#2139,#2137,#2223,.T.);
#1859=EDGE_CURVE('',#2140,#2138,#2224,.T.);
#1860=EDGE_CURVE('',#2141,#2142,#423,.T.);
#1861=EDGE_CURVE('',#2141,#2139,#2225,.T.);
#1862=EDGE_CURVE('',#2142,#2140,#2226,.T.);
#1863=EDGE_CURVE('',#2143,#2144,#424,.T.);
#1864=EDGE_CURVE('',#2143,#2141,#2227,.T.);
#1865=EDGE_CURVE('',#2144,#2142,#2228,.T.);
#1866=EDGE_CURVE('',#2123,#2143,#2229,.T.);
#1867=EDGE_CURVE('',#2124,#2144,#2230,.T.);
#1868=EDGE_CURVE('',#2114,#2120,#2231,.T.);
#1869=EDGE_CURVE('',#2145,#2032,#425,.T.);
#1870=EDGE_CURVE('',#2145,#2146,#426,.T.);
#1871=EDGE_CURVE('',#2146,#2031,#427,.T.);
#1872=EDGE_CURVE('',#2147,#2041,#428,.T.);
#1873=EDGE_CURVE('',#2147,#2145,#429,.F.);
#1874=EDGE_CURVE('',#2148,#2040,#430,.T.);
#1875=EDGE_CURVE('',#2148,#2147,#431,.T.);
#1876=EDGE_CURVE('',#2149,#2039,#432,.T.);
#1877=EDGE_CURVE('',#2149,#2148,#433,.T.);
#1878=EDGE_CURVE('',#2150,#2038,#434,.T.);
#1879=EDGE_CURVE('',#2150,#2149,#435,.T.);
#1880=EDGE_CURVE('',#2151,#2037,#436,.T.);
#1881=EDGE_CURVE('',#2151,#2150,#437,.T.);
#1882=EDGE_CURVE('',#2152,#2036,#438,.T.);
#1883=EDGE_CURVE('',#2152,#2151,#439,.T.);
#1884=EDGE_CURVE('',#2153,#2035,#440,.T.);
#1885=EDGE_CURVE('',#2153,#2152,#441,.T.);
#1886=EDGE_CURVE('',#2154,#2034,#442,.T.);
#1887=EDGE_CURVE('',#2154,#2153,#443,.T.);
#1888=EDGE_CURVE('',#2155,#2033,#444,.T.);
#1889=EDGE_CURVE('',#2155,#2154,#445,.F.);
#1890=EDGE_CURVE('',#2146,#2155,#446,.F.);
#1891=EDGE_CURVE('',#2081,#2089,#447,.F.);
#1892=EDGE_CURVE('',#2090,#2080,#448,.T.);
#1893=EDGE_CURVE('',#2085,#2079,#449,.T.);
#1894=EDGE_CURVE('',#2082,#2088,#450,.F.);
#1895=EDGE_CURVE('',#2086,#2078,#451,.F.);
#1896=EDGE_CURVE('',#2083,#2087,#452,.T.);
#1897=VERTEX_POINT('',#3635);
#1898=VERTEX_POINT('',#3636);
#1899=VERTEX_POINT('',#3638);
#1900=VERTEX_POINT('',#3640);
#1901=VERTEX_POINT('',#3642);
#1902=VERTEX_POINT('',#3649);
#1903=VERTEX_POINT('',#3650);
#1904=VERTEX_POINT('',#3652);
#1905=VERTEX_POINT('',#3654);
#1906=VERTEX_POINT('',#3656);
#1907=VERTEX_POINT('',#3663);
#1908=VERTEX_POINT('',#3665);
#1909=VERTEX_POINT('',#3667);
#1910=VERTEX_POINT('',#3672);
#1911=VERTEX_POINT('',#3679);
#1912=VERTEX_POINT('',#3681);
#1913=VERTEX_POINT('',#3686);
#1914=VERTEX_POINT('',#3688);
#1915=VERTEX_POINT('',#3696);
#1916=VERTEX_POINT('',#3697);
#1917=VERTEX_POINT('',#3699);
#1918=VERTEX_POINT('',#3701);
#1919=VERTEX_POINT('',#3703);
#1920=VERTEX_POINT('',#3705);
#1921=VERTEX_POINT('',#3713);
#1922=VERTEX_POINT('',#3714);
#1923=VERTEX_POINT('',#3716);
#1924=VERTEX_POINT('',#3718);
#1925=VERTEX_POINT('',#3720);
#1926=VERTEX_POINT('',#3722);
#1927=VERTEX_POINT('',#3726);
#1928=VERTEX_POINT('',#3727);
#1929=VERTEX_POINT('',#3730);
#1930=VERTEX_POINT('',#3732);
#1931=VERTEX_POINT('',#3736);
#1932=VERTEX_POINT('',#3738);
#1933=VERTEX_POINT('',#3740);
#1934=VERTEX_POINT('',#3742);
#1935=VERTEX_POINT('',#3746);
#1936=VERTEX_POINT('',#3750);
#1937=VERTEX_POINT('',#3752);
#1938=VERTEX_POINT('',#3755);
#1939=VERTEX_POINT('',#3761);
#1940=VERTEX_POINT('',#3763);
#1941=VERTEX_POINT('',#3767);
#1942=VERTEX_POINT('',#3769);
#1943=VERTEX_POINT('',#3773);
#1944=VERTEX_POINT('',#3775);
#1945=VERTEX_POINT('',#3777);
#1946=VERTEX_POINT('',#3779);
#1947=VERTEX_POINT('',#3781);
#1948=VERTEX_POINT('',#3785);
#1949=VERTEX_POINT('',#3787);
#1950=VERTEX_POINT('',#3791);
#1951=VERTEX_POINT('',#3793);
#1952=VERTEX_POINT('',#3797);
#1953=VERTEX_POINT('',#3798);
#1954=VERTEX_POINT('',#3800);
#1955=VERTEX_POINT('',#3802);
#1956=VERTEX_POINT('',#3804);
#1957=VERTEX_POINT('',#3806);
#1958=VERTEX_POINT('',#3809);
#1959=VERTEX_POINT('',#3810);
#1960=VERTEX_POINT('',#3812);
#1961=VERTEX_POINT('',#3814);
#1962=VERTEX_POINT('',#3816);
#1963=VERTEX_POINT('',#3818);
#1964=VERTEX_POINT('',#3821);
#1965=VERTEX_POINT('',#3823);
#1966=VERTEX_POINT('',#3827);
#1967=VERTEX_POINT('',#3828);
#1968=VERTEX_POINT('',#3833);
#1969=VERTEX_POINT('',#3834);
#1970=VERTEX_POINT('',#3839);
#1971=VERTEX_POINT('',#3840);
#1972=VERTEX_POINT('',#3842);
#1973=VERTEX_POINT('',#3844);
#1974=VERTEX_POINT('',#3847);
#1975=VERTEX_POINT('',#3851);
#1976=VERTEX_POINT('',#3853);
#1977=VERTEX_POINT('',#3861);
#1978=VERTEX_POINT('',#3863);
#1979=VERTEX_POINT('',#3867);
#1980=VERTEX_POINT('',#3871);
#1981=VERTEX_POINT('',#3875);
#1982=VERTEX_POINT('',#3879);
#1983=VERTEX_POINT('',#3885);
#1984=VERTEX_POINT('',#3888);
#1985=VERTEX_POINT('',#3890);
#1986=VERTEX_POINT('',#3894);
#1987=VERTEX_POINT('',#3898);
#1988=VERTEX_POINT('',#3902);
#1989=VERTEX_POINT('',#3906);
#1990=VERTEX_POINT('',#3912);
#1991=VERTEX_POINT('',#3917);
#1992=VERTEX_POINT('',#3918);
#1993=VERTEX_POINT('',#3920);
#1994=VERTEX_POINT('',#3922);
#1995=VERTEX_POINT('',#3926);
#1996=VERTEX_POINT('',#3928);
#1997=VERTEX_POINT('',#3932);
#1998=VERTEX_POINT('',#3942);
#1999=VERTEX_POINT('',#3946);
#2000=VERTEX_POINT('',#3948);
#2001=VERTEX_POINT('',#3952);
#2002=VERTEX_POINT('',#3954);
#2003=VERTEX_POINT('',#3958);
#2004=VERTEX_POINT('',#3960);
#2005=VERTEX_POINT('',#3964);
#2006=VERTEX_POINT('',#3966);
#2007=VERTEX_POINT('',#3973);
#2008=VERTEX_POINT('',#3975);
#2009=VERTEX_POINT('',#3978);
#2010=VERTEX_POINT('',#3980);
#2011=VERTEX_POINT('',#3982);
#2012=VERTEX_POINT('',#3984);
#2013=VERTEX_POINT('',#3988);
#2014=VERTEX_POINT('',#3995);
#2015=VERTEX_POINT('',#3999);
#2016=VERTEX_POINT('',#4001);
#2017=VERTEX_POINT('',#4003);
#2018=VERTEX_POINT('',#4005);
#2019=VERTEX_POINT('',#4013);
#2020=VERTEX_POINT('',#4014);
#2021=VERTEX_POINT('',#4016);
#2022=VERTEX_POINT('',#4018);
#2023=VERTEX_POINT('',#4023);
#2024=VERTEX_POINT('',#4027);
#2025=VERTEX_POINT('',#4034);
#2026=VERTEX_POINT('',#4035);
#2027=VERTEX_POINT('',#4037);
#2028=VERTEX_POINT('',#4039);
#2029=VERTEX_POINT('',#4043);
#2030=VERTEX_POINT('',#4049);
#2031=VERTEX_POINT('',#4088);
#2032=VERTEX_POINT('',#4089);
#2033=VERTEX_POINT('',#4091);
#2034=VERTEX_POINT('',#4093);
#2035=VERTEX_POINT('',#4095);
#2036=VERTEX_POINT('',#4097);
#2037=VERTEX_POINT('',#4099);
#2038=VERTEX_POINT('',#4101);
#2039=VERTEX_POINT('',#4103);
#2040=VERTEX_POINT('',#4105);
#2041=VERTEX_POINT('',#4107);
#2042=VERTEX_POINT('',#4110);
#2043=VERTEX_POINT('',#4112);
#2044=VERTEX_POINT('',#4113);
#2045=VERTEX_POINT('',#4115);
#2046=VERTEX_POINT('',#4117);
#2047=VERTEX_POINT('',#4119);
#2048=VERTEX_POINT('',#4121);
#2049=VERTEX_POINT('',#4124);
#2050=VERTEX_POINT('',#4125);
#2051=VERTEX_POINT('',#4129);
#2052=VERTEX_POINT('',#4133);
#2053=VERTEX_POINT('',#4137);
#2054=VERTEX_POINT('',#4141);
#2055=VERTEX_POINT('',#4145);
#2056=VERTEX_POINT('',#4149);
#2057=VERTEX_POINT('',#4153);
#2058=VERTEX_POINT('',#4155);
#2059=VERTEX_POINT('',#4159);
#2060=VERTEX_POINT('',#4163);
#2061=VERTEX_POINT('',#4167);
#2062=VERTEX_POINT('',#4171);
#2063=VERTEX_POINT('',#4175);
#2064=VERTEX_POINT('',#4179);
#2065=VERTEX_POINT('',#4181);
#2066=VERTEX_POINT('',#4183);
#2067=VERTEX_POINT('',#4185);
#2068=VERTEX_POINT('',#4187);
#2069=VERTEX_POINT('',#4189);
#2070=VERTEX_POINT('',#4194);
#2071=VERTEX_POINT('',#4195);
#2072=VERTEX_POINT('',#4199);
#2073=VERTEX_POINT('',#4203);
#2074=VERTEX_POINT('',#4207);
#2075=VERTEX_POINT('',#4211);
#2076=VERTEX_POINT('',#4215);
#2077=VERTEX_POINT('',#4219);
#2078=VERTEX_POINT('',#4225);
#2079=VERTEX_POINT('',#4227);
#2080=VERTEX_POINT('',#4231);
#2081=VERTEX_POINT('',#4235);
#2082=VERTEX_POINT('',#4239);
#2083=VERTEX_POINT('',#4243);
#2084=VERTEX_POINT('',#4249);
#2085=VERTEX_POINT('',#4251);
#2086=VERTEX_POINT('',#4252);
#2087=VERTEX_POINT('',#4254);
#2088=VERTEX_POINT('',#4256);
#2089=VERTEX_POINT('',#4258);
#2090=VERTEX_POINT('',#4260);
#2091=VERTEX_POINT('',#4264);
#2092=VERTEX_POINT('',#4274);
#2093=VERTEX_POINT('',#4278);
#2094=VERTEX_POINT('',#4285);
#2095=VERTEX_POINT('',#4287);
#2096=VERTEX_POINT('',#4298);
#2097=VERTEX_POINT('',#4311);
#2098=VERTEX_POINT('',#4324);
#2099=VERTEX_POINT('',#4337);
#2100=VERTEX_POINT('',#4350);
#2101=VERTEX_POINT('',#4363);
#2102=VERTEX_POINT('',#4376);
#2103=VERTEX_POINT('',#4380);
#2104=VERTEX_POINT('',#4391);
#2105=VERTEX_POINT('',#4404);
#2106=VERTEX_POINT('',#4417);
#2107=VERTEX_POINT('',#4430);
#2108=VERTEX_POINT('',#4447);
#2109=VERTEX_POINT('',#4451);
#2110=VERTEX_POINT('',#4455);
#2111=VERTEX_POINT('',#4459);
#2112=VERTEX_POINT('',#4463);
#2113=VERTEX_POINT('',#4479);
#2114=VERTEX_POINT('',#4483);
#2115=VERTEX_POINT('',#4494);
#2116=VERTEX_POINT('',#4507);
#2117=VERTEX_POINT('',#4520);
#2118=VERTEX_POINT('',#4533);
#2119=VERTEX_POINT('',#4546);
#2120=VERTEX_POINT('',#4559);
#2121=VERTEX_POINT('',#4572);
#2122=VERTEX_POINT('',#4573);
#2123=VERTEX_POINT('',#4577);
#2124=VERTEX_POINT('',#4579);
#2125=VERTEX_POINT('',#4592);
#2126=VERTEX_POINT('',#4593);
#2127=VERTEX_POINT('',#4609);
#2128=VERTEX_POINT('',#4610);
#2129=VERTEX_POINT('',#4626);
#2130=VERTEX_POINT('',#4627);
#2131=VERTEX_POINT('',#4643);
#2132=VERTEX_POINT('',#4644);
#2133=VERTEX_POINT('',#4660);
#2134=VERTEX_POINT('',#4661);
#2135=VERTEX_POINT('',#4677);
#2136=VERTEX_POINT('',#4678);
#2137=VERTEX_POINT('',#4694);
#2138=VERTEX_POINT('',#4695);
#2139=VERTEX_POINT('',#4711);
#2140=VERTEX_POINT('',#4712);
#2141=VERTEX_POINT('',#4728);
#2142=VERTEX_POINT('',#4729);
#2143=VERTEX_POINT('',#4745);
#2144=VERTEX_POINT('',#4746);
#2145=VERTEX_POINT('',#4782);
#2146=VERTEX_POINT('',#4784);
#2147=VERTEX_POINT('',#4788);
#2148=VERTEX_POINT('',#4792);
#2149=VERTEX_POINT('',#4796);
#2150=VERTEX_POINT('',#4800);
#2151=VERTEX_POINT('',#4804);
#2152=VERTEX_POINT('',#4808);
#2153=VERTEX_POINT('',#4812);
#2154=VERTEX_POINT('',#4816);
#2155=VERTEX_POINT('',#4820);
#2156=B_SPLINE_CURVE_WITH_KNOTS('',3,(#3631,#3632,#3633,#3634),
 .UNSPECIFIED.,.F.,.F.,(4,4),(1.11455182293106E-17,0.000311196708615138),
 .UNSPECIFIED.);
#2157=B_SPLINE_CURVE_WITH_KNOTS('',3,(#3645,#3646,#3647,#3648),
 .UNSPECIFIED.,.F.,.F.,(4,4),(0.000391842798596465,0.000703039507211592),
 .UNSPECIFIED.);
#2158=B_SPLINE_CURVE_WITH_KNOTS('',3,(#3659,#3660,#3661,#3662),
 .UNSPECIFIED.,.F.,.F.,(4,4),(0.000202101574653614,0.00198895056331338),
 .UNSPECIFIED.);
#2159=B_SPLINE_CURVE_WITH_KNOTS('',3,(#3668,#3669,#3670,#3671),
 .UNSPECIFIED.,.F.,.F.,(4,4),(0.,0.00252380193464624),.UNSPECIFIED.);
#2160=B_SPLINE_CURVE_WITH_KNOTS('',3,(#3675,#3676,#3677,#3678),
 .UNSPECIFIED.,.F.,.F.,(4,4),(1.72960900521666E-22,0.0017874069345948),
 .UNSPECIFIED.);
#2161=B_SPLINE_CURVE_WITH_KNOTS('',3,(#3682,#3683,#3684,#3685),
 .UNSPECIFIED.,.F.,.F.,(4,4),(2.77902822671927E-18,0.00252296804799785),
 .UNSPECIFIED.);
#2162=B_SPLINE_CURVE_WITH_KNOTS('',3,(#3691,#3692,#3693,#3694,#3695),
 .UNSPECIFIED.,.F.,.F.,(4,1,4),(1.43216756445208E-22,0.00177386878051435,
0.0035477375610287),.UNSPECIFIED.);
#2163=B_SPLINE_CURVE_WITH_KNOTS('',3,(#3708,#3709,#3710,#3711,#3712),
 .UNSPECIFIED.,.F.,.F.,(4,1,4),(1.43216756445208E-22,0.00177386878051435,
0.0035477375610287),.UNSPECIFIED.);
#2164=B_SPLINE_CURVE_WITH_KNOTS('',3,(#3933,#3934,#3935,#3936,#3937,#3938,
#3939),.UNSPECIFIED.,.F.,.F.,(4,1,1,1,4),(-0.00542514900080366,-0.00271257450040182,
2.25514051876985E-17,0.00271257450040186,0.0054251490008037),
 .UNSPECIFIED.);
#2165=B_SPLINE_CURVE_WITH_KNOTS('',2,(#4126,#4127,#4128),.UNSPECIFIED.,
 .F.,.F.,(3,3),(0.,1.),.UNSPECIFIED.);
#2166=B_SPLINE_CURVE_WITH_KNOTS('',2,(#4130,#4131,#4132),.UNSPECIFIED.,
 .F.,.F.,(3,3),(0.,1.),.UNSPECIFIED.);
#2167=B_SPLINE_CURVE_WITH_KNOTS('',2,(#4134,#4135,#4136),.UNSPECIFIED.,
 .F.,.F.,(3,3),(0.,1.),.UNSPECIFIED.);
#2168=B_SPLINE_CURVE_WITH_KNOTS('',2,(#4138,#4139,#4140),.UNSPECIFIED.,
 .F.,.F.,(3,3),(0.,1.),.UNSPECIFIED.);
#2169=B_SPLINE_CURVE_WITH_KNOTS('',2,(#4142,#4143,#4144),.UNSPECIFIED.,
 .F.,.F.,(3,3),(0.,1.),.UNSPECIFIED.);
#2170=B_SPLINE_CURVE_WITH_KNOTS('',2,(#4146,#4147,#4148),.UNSPECIFIED.,
 .F.,.F.,(3,3),(0.,1.),.UNSPECIFIED.);
#2171=B_SPLINE_CURVE_WITH_KNOTS('',2,(#4150,#4151,#4152),.UNSPECIFIED.,
 .F.,.F.,(3,3),(0.,1.),.UNSPECIFIED.);
#2172=B_SPLINE_CURVE_WITH_KNOTS('',2,(#4156,#4157,#4158),.UNSPECIFIED.,
 .F.,.F.,(3,3),(0.,1.),.UNSPECIFIED.);
#2173=B_SPLINE_CURVE_WITH_KNOTS('',2,(#4160,#4161,#4162),.UNSPECIFIED.,
 .F.,.F.,(3,3),(0.,1.),.UNSPECIFIED.);
#2174=B_SPLINE_CURVE_WITH_KNOTS('',2,(#4164,#4165,#4166),.UNSPECIFIED.,
 .F.,.F.,(3,3),(0.,1.),.UNSPECIFIED.);
#2175=B_SPLINE_CURVE_WITH_KNOTS('',2,(#4168,#4169,#4170),.UNSPECIFIED.,
 .F.,.F.,(3,3),(0.,1.),.UNSPECIFIED.);
#2176=B_SPLINE_CURVE_WITH_KNOTS('',2,(#4172,#4173,#4174),.UNSPECIFIED.,
 .F.,.F.,(3,3),(0.,1.),.UNSPECIFIED.);
#2177=B_SPLINE_CURVE_WITH_KNOTS('',2,(#4176,#4177,#4178),.UNSPECIFIED.,
 .F.,.F.,(3,3),(0.,1.),.UNSPECIFIED.);
#2178=B_SPLINE_CURVE_WITH_KNOTS('',2,(#4191,#4192,#4193),.UNSPECIFIED.,
 .F.,.F.,(3,3),(0.,1.),.UNSPECIFIED.);
#2179=B_SPLINE_CURVE_WITH_KNOTS('',2,(#4196,#4197,#4198),.UNSPECIFIED.,
 .F.,.F.,(3,3),(0.,1.),.UNSPECIFIED.);
#2180=B_SPLINE_CURVE_WITH_KNOTS('',2,(#4200,#4201,#4202),.UNSPECIFIED.,
 .F.,.F.,(3,3),(0.,1.),.UNSPECIFIED.);
#2181=B_SPLINE_CURVE_WITH_KNOTS('',2,(#4204,#4205,#4206),.UNSPECIFIED.,
 .F.,.F.,(3,3),(0.,1.),.UNSPECIFIED.);
#2182=B_SPLINE_CURVE_WITH_KNOTS('',2,(#4208,#4209,#4210),.UNSPECIFIED.,
 .F.,.F.,(3,3),(0.,1.),.UNSPECIFIED.);
#2183=B_SPLINE_CURVE_WITH_KNOTS('',2,(#4212,#4213,#4214),.UNSPECIFIED.,
 .F.,.F.,(3,3),(0.,1.),.UNSPECIFIED.);
#2184=B_SPLINE_CURVE_WITH_KNOTS('',2,(#4216,#4217,#4218),.UNSPECIFIED.,
 .F.,.F.,(3,3),(0.,1.),.UNSPECIFIED.);
#2185=B_SPLINE_CURVE_WITH_KNOTS('',2,(#4220,#4221,#4222),.UNSPECIFIED.,
 .F.,.F.,(3,3),(0.,1.),.UNSPECIFIED.);
#2186=B_SPLINE_CURVE_WITH_KNOTS('',2,(#4275,#4276,#4277),.UNSPECIFIED.,
 .F.,.F.,(3,3),(0.,1.),.UNSPECIFIED.);
#2187=B_SPLINE_CURVE_WITH_KNOTS('',3,(#4281,#4282,#4283,#4284),
 .UNSPECIFIED.,.F.,.F.,(4,4),(0.,1.),.UNSPECIFIED.);
#2188=B_SPLINE_CURVE_WITH_KNOTS('',2,(#4299,#4300,#4301),.UNSPECIFIED.,
 .F.,.F.,(3,3),(0.,1.),.UNSPECIFIED.);
#2189=B_SPLINE_CURVE_WITH_KNOTS('',2,(#4312,#4313,#4314),.UNSPECIFIED.,
 .F.,.F.,(3,3),(0.,1.),.UNSPECIFIED.);
#2190=B_SPLINE_CURVE_WITH_KNOTS('',2,(#4325,#4326,#4327),.UNSPECIFIED.,
 .F.,.F.,(3,3),(0.,1.),.UNSPECIFIED.);
#2191=B_SPLINE_CURVE_WITH_KNOTS('',2,(#4338,#4339,#4340),.UNSPECIFIED.,
 .F.,.F.,(3,3),(0.,1.),.UNSPECIFIED.);
#2192=B_SPLINE_CURVE_WITH_KNOTS('',2,(#4351,#4352,#4353),.UNSPECIFIED.,
 .F.,.F.,(3,3),(0.,1.),.UNSPECIFIED.);
#2193=B_SPLINE_CURVE_WITH_KNOTS('',2,(#4364,#4365,#4366),.UNSPECIFIED.,
 .F.,.F.,(3,3),(0.,1.),.UNSPECIFIED.);
#2194=B_SPLINE_CURVE_WITH_KNOTS('',2,(#4377,#4378,#4379),.UNSPECIFIED.,
 .F.,.F.,(3,3),(0.,1.),.UNSPECIFIED.);
#2195=B_SPLINE_CURVE_WITH_KNOTS('',2,(#4392,#4393,#4394),.UNSPECIFIED.,
 .F.,.F.,(3,3),(0.,1.),.UNSPECIFIED.);
#2196=B_SPLINE_CURVE_WITH_KNOTS('',2,(#4405,#4406,#4407),.UNSPECIFIED.,
 .F.,.F.,(3,3),(0.,1.),.UNSPECIFIED.);
#2197=B_SPLINE_CURVE_WITH_KNOTS('',2,(#4418,#4419,#4420),.UNSPECIFIED.,
 .F.,.F.,(3,3),(0.,1.),.UNSPECIFIED.);
#2198=B_SPLINE_CURVE_WITH_KNOTS('',2,(#4431,#4432,#4433),.UNSPECIFIED.,
 .F.,.F.,(3,3),(0.,1.),.UNSPECIFIED.);
#2199=B_SPLINE_CURVE_WITH_KNOTS('',2,(#4442,#4443,#4444),.UNSPECIFIED.,
 .F.,.F.,(3,3),(0.,1.),.UNSPECIFIED.);
#2200=B_SPLINE_CURVE_WITH_KNOTS('',2,(#4480,#4481,#4482),.UNSPECIFIED.,
 .F.,.F.,(3,3),(0.,1.),.UNSPECIFIED.);
#2201=B_SPLINE_CURVE_WITH_KNOTS('',2,(#4495,#4496,#4497),.UNSPECIFIED.,
 .F.,.F.,(3,3),(0.,1.),.UNSPECIFIED.);
#2202=B_SPLINE_CURVE_WITH_KNOTS('',2,(#4508,#4509,#4510),.UNSPECIFIED.,
 .F.,.F.,(3,3),(0.,1.),.UNSPECIFIED.);
#2203=B_SPLINE_CURVE_WITH_KNOTS('',2,(#4521,#4522,#4523),.UNSPECIFIED.,
 .F.,.F.,(3,3),(0.,1.),.UNSPECIFIED.);
#2204=B_SPLINE_CURVE_WITH_KNOTS('',2,(#4534,#4535,#4536),.UNSPECIFIED.,
 .F.,.F.,(3,3),(0.,1.),.UNSPECIFIED.);
#2205=B_SPLINE_CURVE_WITH_KNOTS('',2,(#4547,#4548,#4549),.UNSPECIFIED.,
 .F.,.F.,(3,3),(0.,1.),.UNSPECIFIED.);
#2206=B_SPLINE_CURVE_WITH_KNOTS('',2,(#4560,#4561,#4562),.UNSPECIFIED.,
 .F.,.F.,(3,3),(0.,1.),.UNSPECIFIED.);
#2207=B_SPLINE_CURVE_WITH_KNOTS('',2,(#4574,#4575,#4576),.UNSPECIFIED.,
 .F.,.F.,(3,3),(0.,1.),.UNSPECIFIED.);
#2208=B_SPLINE_CURVE_WITH_KNOTS('',2,(#4580,#4581,#4582),.UNSPECIFIED.,
 .F.,.F.,(3,3),(0.,1.),.UNSPECIFIED.);
#2209=B_SPLINE_CURVE_WITH_KNOTS('',2,(#4594,#4595,#4596),.UNSPECIFIED.,
 .F.,.F.,(3,3),(0.,1.),.UNSPECIFIED.);
#2210=B_SPLINE_CURVE_WITH_KNOTS('',2,(#4597,#4598,#4599),.UNSPECIFIED.,
 .F.,.F.,(3,3),(0.,1.),.UNSPECIFIED.);
#2211=B_SPLINE_CURVE_WITH_KNOTS('',2,(#4611,#4612,#4613),.UNSPECIFIED.,
 .F.,.F.,(3,3),(0.,1.),.UNSPECIFIED.);
#2212=B_SPLINE_CURVE_WITH_KNOTS('',2,(#4614,#4615,#4616),.UNSPECIFIED.,
 .F.,.F.,(3,3),(0.,1.),.UNSPECIFIED.);
#2213=B_SPLINE_CURVE_WITH_KNOTS('',2,(#4628,#4629,#4630),.UNSPECIFIED.,
 .F.,.F.,(3,3),(0.,1.),.UNSPECIFIED.);
#2214=B_SPLINE_CURVE_WITH_KNOTS('',2,(#4631,#4632,#4633),.UNSPECIFIED.,
 .F.,.F.,(3,3),(0.,1.),.UNSPECIFIED.);
#2215=B_SPLINE_CURVE_WITH_KNOTS('',2,(#4645,#4646,#4647),.UNSPECIFIED.,
 .F.,.F.,(3,3),(0.,1.),.UNSPECIFIED.);
#2216=B_SPLINE_CURVE_WITH_KNOTS('',2,(#4648,#4649,#4650),.UNSPECIFIED.,
 .F.,.F.,(3,3),(0.,1.),.UNSPECIFIED.);
#2217=B_SPLINE_CURVE_WITH_KNOTS('',2,(#4662,#4663,#4664),.UNSPECIFIED.,
 .F.,.F.,(3,3),(0.,1.),.UNSPECIFIED.);
#2218=B_SPLINE_CURVE_WITH_KNOTS('',2,(#4665,#4666,#4667),.UNSPECIFIED.,
 .F.,.F.,(3,3),(0.,1.),.UNSPECIFIED.);
#2219=B_SPLINE_CURVE_WITH_KNOTS('',2,(#4679,#4680,#4681),.UNSPECIFIED.,
 .F.,.F.,(3,3),(0.,1.),.UNSPECIFIED.);
#2220=B_SPLINE_CURVE_WITH_KNOTS('',2,(#4682,#4683,#4684),.UNSPECIFIED.,
 .F.,.F.,(3,3),(0.,1.),.UNSPECIFIED.);
#2221=B_SPLINE_CURVE_WITH_KNOTS('',2,(#4696,#4697,#4698),.UNSPECIFIED.,
 .F.,.F.,(3,3),(0.,1.),.UNSPECIFIED.);
#2222=B_SPLINE_CURVE_WITH_KNOTS('',2,(#4699,#4700,#4701),.UNSPECIFIED.,
 .F.,.F.,(3,3),(0.,1.),.UNSPECIFIED.);
#2223=B_SPLINE_CURVE_WITH_KNOTS('',2,(#4713,#4714,#4715),.UNSPECIFIED.,
 .F.,.F.,(3,3),(0.,1.),.UNSPECIFIED.);
#2224=B_SPLINE_CURVE_WITH_KNOTS('',2,(#4716,#4717,#4718),.UNSPECIFIED.,
 .F.,.F.,(3,3),(0.,1.),.UNSPECIFIED.);
#2225=B_SPLINE_CURVE_WITH_KNOTS('',2,(#4730,#4731,#4732),.UNSPECIFIED.,
 .F.,.F.,(3,3),(0.,1.),.UNSPECIFIED.);
#2226=B_SPLINE_CURVE_WITH_KNOTS('',2,(#4733,#4734,#4735),.UNSPECIFIED.,
 .F.,.F.,(3,3),(0.,1.),.UNSPECIFIED.);
#2227=B_SPLINE_CURVE_WITH_KNOTS('',2,(#4747,#4748,#4749),.UNSPECIFIED.,
 .F.,.F.,(3,3),(0.,1.),.UNSPECIFIED.);
#2228=B_SPLINE_CURVE_WITH_KNOTS('',2,(#4750,#4751,#4752),.UNSPECIFIED.,
 .F.,.F.,(3,3),(0.,1.),.UNSPECIFIED.);
#2229=B_SPLINE_CURVE_WITH_KNOTS('',2,(#4761,#4762,#4763),.UNSPECIFIED.,
 .F.,.F.,(3,3),(0.,1.),.UNSPECIFIED.);
#2230=B_SPLINE_CURVE_WITH_KNOTS('',2,(#4764,#4765,#4766),.UNSPECIFIED.,
 .F.,.F.,(3,3),(0.,1.),.UNSPECIFIED.);
#2231=B_SPLINE_CURVE_WITH_KNOTS('',2,(#4775,#4776,#4777),.UNSPECIFIED.,
 .F.,.F.,(3,3),(0.,1.),.UNSPECIFIED.);
#2232=EDGE_LOOP('',(#712,#713,#714,#715,#716));
#2233=EDGE_LOOP('',(#717,#718,#719,#720,#721));
#2234=EDGE_LOOP('',(#722,#723,#724,#725,#726,#727));
#2235=EDGE_LOOP('',(#728,#729,#730,#731,#732,#733));
#2236=EDGE_LOOP('',(#734,#735,#736,#737,#738,#739));
#2237=EDGE_LOOP('',(#740,#741,#742,#743,#744,#745));
#2238=EDGE_LOOP('',(#746,#747,#748,#749,#750,#751));
#2239=EDGE_LOOP('',(#752,#753,#754,#755,#756,#757));
#2240=EDGE_LOOP('',(#758,#759,#760,#761));
#2241=EDGE_LOOP('',(#762));
#2242=EDGE_LOOP('',(#763));
#2243=EDGE_LOOP('',(#764,#765,#766,#767));
#2244=EDGE_LOOP('',(#768,#769,#770,#771));
#2245=EDGE_LOOP('',(#772,#773,#774,#775));
#2246=EDGE_LOOP('',(#776,#777,#778,#779));
#2247=EDGE_LOOP('',(#780,#781,#782,#783,#784,#785,#786));
#2248=EDGE_LOOP('',(#787,#788,#789,#790));
#2249=EDGE_LOOP('',(#791,#792,#793,#794));
#2250=EDGE_LOOP('',(#795,#796,#797,#798,#799,#800));
#2251=EDGE_LOOP('',(#801,#802,#803,#804,#805,#806));
#2252=EDGE_LOOP('',(#807,#808,#809,#810));
#2253=EDGE_LOOP('',(#811,#812,#813,#814));
#2254=EDGE_LOOP('',(#815,#816,#817,#818));
#2255=EDGE_LOOP('',(#819,#820,#821,#822,#823,#824,#825));
#2256=EDGE_LOOP('',(#826,#827,#828,#829));
#2257=EDGE_LOOP('',(#830,#831,#832,#833));
#2258=EDGE_LOOP('',(#834,#835,#836,#837,#838,#839,#840,#841,#842,#843,#844,
#845,#846,#847,#848,#849));
#2259=EDGE_LOOP('',(#850,#851,#852,#853));
#2260=EDGE_LOOP('',(#854,#855,#856,#857));
#2261=EDGE_LOOP('',(#858,#859,#860,#861));
#2262=EDGE_LOOP('',(#862,#863,#864,#865));
#2263=EDGE_LOOP('',(#866,#867,#868,#869));
#2264=EDGE_LOOP('',(#870,#871,#872,#873));
#2265=EDGE_LOOP('',(#874));
#2266=EDGE_LOOP('',(#875,#876,#877,#878,#879,#880));
#2267=EDGE_LOOP('',(#881,#882,#883,#884));
#2268=EDGE_LOOP('',(#885,#886,#887,#888));
#2269=EDGE_LOOP('',(#889,#890,#891,#892));
#2270=EDGE_LOOP('',(#893,#894,#895,#896));
#2271=EDGE_LOOP('',(#897,#898,#899,#900));
#2272=EDGE_LOOP('',(#901,#902,#903,#904));
#2273=EDGE_LOOP('',(#905));
#2274=EDGE_LOOP('',(#906,#907,#908,#909,#910,#911));
#2275=EDGE_LOOP('',(#912));
#2276=EDGE_LOOP('',(#913));
#2277=EDGE_LOOP('',(#914));
#2278=EDGE_LOOP('',(#915));
#2279=EDGE_LOOP('',(#916,#917,#918,#919));
#2280=EDGE_LOOP('',(#920,#921,#922,#923));
#2281=EDGE_LOOP('',(#924,#925,#926,#927,#928,#929,#930,#931));
#2282=EDGE_LOOP('',(#932,#933,#934,#935));
#2283=EDGE_LOOP('',(#936,#937,#938,#939));
#2284=EDGE_LOOP('',(#940,#941,#942,#943));
#2285=EDGE_LOOP('',(#944,#945,#946,#947));
#2286=EDGE_LOOP('',(#948,#949,#950,#951));
#2287=EDGE_LOOP('',(#952));
#2288=EDGE_LOOP('',(#953));
#2289=EDGE_LOOP('',(#954));
#2290=EDGE_LOOP('',(#955));
#2291=EDGE_LOOP('',(#956));
#2292=EDGE_LOOP('',(#957));
#2293=EDGE_LOOP('',(#958,#959,#960,#961,#962,#963,#964,#965));
#2294=EDGE_LOOP('',(#966));
#2295=EDGE_LOOP('',(#967,#968,#969,#970,#971,#972,#973,#974,#975,#976,#977,
#978,#979,#980,#981,#982,#983,#984,#985,#986,#987,#988,#989,#990,#991,#992,
#993,#994,#995,#996,#997,#998,#999,#1000));
#2296=EDGE_LOOP('',(#1001));
#2297=EDGE_LOOP('',(#1002));
#2298=EDGE_LOOP('',(#1003));
#2299=EDGE_LOOP('',(#1004));
#2300=EDGE_LOOP('',(#1005));
#2301=EDGE_LOOP('',(#1006));
#2302=EDGE_LOOP('',(#1007));
#2303=EDGE_LOOP('',(#1008));
#2304=EDGE_LOOP('',(#1009));
#2305=EDGE_LOOP('',(#1010));
#2306=EDGE_LOOP('',(#1011));
#2307=EDGE_LOOP('',(#1012));
#2308=EDGE_LOOP('',(#1013));
#2309=EDGE_LOOP('',(#1014,#1015,#1016,#1017));
#2310=EDGE_LOOP('',(#1018,#1019,#1020,#1021));
#2311=EDGE_LOOP('',(#1022,#1023,#1024,#1025));
#2312=EDGE_LOOP('',(#1026,#1027,#1028,#1029));
#2313=EDGE_LOOP('',(#1030,#1031,#1032,#1033));
#2314=EDGE_LOOP('',(#1034,#1035,#1036,#1037));
#2315=EDGE_LOOP('',(#1038,#1039,#1040,#1041));
#2316=EDGE_LOOP('',(#1042,#1043,#1044,#1045));
#2317=EDGE_LOOP('',(#1046,#1047,#1048,#1049));
#2318=EDGE_LOOP('',(#1050,#1051,#1052,#1053,#1054));
#2319=EDGE_LOOP('',(#1055,#1056,#1057,#1058));
#2320=EDGE_LOOP('',(#1059,#1060,#1061,#1062));
#2321=EDGE_LOOP('',(#1063,#1064,#1065,#1066,#1067));
#2322=EDGE_LOOP('',(#1068,#1069,#1070,#1071));
#2323=EDGE_LOOP('',(#1072,#1073,#1074,#1075));
#2324=EDGE_LOOP('',(#1076,#1077,#1078,#1079));
#2325=EDGE_LOOP('',(#1080,#1081,#1082,#1083));
#2326=EDGE_LOOP('',(#1084,#1085,#1086,#1087));
#2327=EDGE_LOOP('',(#1088,#1089,#1090));
#2328=EDGE_LOOP('',(#1091,#1092,#1093,#1094));
#2329=EDGE_LOOP('',(#1095,#1096,#1097,#1098));
#2330=EDGE_LOOP('',(#1099,#1100,#1101));
#2331=EDGE_LOOP('',(#1102,#1103,#1104,#1105));
#2332=EDGE_LOOP('',(#1106,#1107,#1108,#1109));
#2333=EDGE_LOOP('',(#1110,#1111,#1112,#1113));
#2334=EDGE_LOOP('',(#1114,#1115));
#2335=EDGE_LOOP('',(#1116,#1117));
#2336=EDGE_LOOP('',(#1118,#1119,#1120));
#2337=EDGE_LOOP('',(#1121,#1122,#1123));
#2338=EDGE_LOOP('',(#1124,#1125,#1126,#1127,#1128,#1129,#1130,#1131,#1132,
#1133,#1134));
#2339=EDGE_LOOP('',(#1135));
#2340=EDGE_LOOP('',(#1136,#1137,#1138,#1139,#1140,#1141));
#2341=EDGE_LOOP('',(#1142,#1143,#1144,#1145,#1146,#1147,#1148,#1149,#1150,
#1151,#1152,#1153,#1154,#1155,#1156,#1157,#1158,#1159,#1160,#1161,#1162));
#2342=EDGE_LOOP('',(#1163,#1164,#1165,#1166,#1167,#1168,#1169,#1170));
#2343=EDGE_LOOP('',(#1171,#1172,#1173,#1174));
#2344=EDGE_LOOP('',(#1175,#1176,#1177,#1178));
#2345=EDGE_LOOP('',(#1179,#1180,#1181,#1182));
#2346=EDGE_LOOP('',(#1183,#1184,#1185,#1186));
#2347=EDGE_LOOP('',(#1187,#1188,#1189,#1190));
#2348=EDGE_LOOP('',(#1191,#1192,#1193,#1194));
#2349=EDGE_LOOP('',(#1195));
#2350=EDGE_LOOP('',(#1196,#1197,#1198,#1199,#1200,#1201));
#2351=EDGE_LOOP('',(#1202));
#2352=EDGE_LOOP('',(#1203));
#2353=EDGE_LOOP('',(#1204,#1205,#1206,#1207));
#2354=EDGE_LOOP('',(#1208,#1209,#1210,#1211));
#2355=EDGE_LOOP('',(#1212,#1213,#1214,#1215));
#2356=EDGE_LOOP('',(#1216,#1217,#1218,#1219));
#2357=EDGE_LOOP('',(#1220,#1221,#1222,#1223));
#2358=EDGE_LOOP('',(#1224,#1225,#1226,#1227));
#2359=EDGE_LOOP('',(#1228,#1229,#1230,#1231));
#2360=EDGE_LOOP('',(#1232,#1233,#1234,#1235));
#2361=EDGE_LOOP('',(#1236,#1237,#1238,#1239));
#2362=EDGE_LOOP('',(#1240,#1241,#1242,#1243));
#2363=EDGE_LOOP('',(#1244,#1245,#1246,#1247));
#2364=EDGE_LOOP('',(#1248,#1249,#1250,#1251));
#2365=EDGE_LOOP('',(#1252,#1253,#1254,#1255));
#2366=EDGE_LOOP('',(#1256,#1257,#1258,#1259));
#2367=EDGE_LOOP('',(#1260,#1261,#1262,#1263));
#2368=EDGE_LOOP('',(#1264,#1265,#1266,#1267));
#2369=EDGE_LOOP('',(#1268,#1269,#1270,#1271));
#2370=EDGE_LOOP('',(#1272,#1273,#1274,#1275));
#2371=EDGE_LOOP('',(#1276,#1277,#1278,#1279));
#2372=EDGE_LOOP('',(#1280,#1281,#1282,#1283));
#2373=EDGE_LOOP('',(#1284,#1285,#1286,#1287));
#2374=EDGE_LOOP('',(#1288,#1289,#1290,#1291,#1292,#1293,#1294,#1295,#1296,
#1297,#1298,#1299,#1300,#1301,#1302,#1303,#1304,#1305,#1306,#1307,#1308));
#2375=EDGE_LOOP('',(#1309,#1310,#1311,#1312));
#2376=EDGE_LOOP('',(#1313,#1314,#1315,#1316));
#2377=EDGE_LOOP('',(#1317,#1318,#1319,#1320));
#2378=EDGE_LOOP('',(#1321,#1322,#1323,#1324));
#2379=EDGE_LOOP('',(#1325,#1326,#1327,#1328));
#2380=EDGE_LOOP('',(#1329,#1330,#1331,#1332));
#2381=EDGE_LOOP('',(#1333,#1334,#1335,#1336));
#2382=EDGE_LOOP('',(#1337,#1338,#1339,#1340));
#2383=EDGE_LOOP('',(#1341,#1342,#1343,#1344));
#2384=EDGE_LOOP('',(#1345,#1346,#1347,#1348));
#2385=EDGE_LOOP('',(#1349,#1350,#1351,#1352));
#2386=EDGE_LOOP('',(#1353,#1354,#1355,#1356));
#2387=EDGE_LOOP('',(#1357,#1358,#1359,#1360));
#2388=EDGE_LOOP('',(#1361,#1362,#1363,#1364));
#2389=EDGE_LOOP('',(#1365,#1366,#1367,#1368));
#2390=EDGE_LOOP('',(#1369,#1370,#1371,#1372));
#2391=EDGE_LOOP('',(#1373,#1374,#1375,#1376));
#2392=EDGE_LOOP('',(#1377,#1378,#1379,#1380));
#2393=EDGE_LOOP('',(#1381,#1382,#1383,#1384));
#2394=EDGE_LOOP('',(#1385,#1386,#1387,#1388));
#2395=EDGE_LOOP('',(#1389,#1390,#1391,#1392,#1393,#1394,#1395,#1396,#1397,
#1398,#1399,#1400));
#2396=EDGE_LOOP('',(#1401,#1402,#1403,#1404,#1405,#1406,#1407,#1408));
#2397=EDGE_LOOP('',(#1409,#1410,#1411,#1412,#1413,#1414,#1415,#1416,#1417,
#1418,#1419,#1420));
#2398=EDGE_LOOP('',(#1421,#1422,#1423,#1424));
#2399=EDGE_LOOP('',(#1425,#1426,#1427,#1428));
#2400=EDGE_LOOP('',(#1429,#1430,#1431,#1432));
#2401=EDGE_LOOP('',(#1433,#1434,#1435,#1436));
#2402=EDGE_LOOP('',(#1437,#1438,#1439,#1440));
#2403=EDGE_LOOP('',(#1441,#1442,#1443,#1444));
#2404=EDGE_LOOP('',(#1445,#1446,#1447,#1448));
#2405=EDGE_LOOP('',(#1449,#1450,#1451,#1452));
#2406=EDGE_LOOP('',(#1453,#1454,#1455,#1456));
#2407=EDGE_LOOP('',(#1457,#1458,#1459,#1460));
#2408=EDGE_LOOP('',(#1461,#1462,#1463,#1464));
#2409=EDGE_LOOP('',(#1465,#1466,#1467,#1468,#1469,#1470,#1471,#1472,#1473,
#1474,#1475));
#2410=EDGE_LOOP('',(#1476));
#2411=EDGE_LOOP('',(#1477));
#2412=EDGE_LOOP('',(#1478,#1479,#1480,#1481));
#2413=EDGE_LOOP('',(#1482,#1483,#1484,#1485));
#2414=EDGE_LOOP('',(#1486,#1487,#1488,#1489));
#2415=EDGE_LOOP('',(#1490,#1491,#1492,#1493));
#2416=EDGE_LOOP('',(#1494,#1495,#1496,#1497));
#2417=EDGE_LOOP('',(#1498,#1499,#1500,#1501));
#2418=FACE_BOUND('',#2232,.T.);
#2419=FACE_BOUND('',#2233,.T.);
#2420=FACE_BOUND('',#2234,.T.);
#2421=FACE_BOUND('',#2235,.T.);
#2422=FACE_BOUND('',#2236,.T.);
#2423=FACE_BOUND('',#2237,.T.);
#2424=FACE_BOUND('',#2238,.T.);
#2425=FACE_BOUND('',#2239,.T.);
#2426=FACE_BOUND('',#2240,.T.);
#2427=FACE_BOUND('',#2241,.T.);
#2428=FACE_BOUND('',#2242,.T.);
#2429=FACE_BOUND('',#2243,.T.);
#2430=FACE_BOUND('',#2244,.T.);
#2431=FACE_BOUND('',#2245,.T.);
#2432=FACE_BOUND('',#2246,.T.);
#2433=FACE_BOUND('',#2247,.T.);
#2434=FACE_BOUND('',#2248,.T.);
#2435=FACE_BOUND('',#2249,.T.);
#2436=FACE_BOUND('',#2250,.T.);
#2437=FACE_BOUND('',#2251,.T.);
#2438=FACE_BOUND('',#2252,.T.);
#2439=FACE_BOUND('',#2253,.T.);
#2440=FACE_BOUND('',#2254,.T.);
#2441=FACE_BOUND('',#2255,.T.);
#2442=FACE_BOUND('',#2256,.T.);
#2443=FACE_BOUND('',#2257,.T.);
#2444=FACE_BOUND('',#2258,.T.);
#2445=FACE_BOUND('',#2259,.T.);
#2446=FACE_BOUND('',#2260,.T.);
#2447=FACE_BOUND('',#2261,.T.);
#2448=FACE_BOUND('',#2262,.T.);
#2449=FACE_BOUND('',#2263,.T.);
#2450=FACE_BOUND('',#2264,.T.);
#2451=FACE_BOUND('',#2265,.T.);
#2452=FACE_BOUND('',#2266,.T.);
#2453=FACE_BOUND('',#2267,.T.);
#2454=FACE_BOUND('',#2268,.T.);
#2455=FACE_BOUND('',#2269,.T.);
#2456=FACE_BOUND('',#2270,.T.);
#2457=FACE_BOUND('',#2271,.T.);
#2458=FACE_BOUND('',#2272,.T.);
#2459=FACE_BOUND('',#2273,.T.);
#2460=FACE_BOUND('',#2274,.T.);
#2461=FACE_BOUND('',#2275,.T.);
#2462=FACE_BOUND('',#2276,.T.);
#2463=FACE_BOUND('',#2277,.T.);
#2464=FACE_BOUND('',#2278,.T.);
#2465=FACE_BOUND('',#2279,.T.);
#2466=FACE_BOUND('',#2280,.T.);
#2467=FACE_BOUND('',#2281,.T.);
#2468=FACE_BOUND('',#2282,.T.);
#2469=FACE_BOUND('',#2283,.T.);
#2470=FACE_BOUND('',#2284,.T.);
#2471=FACE_BOUND('',#2285,.T.);
#2472=FACE_BOUND('',#2286,.T.);
#2473=FACE_BOUND('',#2287,.T.);
#2474=FACE_BOUND('',#2288,.T.);
#2475=FACE_BOUND('',#2289,.T.);
#2476=FACE_BOUND('',#2290,.T.);
#2477=FACE_BOUND('',#2291,.T.);
#2478=FACE_BOUND('',#2292,.T.);
#2479=FACE_BOUND('',#2293,.T.);
#2480=FACE_BOUND('',#2294,.T.);
#2481=FACE_BOUND('',#2295,.T.);
#2482=FACE_BOUND('',#2296,.T.);
#2483=FACE_BOUND('',#2297,.T.);
#2484=FACE_BOUND('',#2298,.T.);
#2485=FACE_BOUND('',#2299,.T.);
#2486=FACE_BOUND('',#2300,.T.);
#2487=FACE_BOUND('',#2301,.T.);
#2488=FACE_BOUND('',#2302,.T.);
#2489=FACE_BOUND('',#2303,.T.);
#2490=FACE_BOUND('',#2304,.T.);
#2491=FACE_BOUND('',#2305,.T.);
#2492=FACE_BOUND('',#2306,.T.);
#2493=FACE_BOUND('',#2307,.T.);
#2494=FACE_BOUND('',#2308,.T.);
#2495=FACE_BOUND('',#2309,.T.);
#2496=FACE_BOUND('',#2310,.T.);
#2497=FACE_BOUND('',#2311,.T.);
#2498=FACE_BOUND('',#2312,.T.);
#2499=FACE_BOUND('',#2313,.T.);
#2500=FACE_BOUND('',#2314,.T.);
#2501=FACE_BOUND('',#2315,.T.);
#2502=FACE_BOUND('',#2316,.T.);
#2503=FACE_BOUND('',#2317,.T.);
#2504=FACE_BOUND('',#2318,.T.);
#2505=FACE_BOUND('',#2319,.T.);
#2506=FACE_BOUND('',#2320,.T.);
#2507=FACE_BOUND('',#2321,.T.);
#2508=FACE_BOUND('',#2322,.T.);
#2509=FACE_BOUND('',#2323,.T.);
#2510=FACE_BOUND('',#2324,.T.);
#2511=FACE_BOUND('',#2325,.T.);
#2512=FACE_BOUND('',#2326,.T.);
#2513=FACE_BOUND('',#2327,.T.);
#2514=FACE_BOUND('',#2328,.T.);
#2515=FACE_BOUND('',#2329,.T.);
#2516=FACE_BOUND('',#2330,.T.);
#2517=FACE_BOUND('',#2331,.T.);
#2518=FACE_BOUND('',#2332,.T.);
#2519=FACE_BOUND('',#2333,.T.);
#2520=FACE_BOUND('',#2334,.T.);
#2521=FACE_BOUND('',#2335,.T.);
#2522=FACE_BOUND('',#2336,.T.);
#2523=FACE_BOUND('',#2337,.T.);
#2524=FACE_BOUND('',#2338,.T.);
#2525=FACE_BOUND('',#2339,.T.);
#2526=FACE_BOUND('',#2340,.T.);
#2527=FACE_BOUND('',#2341,.T.);
#2528=FACE_BOUND('',#2342,.T.);
#2529=FACE_BOUND('',#2343,.T.);
#2530=FACE_BOUND('',#2344,.T.);
#2531=FACE_BOUND('',#2345,.T.);
#2532=FACE_BOUND('',#2346,.T.);
#2533=FACE_BOUND('',#2347,.T.);
#2534=FACE_BOUND('',#2348,.T.);
#2535=FACE_BOUND('',#2349,.T.);
#2536=FACE_BOUND('',#2350,.T.);
#2537=FACE_BOUND('',#2351,.T.);
#2538=FACE_BOUND('',#2352,.T.);
#2539=FACE_BOUND('',#2353,.T.);
#2540=FACE_BOUND('',#2354,.T.);
#2541=FACE_BOUND('',#2355,.T.);
#2542=FACE_BOUND('',#2356,.T.);
#2543=FACE_BOUND('',#2357,.T.);
#2544=FACE_BOUND('',#2358,.T.);
#2545=FACE_BOUND('',#2359,.T.);
#2546=FACE_BOUND('',#2360,.T.);
#2547=FACE_BOUND('',#2361,.T.);
#2548=FACE_BOUND('',#2362,.T.);
#2549=FACE_BOUND('',#2363,.T.);
#2550=FACE_BOUND('',#2364,.T.);
#2551=FACE_BOUND('',#2365,.T.);
#2552=FACE_BOUND('',#2366,.T.);
#2553=FACE_BOUND('',#2367,.T.);
#2554=FACE_BOUND('',#2368,.T.);
#2555=FACE_BOUND('',#2369,.T.);
#2556=FACE_BOUND('',#2370,.T.);
#2557=FACE_BOUND('',#2371,.T.);
#2558=FACE_BOUND('',#2372,.T.);
#2559=FACE_BOUND('',#2373,.T.);
#2560=FACE_BOUND('',#2374,.T.);
#2561=FACE_BOUND('',#2375,.T.);
#2562=FACE_BOUND('',#2376,.T.);
#2563=FACE_BOUND('',#2377,.T.);
#2564=FACE_BOUND('',#2378,.T.);
#2565=FACE_BOUND('',#2379,.T.);
#2566=FACE_BOUND('',#2380,.T.);
#2567=FACE_BOUND('',#2381,.T.);
#2568=FACE_BOUND('',#2382,.T.);
#2569=FACE_BOUND('',#2383,.T.);
#2570=FACE_BOUND('',#2384,.T.);
#2571=FACE_BOUND('',#2385,.T.);
#2572=FACE_BOUND('',#2386,.T.);
#2573=FACE_BOUND('',#2387,.T.);
#2574=FACE_BOUND('',#2388,.T.);
#2575=FACE_BOUND('',#2389,.T.);
#2576=FACE_BOUND('',#2390,.T.);
#2577=FACE_BOUND('',#2391,.T.);
#2578=FACE_BOUND('',#2392,.T.);
#2579=FACE_BOUND('',#2393,.T.);
#2580=FACE_BOUND('',#2394,.T.);
#2581=FACE_BOUND('',#2395,.T.);
#2582=FACE_BOUND('',#2396,.T.);
#2583=FACE_BOUND('',#2397,.T.);
#2584=FACE_BOUND('',#2398,.T.);
#2585=FACE_BOUND('',#2399,.T.);
#2586=FACE_BOUND('',#2400,.T.);
#2587=FACE_BOUND('',#2401,.T.);
#2588=FACE_BOUND('',#2402,.T.);
#2589=FACE_BOUND('',#2403,.T.);
#2590=FACE_BOUND('',#2404,.T.);
#2591=FACE_BOUND('',#2405,.T.);
#2592=FACE_BOUND('',#2406,.T.);
#2593=FACE_BOUND('',#2407,.T.);
#2594=FACE_BOUND('',#2408,.T.);
#2595=FACE_BOUND('',#2409,.T.);
#2596=FACE_BOUND('',#2410,.T.);
#2597=FACE_BOUND('',#2411,.T.);
#2598=FACE_BOUND('',#2412,.T.);
#2599=FACE_BOUND('',#2413,.T.);
#2600=FACE_BOUND('',#2414,.T.);
#2601=FACE_BOUND('',#2415,.T.);
#2602=FACE_BOUND('',#2416,.T.);
#2603=FACE_BOUND('',#2417,.T.);
#2604=CYLINDRICAL_SURFACE('',#2819,0.003);
#2605=CYLINDRICAL_SURFACE('',#2822,0.003);
#2606=CYLINDRICAL_SURFACE('',#2825,0.003);
#2607=CYLINDRICAL_SURFACE('',#2827,0.003);
#2608=CYLINDRICAL_SURFACE('',#2829,0.003);
#2609=CYLINDRICAL_SURFACE('',#2832,0.003);
#2610=CYLINDRICAL_SURFACE('',#2872,0.0027);
#2611=CYLINDRICAL_SURFACE('',#2873,0.0027);
#2612=CYLINDRICAL_SURFACE('',#2874,0.0267665042944955);
#2613=CYLINDRICAL_SURFACE('',#2877,0.006);
#2614=CYLINDRICAL_SURFACE('',#2880,0.0267665042944955);
#2615=CYLINDRICAL_SURFACE('',#2884,0.006);
#2616=CYLINDRICAL_SURFACE('',#2887,0.0267665042944955);
#2617=CYLINDRICAL_SURFACE('',#2890,0.006);
#2618=CYLINDRICAL_SURFACE('',#2893,0.0267665042944955);
#2619=CYLINDRICAL_SURFACE('',#2896,0.006);
#2620=CYLINDRICAL_SURFACE('',#2899,0.007);
#2621=CYLINDRICAL_SURFACE('',#2916,0.0032);
#2622=CYLINDRICAL_SURFACE('',#2917,0.0032);
#2623=CYLINDRICAL_SURFACE('',#2918,0.0032);
#2624=CYLINDRICAL_SURFACE('',#2919,0.0032);
#2625=CYLINDRICAL_SURFACE('',#2920,0.003);
#2626=CYLINDRICAL_SURFACE('',#2937,0.003);
#2627=CYLINDRICAL_SURFACE('',#2938,0.003);
#2628=CYLINDRICAL_SURFACE('',#2940,0.003);
#2629=CYLINDRICAL_SURFACE('',#2944,0.003);
#2630=CYLINDRICAL_SURFACE('',#2945,0.003);
#2631=CYLINDRICAL_SURFACE('',#2949,0.003);
#2632=CYLINDRICAL_SURFACE('',#2951,0.003);
#2633=CYLINDRICAL_SURFACE('',#2952,0.003);
#2634=CYLINDRICAL_SURFACE('',#2953,0.0045);
#2635=CYLINDRICAL_SURFACE('',#2954,0.0045);
#2636=CYLINDRICAL_SURFACE('',#2955,0.0045);
#2637=CYLINDRICAL_SURFACE('',#2956,0.0045);
#2638=CYLINDRICAL_SURFACE('',#2971,0.000628047375276575);
#2639=ADVANCED_FACE('',(#2418),#2604,.F.);
#2640=ADVANCED_FACE('',(#2419),#2605,.F.);
#2641=ADVANCED_FACE('',(#2420),#2606,.F.);
#2642=ADVANCED_FACE('',(#2421),#2607,.F.);
#2643=ADVANCED_FACE('',(#2422),#2608,.F.);
#2644=ADVANCED_FACE('',(#2423),#2609,.F.);
#2645=ADVANCED_FACE('',(#2424),#51,.T.);
#2646=ADVANCED_FACE('',(#2425),#52,.F.);
#2647=ADVANCED_FACE('',(#2426),#53,.F.);
#2648=ADVANCED_FACE('',(#2427,#2428,#2429),#54,.T.);
#2649=ADVANCED_FACE('',(#2430),#55,.T.);
#2650=ADVANCED_FACE('',(#2431),#56,.F.);
#2651=ADVANCED_FACE('',(#2432),#57,.F.);
#2652=ADVANCED_FACE('',(#2433),#58,.F.);
#2653=ADVANCED_FACE('',(#2434),#59,.F.);
#2654=ADVANCED_FACE('',(#2435),#60,.F.);
#2655=ADVANCED_FACE('',(#2436,#2437,#2438),#61,.F.);
#2656=ADVANCED_FACE('',(#2439),#62,.T.);
#2657=ADVANCED_FACE('',(#2440),#63,.T.);
#2658=ADVANCED_FACE('',(#2441),#64,.T.);
#2659=ADVANCED_FACE('',(#2442),#65,.T.);
#2660=ADVANCED_FACE('',(#2443),#66,.T.);
#2661=ADVANCED_FACE('',(#2444),#67,.T.);
#2662=ADVANCED_FACE('',(#2445),#68,.F.);
#2663=ADVANCED_FACE('',(#2446),#69,.F.);
#2664=ADVANCED_FACE('',(#2447),#70,.F.);
#2665=ADVANCED_FACE('',(#2448),#71,.F.);
#2666=ADVANCED_FACE('',(#2449),#72,.F.);
#2667=ADVANCED_FACE('',(#2450),#73,.F.);
#2668=ADVANCED_FACE('',(#2451,#2452),#74,.F.);
#2669=ADVANCED_FACE('',(#2453),#75,.F.);
#2670=ADVANCED_FACE('',(#2454),#76,.F.);
#2671=ADVANCED_FACE('',(#2455),#77,.F.);
#2672=ADVANCED_FACE('',(#2456),#78,.F.);
#2673=ADVANCED_FACE('',(#2457),#79,.F.);
#2674=ADVANCED_FACE('',(#2458),#80,.F.);
#2675=ADVANCED_FACE('',(#2459,#2460),#81,.F.);
#2676=ADVANCED_FACE('',(#2461,#2462),#2610,.F.);
#2677=ADVANCED_FACE('',(#2463,#2464),#2611,.F.);
#2678=ADVANCED_FACE('',(#2465),#2612,.F.);
#2679=ADVANCED_FACE('',(#2466),#2613,.T.);
#2680=ADVANCED_FACE('',(#2467),#2614,.F.);
#2681=ADVANCED_FACE('',(#2468),#2615,.T.);
#2682=ADVANCED_FACE('',(#2469),#2616,.F.);
#2683=ADVANCED_FACE('',(#2470),#2617,.T.);
#2684=ADVANCED_FACE('',(#2471),#2618,.F.);
#2685=ADVANCED_FACE('',(#2472),#2619,.T.);
#2686=ADVANCED_FACE('',(#2473,#2474),#2620,.F.);
#2687=ADVANCED_FACE('',(#2475,#2476,#2477,#2478,#2479,#2480),#82,.F.);
#2688=ADVANCED_FACE('',(#2481,#2482,#2483,#2484,#2485,#2486),#83,.T.);
#2689=ADVANCED_FACE('',(#2487,#2488),#2621,.F.);
#2690=ADVANCED_FACE('',(#2489,#2490),#2622,.F.);
#2691=ADVANCED_FACE('',(#2491,#2492),#2623,.F.);
#2692=ADVANCED_FACE('',(#2493,#2494),#2624,.F.);
#2693=ADVANCED_FACE('',(#2495),#2625,.F.);
#2694=ADVANCED_FACE('',(#2496),#84,.T.);
#2695=ADVANCED_FACE('',(#2497),#85,.T.);
#2696=ADVANCED_FACE('',(#2498),#86,.T.);
#2697=ADVANCED_FACE('',(#2499),#87,.T.);
#2698=ADVANCED_FACE('',(#2500),#88,.T.);
#2699=ADVANCED_FACE('',(#2501),#89,.T.);
#2700=ADVANCED_FACE('',(#2502),#90,.T.);
#2701=ADVANCED_FACE('',(#2503),#91,.T.);
#2702=ADVANCED_FACE('',(#2504),#92,.F.);
#2703=ADVANCED_FACE('',(#2505),#93,.F.);
#2704=ADVANCED_FACE('',(#2506),#94,.F.);
#2705=ADVANCED_FACE('',(#2507),#95,.F.);
#2706=ADVANCED_FACE('',(#2508),#96,.F.);
#2707=ADVANCED_FACE('',(#2509),#97,.F.);
#2708=ADVANCED_FACE('',(#2510),#2626,.F.);
#2709=ADVANCED_FACE('',(#2511),#2627,.F.);
#2710=ADVANCED_FACE('',(#2512),#2628,.F.);
#2711=ADVANCED_FACE('',(#2513),#49,.F.);
#2712=ADVANCED_FACE('',(#2514),#2629,.F.);
#2713=ADVANCED_FACE('',(#2515),#2630,.F.);
#2714=ADVANCED_FACE('',(#2516),#50,.F.);
#2715=ADVANCED_FACE('',(#2517),#2631,.F.);
#2716=ADVANCED_FACE('',(#2518),#2632,.F.);
#2717=ADVANCED_FACE('',(#2519),#2633,.F.);
#2718=ADVANCED_FACE('',(#2520),#2634,.F.);
#2719=ADVANCED_FACE('',(#2521),#2635,.F.);
#2720=ADVANCED_FACE('',(#2522),#2636,.F.);
#2721=ADVANCED_FACE('',(#2523),#2637,.F.);
#2722=ADVANCED_FACE('',(#2524,#2525,#2526,#2527,#2528),#98,.T.);
#2723=ADVANCED_FACE('',(#2529),#99,.T.);
#2724=ADVANCED_FACE('',(#2530),#100,.F.);
#2725=ADVANCED_FACE('',(#2531),#101,.F.);
#2726=ADVANCED_FACE('',(#2532),#102,.F.);
#2727=ADVANCED_FACE('',(#2533),#103,.F.);
#2728=ADVANCED_FACE('',(#2534),#104,.T.);
#2729=ADVANCED_FACE('',(#2535,#2536),#105,.F.);
#2730=ADVANCED_FACE('',(#2537,#2538),#43,.F.);
#2731=ADVANCED_FACE('',(#2539),#10,.T.);
#2732=ADVANCED_FACE('',(#2540),#2638,.T.);
#2733=ADVANCED_FACE('',(#2541),#11,.T.);
#2734=ADVANCED_FACE('',(#2542),#12,.T.);
#2735=ADVANCED_FACE('',(#2543),#13,.T.);
#2736=ADVANCED_FACE('',(#2544),#14,.T.);
#2737=ADVANCED_FACE('',(#2545),#15,.T.);
#2738=ADVANCED_FACE('',(#2546),#16,.T.);
#2739=ADVANCED_FACE('',(#2547),#17,.T.);
#2740=ADVANCED_FACE('',(#2548),#18,.T.);
#2741=ADVANCED_FACE('',(#2549),#19,.T.);
#2742=ADVANCED_FACE('',(#2550),#20,.T.);
#2743=ADVANCED_FACE('',(#2551),#21,.T.);
#2744=ADVANCED_FACE('',(#2552),#22,.T.);
#2745=ADVANCED_FACE('',(#2553),#106,.T.);
#2746=ADVANCED_FACE('',(#2554),#107,.T.);
#2747=ADVANCED_FACE('',(#2555),#108,.T.);
#2748=ADVANCED_FACE('',(#2556),#109,.T.);
#2749=ADVANCED_FACE('',(#2557),#110,.T.);
#2750=ADVANCED_FACE('',(#2558),#111,.T.);
#2751=ADVANCED_FACE('',(#2559),#112,.T.);
#2752=ADVANCED_FACE('',(#2560),#113,.T.);
#2753=ADVANCED_FACE('',(#2561),#23,.T.);
#2754=ADVANCED_FACE('',(#2562),#24,.T.);
#2755=ADVANCED_FACE('',(#2563),#25,.T.);
#2756=ADVANCED_FACE('',(#2564),#26,.T.);
#2757=ADVANCED_FACE('',(#2565),#27,.T.);
#2758=ADVANCED_FACE('',(#2566),#28,.T.);
#2759=ADVANCED_FACE('',(#2567),#29,.T.);
#2760=ADVANCED_FACE('',(#2568),#30,.T.);
#2761=ADVANCED_FACE('',(#2569),#31,.T.);
#2762=ADVANCED_FACE('',(#2570),#32,.T.);
#2763=ADVANCED_FACE('',(#2571),#33,.T.);
#2764=ADVANCED_FACE('',(#2572),#34,.T.);
#2765=ADVANCED_FACE('',(#2573),#35,.T.);
#2766=ADVANCED_FACE('',(#2574),#36,.T.);
#2767=ADVANCED_FACE('',(#2575),#37,.T.);
#2768=ADVANCED_FACE('',(#2576),#38,.T.);
#2769=ADVANCED_FACE('',(#2577),#39,.T.);
#2770=ADVANCED_FACE('',(#2578),#40,.T.);
#2771=ADVANCED_FACE('',(#2579),#41,.T.);
#2772=ADVANCED_FACE('',(#2580),#42,.T.);
#2773=ADVANCED_FACE('',(#2581,#2582),#114,.T.);
#2774=ADVANCED_FACE('',(#2583),#115,.T.);
#2775=ADVANCED_FACE('',(#2584),#116,.T.);
#2776=ADVANCED_FACE('',(#2585),#117,.T.);
#2777=ADVANCED_FACE('',(#2586),#118,.T.);
#2778=ADVANCED_FACE('',(#2587),#119,.T.);
#2779=ADVANCED_FACE('',(#2588),#120,.T.);
#2780=ADVANCED_FACE('',(#2589),#121,.T.);
#2781=ADVANCED_FACE('',(#2590),#122,.T.);
#2782=ADVANCED_FACE('',(#2591),#123,.T.);
#2783=ADVANCED_FACE('',(#2592),#124,.T.);
#2784=ADVANCED_FACE('',(#2593),#125,.T.);
#2785=ADVANCED_FACE('',(#2594),#126,.T.);
#2786=ADVANCED_FACE('',(#2595),#127,.T.);
#2787=ADVANCED_FACE('',(#2596,#2597),#44,.F.);
#2788=ADVANCED_FACE('',(#2598),#128,.F.);
#2789=ADVANCED_FACE('',(#2599),#129,.F.);
#2790=ADVANCED_FACE('',(#2600),#130,.F.);
#2791=ADVANCED_FACE('',(#2601),#131,.T.);
#2792=ADVANCED_FACE('',(#2602),#132,.F.);
#2793=ADVANCED_FACE('',(#2603),#133,.T.);
#2794=CLOSED_SHELL('',(#2639,#2640,#2641,#2642,#2643,#2644,#2645,#2646,
#2647,#2648,#2649,#2650,#2651,#2652,#2653,#2654,#2655,#2656,#2657,#2658,
#2659,#2660,#2661,#2662,#2663,#2664,#2665,#2666,#2667,#2668,#2669,#2670,
#2671,#2672,#2673,#2674,#2675,#2676,#2677,#2678,#2679,#2680,#2681,#2682,
#2683,#2684,#2685,#2686,#2687,#2688,#2689,#2690,#2691,#2692,#2693,#2694,
#2695,#2696,#2697,#2698,#2699,#2700,#2701,#2702,#2703,#2704,#2705,#2706,
#2707,#2708,#2709,#2710,#2711,#2712,#2713,#2714,#2715,#2716,#2717,#2718,
#2719,#2720,#2721));
#2795=CLOSED_SHELL('',(#2722,#2723,#2724,#2725,#2726,#2727,#2728,#2729,
#2730,#2731,#2732,#2733,#2734,#2735,#2736,#2737,#2738,#2739,#2740,#2741,
#2742,#2743,#2744,#2745,#2746,#2747,#2748,#2749,#2750,#2751,#2752,#2753,
#2754,#2755,#2756,#2757,#2758,#2759,#2760,#2761,#2762,#2763,#2764,#2765,
#2766,#2767,#2768,#2769,#2770,#2771,#2772,#2773,#2774,#2775,#2776,#2777,
#2778,#2779,#2780,#2781,#2782,#2783,#2784,#2785,#2786,#2787,#2788,#2789,
#2790,#2791,#2792,#2793));
#2796=STYLED_ITEM('',(#2798),#2812);
#2797=STYLED_ITEM('',(#2799),#2813);
#2798=PRESENTATION_STYLE_ASSIGNMENT((#2800));
#2799=PRESENTATION_STYLE_ASSIGNMENT((#2801));
#2800=SURFACE_STYLE_USAGE(.BOTH.,#2802);
#2801=SURFACE_STYLE_USAGE(.BOTH.,#2803);
#2802=SURFACE_SIDE_STYLE('',(#2804));
#2803=SURFACE_SIDE_STYLE('',(#2805));
#2804=SURFACE_STYLE_FILL_AREA(#2806);
#2805=SURFACE_STYLE_FILL_AREA(#2807);
#2806=FILL_AREA_STYLE('',(#2808));
#2807=FILL_AREA_STYLE('',(#2809));
#2808=FILL_AREA_STYLE_COLOUR('',#2810);
#2809=FILL_AREA_STYLE_COLOUR('',#2811);
#2810=COLOUR_RGB('',0.647058823529412,0.647058823529412,0.647058823529412);
#2811=COLOUR_RGB('',0.231372549019608,0.380392156862745,0.705882352941177);
#2812=MANIFOLD_SOLID_BREP('Holder',#2794);
#2813=MANIFOLD_SOLID_BREP('Cuff',#2795);
#2814=SHAPE_DEFINITION_REPRESENTATION(#4850,#2816);
#2815=SHAPE_DEFINITION_REPRESENTATION(#4851,#2817);
#2816=SHAPE_REPRESENTATION('Holder',(#2818),#4840);
#2817=SHAPE_REPRESENTATION('Cuff',(#2957),#4841);
#2818=AXIS2_PLACEMENT_3D('',#3629,#3002,#3003);
#2819=AXIS2_PLACEMENT_3D('',#3630,#3004,#3005);
#2820=AXIS2_PLACEMENT_3D('',#3639,#3007,#3008);
#2821=AXIS2_PLACEMENT_3D('',#3643,#3010,#3011);
#2822=AXIS2_PLACEMENT_3D('',#3644,#3012,#3013);
#2823=AXIS2_PLACEMENT_3D('',#3651,#3014,#3015);
#2824=AXIS2_PLACEMENT_3D('',#3655,#3017,#3018);
#2825=AXIS2_PLACEMENT_3D('',#3658,#3020,#3021);
#2826=AXIS2_PLACEMENT_3D('',#3666,#3023,#3024);
#2827=AXIS2_PLACEMENT_3D('',#3674,#3026,#3027);
#2828=AXIS2_PLACEMENT_3D('',#3687,#3029,#3030);
#2829=AXIS2_PLACEMENT_3D('',#3690,#3032,#3033);
#2830=AXIS2_PLACEMENT_3D('',#3700,#3035,#3036);
#2831=AXIS2_PLACEMENT_3D('',#3704,#3038,#3039);
#2832=AXIS2_PLACEMENT_3D('',#3707,#3041,#3042);
#2833=AXIS2_PLACEMENT_3D('',#3717,#3044,#3045);
#2834=AXIS2_PLACEMENT_3D('',#3721,#3047,#3048);
#2835=AXIS2_PLACEMENT_3D('',#3724,#3050,#3051);
#2836=AXIS2_PLACEMENT_3D('',#3734,#3057,#3058);
#2837=AXIS2_PLACEMENT_3D('',#3744,#3064,#3065);
#2838=AXIS2_PLACEMENT_3D('',#3748,#3068,#3069);
#2839=AXIS2_PLACEMENT_3D('',#3749,#3070,#3071);
#2840=AXIS2_PLACEMENT_3D('',#3751,#3072,#3073);
#2841=AXIS2_PLACEMENT_3D('',#3757,#3077,#3078);
#2842=AXIS2_PLACEMENT_3D('',#3759,#3080,#3081);
#2843=AXIS2_PLACEMENT_3D('',#3765,#3085,#3086);
#2844=AXIS2_PLACEMENT_3D('',#3771,#3090,#3091);
#2845=AXIS2_PLACEMENT_3D('',#3776,#3094,#3095);
#2846=AXIS2_PLACEMENT_3D('',#3783,#3099,#3100);
#2847=AXIS2_PLACEMENT_3D('',#3789,#3104,#3105);
#2848=AXIS2_PLACEMENT_3D('',#3795,#3109,#3110);
#2849=AXIS2_PLACEMENT_3D('',#3825,#3126,#3127);
#2850=AXIS2_PLACEMENT_3D('',#3831,#3131,#3132);
#2851=AXIS2_PLACEMENT_3D('',#3837,#3136,#3137);
#2852=AXIS2_PLACEMENT_3D('',#3848,#3143,#3144);
#2853=AXIS2_PLACEMENT_3D('',#3849,#3145,#3146);
#2854=AXIS2_PLACEMENT_3D('',#3855,#3150,#3151);
#2855=AXIS2_PLACEMENT_3D('',#3858,#3154,#3155);
#2856=AXIS2_PLACEMENT_3D('',#3859,#3156,#3157);
#2857=AXIS2_PLACEMENT_3D('',#3865,#3161,#3162);
#2858=AXIS2_PLACEMENT_3D('',#3869,#3165,#3166);
#2859=AXIS2_PLACEMENT_3D('',#3873,#3169,#3170);
#2860=AXIS2_PLACEMENT_3D('',#3877,#3173,#3174);
#2861=AXIS2_PLACEMENT_3D('',#3881,#3177,#3178);
#2862=AXIS2_PLACEMENT_3D('',#3883,#3180,#3181);
#2863=AXIS2_PLACEMENT_3D('',#3884,#3182,#3183);
#2864=AXIS2_PLACEMENT_3D('',#3886,#3184,#3185);
#2865=AXIS2_PLACEMENT_3D('',#3892,#3189,#3190);
#2866=AXIS2_PLACEMENT_3D('',#3896,#3193,#3194);
#2867=AXIS2_PLACEMENT_3D('',#3900,#3197,#3198);
#2868=AXIS2_PLACEMENT_3D('',#3904,#3201,#3202);
#2869=AXIS2_PLACEMENT_3D('',#3908,#3205,#3206);
#2870=AXIS2_PLACEMENT_3D('',#3910,#3208,#3209);
#2871=AXIS2_PLACEMENT_3D('',#3911,#3210,#3211);
#2872=AXIS2_PLACEMENT_3D('',#3913,#3212,#3213);
#2873=AXIS2_PLACEMENT_3D('',#3914,#3214,#3215);
#2874=AXIS2_PLACEMENT_3D('',#3915,#3216,#3217);
#2875=AXIS2_PLACEMENT_3D('',#3916,#3218,#3219);
#2876=AXIS2_PLACEMENT_3D('',#3921,#3221,#3222);
#2877=AXIS2_PLACEMENT_3D('',#3924,#3224,#3225);
#2878=AXIS2_PLACEMENT_3D('',#3925,#3226,#3227);
#2879=AXIS2_PLACEMENT_3D('',#3927,#3228,#3229);
#2880=AXIS2_PLACEMENT_3D('',#3930,#3231,#3232);
#2881=AXIS2_PLACEMENT_3D('',#3931,#3233,#3234);
#2882=AXIS2_PLACEMENT_3D('',#3940,#3235,#3236);
#2883=AXIS2_PLACEMENT_3D('',#3941,#3237,#3238);
#2884=AXIS2_PLACEMENT_3D('',#3944,#3240,#3241);
#2885=AXIS2_PLACEMENT_3D('',#3945,#3242,#3243);
#2886=AXIS2_PLACEMENT_3D('',#3947,#3244,#3245);
#2887=AXIS2_PLACEMENT_3D('',#3950,#3247,#3248);
#2888=AXIS2_PLACEMENT_3D('',#3951,#3249,#3250);
#2889=AXIS2_PLACEMENT_3D('',#3953,#3251,#3252);
#2890=AXIS2_PLACEMENT_3D('',#3956,#3254,#3255);
#2891=AXIS2_PLACEMENT_3D('',#3957,#3256,#3257);
#2892=AXIS2_PLACEMENT_3D('',#3959,#3258,#3259);
#2893=AXIS2_PLACEMENT_3D('',#3962,#3261,#3262);
#2894=AXIS2_PLACEMENT_3D('',#3963,#3263,#3264);
#2895=AXIS2_PLACEMENT_3D('',#3965,#3265,#3266);
#2896=AXIS2_PLACEMENT_3D('',#3968,#3268,#3269);
#2897=AXIS2_PLACEMENT_3D('',#3969,#3270,#3271);
#2898=AXIS2_PLACEMENT_3D('',#3970,#3272,#3273);
#2899=AXIS2_PLACEMENT_3D('',#3971,#3274,#3275);
#2900=AXIS2_PLACEMENT_3D('',#3972,#3276,#3277);
#2901=AXIS2_PLACEMENT_3D('',#3974,#3278,#3279);
#2902=AXIS2_PLACEMENT_3D('',#3976,#3280,#3281);
#2903=AXIS2_PLACEMENT_3D('',#3977,#3282,#3283);
#2904=AXIS2_PLACEMENT_3D('',#3979,#3284,#3285);
#2905=AXIS2_PLACEMENT_3D('',#3981,#3286,#3287);
#2906=AXIS2_PLACEMENT_3D('',#3983,#3288,#3289);
#2907=AXIS2_PLACEMENT_3D('',#3985,#3290,#3291);
#2908=AXIS2_PLACEMENT_3D('',#3986,#3292,#3293);
#2909=AXIS2_PLACEMENT_3D('',#3990,#3296,#3297);
#2910=AXIS2_PLACEMENT_3D('',#3993,#3300,#3301);
#2911=AXIS2_PLACEMENT_3D('',#3997,#3304,#3305);
#2912=AXIS2_PLACEMENT_3D('',#3998,#3306,#3307);
#2913=AXIS2_PLACEMENT_3D('',#4000,#3308,#3309);
#2914=AXIS2_PLACEMENT_3D('',#4002,#3310,#3311);
#2915=AXIS2_PLACEMENT_3D('',#4004,#3312,#3313);
#2916=AXIS2_PLACEMENT_3D('',#4006,#3314,#3315);
#2917=AXIS2_PLACEMENT_3D('',#4007,#3316,#3317);
#2918=AXIS2_PLACEMENT_3D('',#4008,#3318,#3319);
#2919=AXIS2_PLACEMENT_3D('',#4009,#3320,#3321);
#2920=AXIS2_PLACEMENT_3D('',#4010,#3322,#3323);
#2921=AXIS2_PLACEMENT_3D('',#4011,#3324,#3325);
#2922=AXIS2_PLACEMENT_3D('',#4020,#3330,#3331);
#2923=AXIS2_PLACEMENT_3D('',#4025,#3335,#3336);
#2924=AXIS2_PLACEMENT_3D('',#4030,#3340,#3341);
#2925=AXIS2_PLACEMENT_3D('',#4032,#3343,#3344);
#2926=AXIS2_PLACEMENT_3D('',#4041,#3349,#3350);
#2927=AXIS2_PLACEMENT_3D('',#4046,#3354,#3355);
#2928=AXIS2_PLACEMENT_3D('',#4051,#3359,#3360);
#2929=AXIS2_PLACEMENT_3D('',#4053,#3362,#3363);
#2930=AXIS2_PLACEMENT_3D('',#4054,#3364,#3365);
#2931=AXIS2_PLACEMENT_3D('',#4056,#3367,#3368);
#2932=AXIS2_PLACEMENT_3D('',#4058,#3370,#3371);
#2933=AXIS2_PLACEMENT_3D('',#4059,#3372,#3373);
#2934=AXIS2_PLACEMENT_3D('',#4061,#3375,#3376);
#2935=AXIS2_PLACEMENT_3D('',#4062,#3377,#3378);
#2936=AXIS2_PLACEMENT_3D('',#4064,#3380,#3381);
#2937=AXIS2_PLACEMENT_3D('',#4065,#3382,#3383);
#2938=AXIS2_PLACEMENT_3D('',#4066,#3384,#3385);
#2939=AXIS2_PLACEMENT_3D('',#4067,#3386,#3387);
#2940=AXIS2_PLACEMENT_3D('',#4068,#3388,#3389);
#2941=AXIS2_PLACEMENT_3D('',#4069,#3390,#3391);
#2942=AXIS2_PLACEMENT_3D('',#4070,#3392,#3393);
#2943=AXIS2_PLACEMENT_3D('',#4071,#3394,#3395);
#2944=AXIS2_PLACEMENT_3D('',#4072,#3396,#3397);
#2945=AXIS2_PLACEMENT_3D('',#4073,#3398,#3399);
#2946=AXIS2_PLACEMENT_3D('',#4074,#3400,#3401);
#2947=AXIS2_PLACEMENT_3D('',#4075,#3402,#3403);
#2948=AXIS2_PLACEMENT_3D('',#4076,#3404,#3405);
#2949=AXIS2_PLACEMENT_3D('',#4077,#3406,#3407);
#2950=AXIS2_PLACEMENT_3D('',#4078,#3408,#3409);
#2951=AXIS2_PLACEMENT_3D('',#4079,#3410,#3411);
#2952=AXIS2_PLACEMENT_3D('',#4080,#3412,#3413);
#2953=AXIS2_PLACEMENT_3D('',#4081,#3414,#3415);
#2954=AXIS2_PLACEMENT_3D('',#4082,#3416,#3417);
#2955=AXIS2_PLACEMENT_3D('',#4083,#3418,#3419);
#2956=AXIS2_PLACEMENT_3D('',#4084,#3420,#3421);
#2957=AXIS2_PLACEMENT_3D('',#4085,#3422,#3423);
#2958=AXIS2_PLACEMENT_3D('',#4086,#3424,#3425);
#2959=AXIS2_PLACEMENT_3D('',#4109,#3437,#3438);
#2960=AXIS2_PLACEMENT_3D('',#4180,#3447,#3448);
#2961=AXIS2_PLACEMENT_3D('',#4223,#3454,#3455);
#2962=AXIS2_PLACEMENT_3D('',#4229,#3459,#3460);
#2963=AXIS2_PLACEMENT_3D('',#4233,#3463,#3464);
#2964=AXIS2_PLACEMENT_3D('',#4237,#3467,#3468);
#2965=AXIS2_PLACEMENT_3D('',#4241,#3471,#3472);
#2966=AXIS2_PLACEMENT_3D('',#4245,#3475,#3476);
#2967=AXIS2_PLACEMENT_3D('',#4247,#3478,#3479);
#2968=AXIS2_PLACEMENT_3D('',#4248,#3480,#3481);
#2969=AXIS2_PLACEMENT_3D('',#4262,#3488,#3489);
#2970=AXIS2_PLACEMENT_3D('',#4263,#3490,#3491);
#2971=AXIS2_PLACEMENT_3D('',#4280,#3494,#3495);
#2972=AXIS2_PLACEMENT_3D('',#4286,#3496,#3497);
#2973=AXIS2_PLACEMENT_3D('',#4445,#3511,#3512);
#2974=AXIS2_PLACEMENT_3D('',#4449,#3515,#3516);
#2975=AXIS2_PLACEMENT_3D('',#4453,#3519,#3520);
#2976=AXIS2_PLACEMENT_3D('',#4457,#3523,#3524);
#2977=AXIS2_PLACEMENT_3D('',#4461,#3527,#3528);
#2978=AXIS2_PLACEMENT_3D('',#4465,#3531,#3532);
#2979=AXIS2_PLACEMENT_3D('',#4467,#3534,#3535);
#2980=AXIS2_PLACEMENT_3D('',#4469,#3537,#3538);
#2981=AXIS2_PLACEMENT_3D('',#4778,#3559,#3560);
#2982=AXIS2_PLACEMENT_3D('',#4779,#3561,#3562);
#2983=AXIS2_PLACEMENT_3D('',#4780,#3563,#3564);
#2984=AXIS2_PLACEMENT_3D('',#4786,#3568,#3569);
#2985=AXIS2_PLACEMENT_3D('',#4790,#3572,#3573);
#2986=AXIS2_PLACEMENT_3D('',#4794,#3576,#3577);
#2987=AXIS2_PLACEMENT_3D('',#4798,#3580,#3581);
#2988=AXIS2_PLACEMENT_3D('',#4802,#3584,#3585);
#2989=AXIS2_PLACEMENT_3D('',#4806,#3588,#3589);
#2990=AXIS2_PLACEMENT_3D('',#4810,#3592,#3593);
#2991=AXIS2_PLACEMENT_3D('',#4814,#3596,#3597);
#2992=AXIS2_PLACEMENT_3D('',#4818,#3600,#3601);
#2993=AXIS2_PLACEMENT_3D('',#4822,#3604,#3605);
#2994=AXIS2_PLACEMENT_3D('',#4824,#3607,#3608);
#2995=AXIS2_PLACEMENT_3D('',#4825,#3609,#3610);
#2996=AXIS2_PLACEMENT_3D('',#4826,#3611,#3612);
#2997=AXIS2_PLACEMENT_3D('',#4829,#3615,#3616);
#2998=AXIS2_PLACEMENT_3D('',#4831,#3618,#3619);
#2999=AXIS2_PLACEMENT_3D('',#4833,#3621,#3622);
#3000=AXIS2_PLACEMENT_3D('',#4835,#3624,#3625);
#3001=AXIS2_PLACEMENT_3D('',#4837,#3627,#3628);
#3002=DIRECTION('',(0.,0.,1.));
#3003=DIRECTION('',(1.,0.,0.));
#3004=DIRECTION('',(-1.65211759616839E-16,-1.,0.));
#3005=DIRECTION('',(1.,-1.65211759616839E-16,0.));
#3006=DIRECTION('',(-1.65211759616839E-16,-1.,0.));
#3007=DIRECTION('',(-1.65211759616839E-16,-1.,0.));
#3008=DIRECTION('',(1.,-1.65211759616839E-16,0.));
#3009=DIRECTION('',(-1.65211759616839E-16,-1.,0.));
#3010=DIRECTION('',(-0.455903100535039,-0.890029416886059,0.));
#3011=DIRECTION('',(-0.890029416886059,0.455903100535039,0.));
#3012=DIRECTION('',(-1.65211759616839E-16,1.,0.));
#3013=DIRECTION('',(-1.,-1.65211759616839E-16,0.));
#3014=DIRECTION('',(-0.455903100535039,0.890029416886059,0.));
#3015=DIRECTION('',(0.890029416886059,0.455903100535039,0.));
#3016=DIRECTION('',(1.65211759616839E-16,-1.,0.));
#3017=DIRECTION('',(-1.65211759616839E-16,1.,0.));
#3018=DIRECTION('',(-1.,-1.65211759616839E-16,0.));
#3019=DIRECTION('',(1.65211759616839E-16,-1.,0.));
#3020=DIRECTION('',(-0.811534341451495,-0.584304725845076,0.));
#3021=DIRECTION('',(0.584304725845076,-0.811534341451494,0.));
#3022=DIRECTION('',(0.811534341451495,0.584304725845076,0.));
#3023=DIRECTION('',(-0.951718010087939,-0.306973662183342,0.));
#3024=DIRECTION('',(-0.306973662183342,0.95171801008794,0.));
#3025=DIRECTION('',(0.811534341451495,0.584304725845076,0.));
#3026=DIRECTION('',(-0.811534341451494,0.584304725845076,0.));
#3027=DIRECTION('',(-0.584304725845076,-0.811534341451494,0.));
#3028=DIRECTION('',(-0.811534341451494,0.584304725845076,0.));
#3029=DIRECTION('',(-0.951718010087939,0.306973662183342,0.));
#3030=DIRECTION('',(-0.306973662183342,-0.951718010087939,0.));
#3031=DIRECTION('',(-0.811534341451494,0.584304725845076,0.));
#3032=DIRECTION('',(0.707106781186548,-0.707106781186548,0.));
#3033=DIRECTION('',(0.707106781186548,0.707106781186548,0.));
#3034=DIRECTION('',(-0.707106781186548,0.707106781186548,0.));
#3035=DIRECTION('',(0.923879532511287,-0.38268343236509,0.));
#3036=DIRECTION('',(0.38268343236509,0.923879532511287,0.));
#3037=DIRECTION('',(-0.707106781186548,0.707106781186548,0.));
#3038=DIRECTION('',(0.38268343236509,-0.923879532511287,0.));
#3039=DIRECTION('',(0.923879532511287,0.38268343236509,0.));
#3040=DIRECTION('',(-0.707106781186548,0.707106781186548,0.));
#3041=DIRECTION('',(0.707106781186548,0.707106781186548,0.));
#3042=DIRECTION('',(-0.707106781186548,0.707106781186548,0.));
#3043=DIRECTION('',(-0.707106781186548,-0.707106781186548,0.));
#3044=DIRECTION('',(0.38268343236509,0.923879532511287,0.));
#3045=DIRECTION('',(-0.923879532511287,0.38268343236509,0.));
#3046=DIRECTION('',(-0.707106781186548,-0.707106781186548,0.));
#3047=DIRECTION('',(0.923879532511287,0.38268343236509,0.));
#3048=DIRECTION('',(-0.38268343236509,0.923879532511287,0.));
#3049=DIRECTION('',(-0.707106781186548,-0.707106781186548,0.));
#3050=DIRECTION('',(1.,1.65211759616839E-16,0.));
#3051=DIRECTION('',(-1.65211759616839E-16,1.,0.));
#3052=DIRECTION('',(-1.65211759616839E-16,1.,0.));
#3053=DIRECTION('',(0.,0.,-1.));
#3054=DIRECTION('',(0.,0.,-1.));
#3055=DIRECTION('',(1.65211759616839E-16,-1.,0.));
#3056=DIRECTION('',(0.,0.,-1.));
#3057=DIRECTION('',(1.,-1.65211759616839E-16,0.));
#3058=DIRECTION('',(1.65211759616839E-16,1.,0.));
#3059=DIRECTION('',(0.,0.,-1.));
#3060=DIRECTION('',(-1.65211759616839E-16,-1.,0.));
#3061=DIRECTION('',(0.,0.,-1.));
#3062=DIRECTION('',(-1.65211759616839E-16,-1.,0.));
#3063=DIRECTION('',(0.,0.,-1.));
#3064=DIRECTION('',(-0.584304725845076,-0.811534341451494,0.));
#3065=DIRECTION('',(0.811534341451494,-0.584304725845076,0.));
#3066=DIRECTION('',(0.,0.,-1.));
#3067=DIRECTION('',(-0.811534341451494,0.584304725845076,0.));
#3068=DIRECTION('',(0.,1.,0.));
#3069=DIRECTION('',(0.,0.,1.));
#3070=DIRECTION('',(0.,1.,0.));
#3071=DIRECTION('',(0.,0.,1.));
#3072=DIRECTION('',(0.,1.,0.));
#3073=DIRECTION('',(0.,0.,1.));
#3074=DIRECTION('',(1.,0.,0.));
#3075=DIRECTION('',(0.,0.,-1.));
#3076=DIRECTION('',(1.,0.,0.));
#3077=DIRECTION('',(-0.584304725845076,0.811534341451494,0.));
#3078=DIRECTION('',(-0.811534341451495,-0.584304725845076,0.));
#3079=DIRECTION('',(0.811534341451495,0.584304725845076,0.));
#3080=DIRECTION('',(0.707106781186548,0.707106781186548,0.));
#3081=DIRECTION('',(-0.707106781186548,0.707106781186548,0.));
#3082=DIRECTION('',(0.707106781186548,-0.707106781186548,0.));
#3083=DIRECTION('',(0.,0.,-1.));
#3084=DIRECTION('',(0.707106781186548,-0.707106781186548,0.));
#3085=DIRECTION('',(-4.95635278850516E-16,1.,0.));
#3086=DIRECTION('',(-1.,-4.95635278850516E-16,0.));
#3087=DIRECTION('',(1.,4.95635278850516E-16,0.));
#3088=DIRECTION('',(0.,0.,-1.));
#3089=DIRECTION('',(1.,4.95635278850516E-16,0.));
#3090=DIRECTION('',(-1.,0.,0.));
#3091=DIRECTION('',(0.,0.,1.));
#3092=DIRECTION('',(0.,0.707106781186547,0.707106781186548));
#3093=DIRECTION('',(0.,0.,-1.));
#3094=DIRECTION('',(-1.,0.,0.));
#3095=DIRECTION('',(0.,0.,1.));
#3096=DIRECTION('',(0.,1.,0.));
#3097=DIRECTION('',(0.,0.,-1.));
#3098=DIRECTION('',(0.,1.,0.));
#3099=DIRECTION('',(-0.707106781186548,-0.707106781186548,0.));
#3100=DIRECTION('',(0.707106781186548,-0.707106781186548,0.));
#3101=DIRECTION('',(-0.707106781186548,0.707106781186548,0.));
#3102=DIRECTION('',(-0.707106781186548,0.707106781186548,0.));
#3103=DIRECTION('',(0.,0.,-1.));
#3104=DIRECTION('',(-1.,0.,0.));
#3105=DIRECTION('',(0.,0.,1.));
#3106=DIRECTION('',(0.,1.,0.));
#3107=DIRECTION('',(0.,1.,0.));
#3108=DIRECTION('',(0.,0.,-1.));
#3109=DIRECTION('',(0.,1.,0.));
#3110=DIRECTION('',(0.,0.,1.));
#3111=DIRECTION('',(0.,0.,-1.));
#3112=DIRECTION('',(-0.866025403784439,0.,-0.5));
#3113=DIRECTION('',(-0.866025403784439,0.,0.5));
#3114=DIRECTION('',(3.7557864968429E-16,0.,1.));
#3115=DIRECTION('',(0.866025403784439,0.,0.5));
#3116=DIRECTION('',(0.866025403784439,0.,-0.5));
#3117=DIRECTION('',(0.866025403784439,0.,-0.5));
#3118=DIRECTION('',(7.51157299368578E-16,0.,-1.));
#3119=DIRECTION('',(-0.866025403784439,0.,-0.5));
#3120=DIRECTION('',(-0.866025403784439,0.,0.5));
#3121=DIRECTION('',(-5.63367974526433E-16,0.,1.));
#3122=DIRECTION('',(0.866025403784439,0.,0.5));
#3123=DIRECTION('',(1.,0.,0.));
#3124=DIRECTION('',(1.,0.,0.));
#3125=DIRECTION('',(0.,0.,-1.));
#3126=DIRECTION('',(-1.,0.,0.));
#3127=DIRECTION('',(0.,0.,1.));
#3128=DIRECTION('',(0.,0.,-1.));
#3129=DIRECTION('',(0.,1.,0.));
#3130=DIRECTION('',(0.,1.,0.));
#3131=DIRECTION('',(-0.707106781186548,0.707106781186548,0.));
#3132=DIRECTION('',(-0.707106781186548,-0.707106781186548,0.));
#3133=DIRECTION('',(0.,0.,-1.));
#3134=DIRECTION('',(0.707106781186548,0.707106781186548,0.));
#3135=DIRECTION('',(0.707106781186548,0.707106781186548,0.));
#3136=DIRECTION('',(-1.,0.,0.));
#3137=DIRECTION('',(0.,0.,1.));
#3138=DIRECTION('',(0.,0.,-1.));
#3139=DIRECTION('',(0.,-0.707106781186547,-0.707106781186548));
#3140=DIRECTION('',(0.,0.,-1.));
#3141=DIRECTION('',(0.,1.,0.));
#3142=DIRECTION('',(0.,1.,0.));
#3143=DIRECTION('',(-1.,0.,0.));
#3144=DIRECTION('',(0.,0.,1.));
#3145=DIRECTION('',(-4.95635278850516E-16,-1.,0.));
#3146=DIRECTION('',(1.,-4.95635278850516E-16,0.));
#3147=DIRECTION('',(1.,-4.95635278850516E-16,0.));
#3148=DIRECTION('',(0.,0.,-1.));
#3149=DIRECTION('',(-1.,4.95635278850516E-16,0.));
#3150=DIRECTION('',(0.707106781186548,-0.707106781186548,0.));
#3151=DIRECTION('',(0.707106781186548,0.707106781186548,0.));
#3152=DIRECTION('',(0.707106781186548,0.707106781186548,0.));
#3153=DIRECTION('',(-0.707106781186548,-0.707106781186548,0.));
#3154=DIRECTION('',(0.,0.,1.));
#3155=DIRECTION('',(1.,0.,0.));
#3156=DIRECTION('',(1.,0.,7.51157299368578E-16));
#3157=DIRECTION('',(7.51157299368578E-16,0.,-1.));
#3158=DIRECTION('',(0.,-1.,0.));
#3159=DIRECTION('',(-7.51157299368578E-16,0.,1.));
#3160=DIRECTION('',(0.,-1.,0.));
#3161=DIRECTION('',(0.5,0.,0.866025403784439));
#3162=DIRECTION('',(0.866025403784439,0.,-0.5));
#3163=DIRECTION('',(0.,-1.,0.));
#3164=DIRECTION('',(-0.866025403784439,0.,0.5));
#3165=DIRECTION('',(-0.5,0.,0.866025403784439));
#3166=DIRECTION('',(0.866025403784439,0.,0.5));
#3167=DIRECTION('',(0.,-1.,0.));
#3168=DIRECTION('',(-0.866025403784439,0.,-0.5));
#3169=DIRECTION('',(0.5,0.,-0.866025403784438));
#3170=DIRECTION('',(-0.866025403784439,0.,-0.5));
#3171=DIRECTION('',(0.866025403784439,0.,0.5));
#3172=DIRECTION('',(0.,-1.,0.));
#3173=DIRECTION('',(-1.,0.,-5.63367974526433E-16));
#3174=DIRECTION('',(-5.63367974526433E-16,0.,1.));
#3175=DIRECTION('',(0.,-1.,0.));
#3176=DIRECTION('',(5.63367974526433E-16,0.,-1.));
#3177=DIRECTION('',(-0.5,0.,-0.866025403784439));
#3178=DIRECTION('',(-0.866025403784439,0.,0.5));
#3179=DIRECTION('',(0.866025403784439,0.,-0.5));
#3180=DIRECTION('',(0.,1.,0.));
#3181=DIRECTION('',(-1.,0.,0.));
#3182=DIRECTION('',(0.,1.,0.));
#3183=DIRECTION('',(0.,0.,1.));
#3184=DIRECTION('',(0.5,0.,-0.866025403784439));
#3185=DIRECTION('',(-0.866025403784439,0.,-0.5));
#3186=DIRECTION('',(0.,-1.,0.));
#3187=DIRECTION('',(0.866025403784439,0.,0.5));
#3188=DIRECTION('',(0.,-1.,0.));
#3189=DIRECTION('',(1.,0.,0.));
#3190=DIRECTION('',(0.,0.,-1.));
#3191=DIRECTION('',(0.,-1.,0.));
#3192=DIRECTION('',(0.,0.,1.));
#3193=DIRECTION('',(0.5,0.,0.866025403784439));
#3194=DIRECTION('',(0.866025403784439,0.,-0.5));
#3195=DIRECTION('',(0.,-1.,0.));
#3196=DIRECTION('',(-0.866025403784439,0.,0.5));
#3197=DIRECTION('',(-0.5,0.,-0.866025403784439));
#3198=DIRECTION('',(-0.866025403784439,0.,0.5));
#3199=DIRECTION('',(0.866025403784439,0.,-0.5));
#3200=DIRECTION('',(0.,-1.,0.));
#3201=DIRECTION('',(-0.5,0.,0.866025403784439));
#3202=DIRECTION('',(0.866025403784439,0.,0.5));
#3203=DIRECTION('',(0.,-1.,0.));
#3204=DIRECTION('',(-0.866025403784439,0.,-0.5));
#3205=DIRECTION('',(-1.,0.,3.7557864968429E-16));
#3206=DIRECTION('',(3.7557864968429E-16,0.,1.));
#3207=DIRECTION('',(-3.7557864968429E-16,0.,-1.));
#3208=DIRECTION('',(0.,1.,0.));
#3209=DIRECTION('',(-1.,0.,0.));
#3210=DIRECTION('',(0.,1.,0.));
#3211=DIRECTION('',(0.,0.,1.));
#3212=DIRECTION('',(0.,-1.,0.));
#3213=DIRECTION('',(0.,0.,-1.));
#3214=DIRECTION('',(0.,-1.,0.));
#3215=DIRECTION('',(0.,0.,-1.));
#3216=DIRECTION('',(0.,0.,1.));
#3217=DIRECTION('',(1.,0.,0.));
#3218=DIRECTION('',(0.,0.,1.));
#3219=DIRECTION('',(1.,0.,0.));
#3220=DIRECTION('',(0.,0.,1.));
#3221=DIRECTION('',(0.,0.,1.));
#3222=DIRECTION('',(1.,0.,0.));
#3223=DIRECTION('',(0.,0.,1.));
#3224=DIRECTION('',(0.,0.,1.));
#3225=DIRECTION('',(1.,0.,0.));
#3226=DIRECTION('',(0.,0.,1.));
#3227=DIRECTION('',(1.,0.,0.));
#3228=DIRECTION('',(0.,0.,1.));
#3229=DIRECTION('',(1.,0.,0.));
#3230=DIRECTION('',(0.,0.,1.));
#3231=DIRECTION('',(0.,0.,1.));
#3232=DIRECTION('',(1.,0.,0.));
#3233=DIRECTION('',(0.,0.,1.));
#3234=DIRECTION('',(1.,0.,0.));
#3235=DIRECTION('',(0.,0.,1.));
#3236=DIRECTION('',(1.,0.,0.));
#3237=DIRECTION('',(0.,0.,1.));
#3238=DIRECTION('',(1.,0.,0.));
#3239=DIRECTION('',(0.,0.,1.));
#3240=DIRECTION('',(0.,0.,1.));
#3241=DIRECTION('',(1.,0.,0.));
#3242=DIRECTION('',(0.,0.,1.));
#3243=DIRECTION('',(1.,0.,0.));
#3244=DIRECTION('',(0.,0.,1.));
#3245=DIRECTION('',(1.,0.,0.));
#3246=DIRECTION('',(0.,0.,1.));
#3247=DIRECTION('',(0.,0.,1.));
#3248=DIRECTION('',(1.,0.,0.));
#3249=DIRECTION('',(0.,0.,1.));
#3250=DIRECTION('',(1.,0.,0.));
#3251=DIRECTION('',(0.,0.,1.));
#3252=DIRECTION('',(1.,0.,0.));
#3253=DIRECTION('',(0.,0.,1.));
#3254=DIRECTION('',(0.,0.,1.));
#3255=DIRECTION('',(1.,0.,0.));
#3256=DIRECTION('',(0.,0.,1.));
#3257=DIRECTION('',(1.,0.,0.));
#3258=DIRECTION('',(0.,0.,1.));
#3259=DIRECTION('',(1.,0.,0.));
#3260=DIRECTION('',(0.,0.,1.));
#3261=DIRECTION('',(0.,0.,1.));
#3262=DIRECTION('',(1.,0.,0.));
#3263=DIRECTION('',(0.,0.,1.));
#3264=DIRECTION('',(1.,0.,0.));
#3265=DIRECTION('',(0.,0.,1.));
#3266=DIRECTION('',(1.,0.,0.));
#3267=DIRECTION('',(0.,0.,1.));
#3268=DIRECTION('',(0.,0.,1.));
#3269=DIRECTION('',(1.,0.,0.));
#3270=DIRECTION('',(0.,0.,1.));
#3271=DIRECTION('',(1.,0.,0.));
#3272=DIRECTION('',(0.,0.,1.));
#3273=DIRECTION('',(1.,0.,0.));
#3274=DIRECTION('',(0.,0.,1.));
#3275=DIRECTION('',(1.,0.,0.));
#3276=DIRECTION('',(0.,0.,1.));
#3277=DIRECTION('',(1.,0.,0.));
#3278=DIRECTION('',(0.,0.,1.));
#3279=DIRECTION('',(1.,0.,0.));
#3280=DIRECTION('',(0.,0.,1.));
#3281=DIRECTION('',(1.,0.,0.));
#3282=DIRECTION('',(0.,0.,1.));
#3283=DIRECTION('',(1.,0.,0.));
#3284=DIRECTION('',(0.,0.,1.));
#3285=DIRECTION('',(1.,0.,0.));
#3286=DIRECTION('',(0.,0.,1.));
#3287=DIRECTION('',(1.,0.,0.));
#3288=DIRECTION('',(0.,0.,1.));
#3289=DIRECTION('',(1.,0.,0.));
#3290=DIRECTION('',(0.,0.,1.));
#3291=DIRECTION('',(1.,0.,0.));
#3292=DIRECTION('',(0.,0.,1.));
#3293=DIRECTION('',(1.,0.,0.));
#3294=DIRECTION('',(0.707106781186548,-0.707106781186547,0.));
#3295=DIRECTION('',(0.,-1.,0.));
#3296=DIRECTION('',(0.,0.,1.));
#3297=DIRECTION('',(1.,0.,0.));
#3298=DIRECTION('',(-1.,0.,0.));
#3299=DIRECTION('',(-1.,0.,0.));
#3300=DIRECTION('',(0.,0.,1.));
#3301=DIRECTION('',(1.,0.,0.));
#3302=DIRECTION('',(0.,1.,0.));
#3303=DIRECTION('',(0.707106781186548,0.707106781186547,0.));
#3304=DIRECTION('',(0.,0.,1.));
#3305=DIRECTION('',(1.,0.,0.));
#3306=DIRECTION('',(0.,0.,-1.));
#3307=DIRECTION('',(-1.,0.,0.));
#3308=DIRECTION('',(0.,0.,-1.));
#3309=DIRECTION('',(-1.,0.,0.));
#3310=DIRECTION('',(0.,0.,-1.));
#3311=DIRECTION('',(-1.,0.,0.));
#3312=DIRECTION('',(0.,0.,-1.));
#3313=DIRECTION('',(-1.,0.,0.));
#3314=DIRECTION('',(0.,0.,-1.));
#3315=DIRECTION('',(-1.,0.,0.));
#3316=DIRECTION('',(0.,0.,-1.));
#3317=DIRECTION('',(-1.,0.,0.));
#3318=DIRECTION('',(0.,0.,-1.));
#3319=DIRECTION('',(-1.,0.,0.));
#3320=DIRECTION('',(0.,0.,-1.));
#3321=DIRECTION('',(-1.,0.,0.));
#3322=DIRECTION('',(-1.,0.,0.));
#3323=DIRECTION('',(0.,0.,1.));
#3324=DIRECTION('',(-0.707106781186547,0.707106781186548,0.));
#3325=DIRECTION('',(0.707106781186548,0.707106781186547,0.));
#3326=DIRECTION('',(-0.577350269189626,-0.577350269189625,-0.577350269189626));
#3327=DIRECTION('',(0.,0.,-1.));
#3328=DIRECTION('',(0.707106781186548,0.707106781186547,0.));
#3329=DIRECTION('',(0.,0.,-1.));
#3330=DIRECTION('',(-1.,0.,0.));
#3331=DIRECTION('',(0.,0.,-1.));
#3332=DIRECTION('',(0.,1.,0.));
#3333=DIRECTION('',(0.,0.,-1.));
#3334=DIRECTION('',(0.,1.,0.));
#3335=DIRECTION('',(0.,-1.,0.));
#3336=DIRECTION('',(0.,0.,-1.));
#3337=DIRECTION('',(0.,0.,-1.));
#3338=DIRECTION('',(-1.,0.,0.));
#3339=DIRECTION('',(-1.,0.,0.));
#3340=DIRECTION('',(-0.707106781186548,-0.707106781186548,0.));
#3341=DIRECTION('',(-0.707106781186548,0.707106781186548,0.));
#3342=DIRECTION('',(-0.707106781186548,0.707106781186548,0.));
#3343=DIRECTION('',(0.707106781186547,0.707106781186548,0.));
#3344=DIRECTION('',(-0.707106781186548,0.707106781186547,0.));
#3345=DIRECTION('',(0.707106781186548,-0.707106781186547,0.));
#3346=DIRECTION('',(0.,0.,-1.));
#3347=DIRECTION('',(-0.577350269189626,0.577350269189625,0.577350269189626));
#3348=DIRECTION('',(0.,0.,-1.));
#3349=DIRECTION('',(1.,0.,0.));
#3350=DIRECTION('',(0.,0.,-1.));
#3351=DIRECTION('',(0.,0.,-1.));
#3352=DIRECTION('',(0.,-1.,0.));
#3353=DIRECTION('',(0.,-1.,0.));
#3354=DIRECTION('',(0.,-1.,0.));
#3355=DIRECTION('',(0.,0.,-1.));
#3356=DIRECTION('',(-1.,0.,0.));
#3357=DIRECTION('',(0.,0.,-1.));
#3358=DIRECTION('',(-1.,0.,0.));
#3359=DIRECTION('',(0.707106781186548,-0.707106781186548,0.));
#3360=DIRECTION('',(0.707106781186548,0.707106781186548,0.));
#3361=DIRECTION('',(-0.707106781186548,-0.707106781186548,0.));
#3362=DIRECTION('',(-0.707106781186548,0.,-0.707106781186547));
#3363=DIRECTION('',(0.,-1.,0.));
#3364=DIRECTION('',(-0.707106781186548,0.,-0.707106781186547));
#3365=DIRECTION('',(-0.707106781186547,0.,0.707106781186548));
#3366=DIRECTION('',(0.678598344545847,-0.28108463771482,-0.678598344545847));
#3367=DIRECTION('',(-0.5,0.5,-0.707106781186547));
#3368=DIRECTION('',(-0.707106781186548,-0.707106781186548,0.));
#3369=DIRECTION('',(0.28108463771482,-0.678598344545847,-0.678598344545847));
#3370=DIRECTION('',(0.,0.707106781186548,-0.707106781186547));
#3371=DIRECTION('',(-1.,0.,0.));
#3372=DIRECTION('',(0.707106781186548,0.,-0.707106781186547));
#3373=DIRECTION('',(0.,-1.,0.));
#3374=DIRECTION('',(0.678598344545847,0.28108463771482,0.678598344545847));
#3375=DIRECTION('',(0.707106781186548,0.,-0.707106781186547));
#3376=DIRECTION('',(-0.707106781186547,0.,-0.707106781186548));
#3377=DIRECTION('',(0.5,0.5,-0.707106781186547));
#3378=DIRECTION('',(0.707106781186548,-0.707106781186548,0.));
#3379=DIRECTION('',(0.28108463771482,0.678598344545847,0.678598344545847));
#3380=DIRECTION('',(0.,0.707106781186548,-0.707106781186547));
#3381=DIRECTION('',(1.,0.,0.));
#3382=DIRECTION('',(1.,0.,0.));
#3383=DIRECTION('',(0.,0.,-1.));
#3384=DIRECTION('',(0.,-1.,0.));
#3385=DIRECTION('',(0.,0.,-1.));
#3386=DIRECTION('',(-0.38268343236509,-0.923879532511287,0.));
#3387=DIRECTION('',(0.923879532511287,-0.38268343236509,0.));
#3388=DIRECTION('',(-0.707106781186548,-0.707106781186547,0.));
#3389=DIRECTION('',(0.707106781186547,-0.707106781186548,0.));
#3390=DIRECTION('',(-0.707106781186548,-0.707106781186547,0.));
#3391=DIRECTION('',(0.707106781186547,-0.707106781186548,0.));
#3392=DIRECTION('',(-0.707106781186547,0.707106781186548,0.));
#3393=DIRECTION('',(-0.707106781186548,-0.707106781186547,0.));
#3394=DIRECTION('',(0.,0.,-1.));
#3395=DIRECTION('',(-1.,0.,0.));
#3396=DIRECTION('',(0.,0.,-1.));
#3397=DIRECTION('',(-1.,0.,0.));
#3398=DIRECTION('',(0.,0.,1.));
#3399=DIRECTION('',(1.,0.,0.));
#3400=DIRECTION('',(0.,0.,1.));
#3401=DIRECTION('',(1.,0.,0.));
#3402=DIRECTION('',(0.707106781186547,0.707106781186548,0.));
#3403=DIRECTION('',(-0.707106781186548,0.707106781186547,0.));
#3404=DIRECTION('',(-0.707106781186548,0.707106781186547,0.));
#3405=DIRECTION('',(-0.707106781186547,-0.707106781186548,0.));
#3406=DIRECTION('',(-0.707106781186548,0.707106781186547,0.));
#3407=DIRECTION('',(-0.707106781186547,-0.707106781186548,0.));
#3408=DIRECTION('',(-0.38268343236509,0.923879532511287,0.));
#3409=DIRECTION('',(0.923879532511287,0.38268343236509,0.));
#3410=DIRECTION('',(0.,1.,0.));
#3411=DIRECTION('',(0.,0.,1.));
#3412=DIRECTION('',(1.,0.,0.));
#3413=DIRECTION('',(0.,0.,-1.));
#3414=DIRECTION('',(0.,0.,-1.));
#3415=DIRECTION('',(-1.,0.,0.));
#3416=DIRECTION('',(0.,0.,-1.));
#3417=DIRECTION('',(-1.,0.,0.));
#3418=DIRECTION('',(0.,0.,-1.));
#3419=DIRECTION('',(-1.,0.,0.));
#3420=DIRECTION('',(0.,0.,-1.));
#3421=DIRECTION('',(-1.,0.,0.));
#3422=DIRECTION('',(0.,0.,1.));
#3423=DIRECTION('',(1.,0.,0.));
#3424=DIRECTION('',(0.,0.,1.));
#3425=DIRECTION('',(1.,0.,0.));
#3426=DIRECTION('',(-1.,-9.19403442267708E-17,0.));
#3427=DIRECTION('',(-9.19403442267708E-17,1.,0.));
#3428=DIRECTION('',(1.,9.19403442267708E-17,0.));
#3429=DIRECTION('',(9.19403442267708E-17,-1.,0.));
#3430=DIRECTION('',(-1.,-9.19403442267708E-17,0.));
#3431=DIRECTION('',(9.19403442267708E-17,-1.,0.));
#3432=DIRECTION('',(0.848359172583651,0.529421112436199,0.));
#3433=DIRECTION('',(9.19403442267708E-17,-1.,0.));
#3434=DIRECTION('',(-0.839120835028774,-0.543945056251653,0.));
#3435=DIRECTION('',(-1.,-9.19403442267708E-17,0.));
#3436=DIRECTION('',(-9.19403442267708E-17,1.,0.));
#3437=DIRECTION('',(0.,0.,1.));
#3438=DIRECTION('',(1.,0.,0.));
#3439=DIRECTION('',(-0.707106781186548,0.707106781186548,0.));
#3440=DIRECTION('',(1.,0.,0.));
#3441=DIRECTION('',(0.707106781186548,0.707106781186548,0.));
#3442=DIRECTION('',(0.,1.,0.));
#3443=DIRECTION('',(-1.,-9.13012355777267E-17,0.));
#3444=DIRECTION('',(0.,1.,0.));
#3445=DIRECTION('',(0.0646129037993797,0.997910403123753,0.));
#3446=DIRECTION('',(-0.996654490269589,-0.0817302087692604,0.));
#3447=DIRECTION('',(0.,0.,1.));
#3448=DIRECTION('',(1.,0.,0.));
#3449=DIRECTION('',(1.,9.0205620750794E-17,0.));
#3450=DIRECTION('',(-0.061625986612126,-0.998099312580708,0.));
#3451=DIRECTION('',(-1.,-9.0205620750794E-17,0.));
#3452=DIRECTION('',(-9.0205620750794E-17,1.,0.));
#3453=DIRECTION('',(1.,9.0205620750794E-17,0.));
#3454=DIRECTION('',(-0.707106781186548,-0.707106781186548,0.));
#3455=DIRECTION('',(0.707106781186548,-0.707106781186548,0.));
#3456=DIRECTION('',(0.,0.,-1.));
#3457=DIRECTION('',(0.707106781186548,-0.707106781186548,0.));
#3458=DIRECTION('',(0.,0.,-1.));
#3459=DIRECTION('',(0.,1.,0.));
#3460=DIRECTION('',(0.,0.,1.));
#3461=DIRECTION('',(1.,0.,0.));
#3462=DIRECTION('',(0.,0.,-1.));
#3463=DIRECTION('',(-0.707106781186548,0.707106781186548,0.));
#3464=DIRECTION('',(-0.707106781186548,-0.707106781186548,0.));
#3465=DIRECTION('',(0.707106781186548,0.707106781186548,0.));
#3466=DIRECTION('',(0.,0.,-1.));
#3467=DIRECTION('',(-1.,0.,0.));
#3468=DIRECTION('',(0.,0.,1.));
#3469=DIRECTION('',(0.,1.,0.));
#3470=DIRECTION('',(0.,0.,-1.));
#3471=DIRECTION('',(9.13012355777267E-17,-1.,0.));
#3472=DIRECTION('',(1.,9.13012355777267E-17,0.));
#3473=DIRECTION('',(-1.,-9.13012355777267E-17,0.));
#3474=DIRECTION('',(0.,0.,-1.));
#3475=DIRECTION('',(-1.,0.,0.));
#3476=DIRECTION('',(0.,0.,1.));
#3477=DIRECTION('',(0.,-1.,0.));
#3478=DIRECTION('',(0.,0.,1.));
#3479=DIRECTION('',(1.,0.,0.));
#3480=DIRECTION('',(0.,0.,1.));
#3481=DIRECTION('',(1.,0.,0.));
#3482=DIRECTION('',(-0.707106781186548,0.707106781186548,0.));
#3483=DIRECTION('',(0.,1.,0.));
#3484=DIRECTION('',(1.,9.13012355777267E-17,0.));
#3485=DIRECTION('',(0.,-1.,0.));
#3486=DIRECTION('',(-0.707106781186548,-0.707106781186548,0.));
#3487=DIRECTION('',(-1.,0.,0.));
#3488=DIRECTION('',(0.,0.,1.));
#3489=DIRECTION('',(1.,0.,0.));
#3490=DIRECTION('',(0.,0.,1.));
#3491=DIRECTION('',(1.,0.,0.));
#3492=DIRECTION('',(0.,0.,1.));
#3493=DIRECTION('',(0.,0.,1.));
#3494=DIRECTION('',(0.,0.,1.));
#3495=DIRECTION('',(0.429195464587346,-0.903211632552223,0.));
#3496=DIRECTION('',(0.,0.,1.));
#3497=DIRECTION('',(1.,0.,0.));
#3498=DIRECTION('',(0.,0.,1.));
#3499=DIRECTION('',(0.,0.,1.));
#3500=DIRECTION('',(0.,0.,1.));
#3501=DIRECTION('',(0.,0.,1.));
#3502=DIRECTION('',(0.,0.,1.));
#3503=DIRECTION('',(0.,0.,1.));
#3504=DIRECTION('',(0.,0.,1.));
#3505=DIRECTION('',(0.,0.,1.));
#3506=DIRECTION('',(0.,0.,1.));
#3507=DIRECTION('',(0.,0.,1.));
#3508=DIRECTION('',(0.,0.,1.));
#3509=DIRECTION('',(0.,0.,1.));
#3510=DIRECTION('',(0.,0.,1.));
#3511=DIRECTION('',(0.997910403123753,-0.0646129037993797,0.));
#3512=DIRECTION('',(0.0646129037993796,0.997910403123753,0.));
#3513=DIRECTION('',(0.,0.,1.));
#3514=DIRECTION('',(0.0646129037993796,0.997910403123753,0.));
#3515=DIRECTION('',(9.0205620750794E-17,-1.,0.));
#3516=DIRECTION('',(1.,9.02056207507939E-17,0.));
#3517=DIRECTION('',(0.,0.,1.));
#3518=DIRECTION('',(-1.,-9.02056207507939E-17,0.));
#3519=DIRECTION('',(1.,9.0205620750794E-17,0.));
#3520=DIRECTION('',(-9.02056207507939E-17,1.,0.));
#3521=DIRECTION('',(0.,0.,1.));
#3522=DIRECTION('',(9.02056207507939E-17,-1.,0.));
#3523=DIRECTION('',(-9.0205620750794E-17,1.,0.));
#3524=DIRECTION('',(-1.,-9.02056207507939E-17,0.));
#3525=DIRECTION('',(0.,0.,1.));
#3526=DIRECTION('',(-1.,-9.02056207507939E-17,0.));
#3527=DIRECTION('',(-0.998099312580708,0.061625986612126,0.));
#3528=DIRECTION('',(-0.061625986612126,-0.998099312580708,0.));
#3529=DIRECTION('',(0.,0.,1.));
#3530=DIRECTION('',(-0.061625986612126,-0.998099312580708,0.));
#3531=DIRECTION('',(9.0205620750794E-17,-1.,0.));
#3532=DIRECTION('',(1.,9.02056207507939E-17,0.));
#3533=DIRECTION('',(-1.,-9.02056207507939E-17,0.));
#3534=DIRECTION('',(-0.0817302087692604,0.996654490269589,0.));
#3535=DIRECTION('',(-0.996654490269588,-0.0817302087692603,0.));
#3536=DIRECTION('',(-0.996654490269588,-0.0817302087692603,0.));
#3537=DIRECTION('',(0.,0.,1.));
#3538=DIRECTION('',(-1.,-9.02056207507939E-17,0.));
#3539=DIRECTION('',(0.,0.,1.));
#3540=DIRECTION('',(0.,0.,1.));
#3541=DIRECTION('',(0.,0.,1.));
#3542=DIRECTION('',(0.,0.,1.));
#3543=DIRECTION('',(0.,0.,1.));
#3544=DIRECTION('',(0.,0.,1.));
#3545=DIRECTION('',(0.,0.,1.));
#3546=DIRECTION('',(0.,0.,1.));
#3547=DIRECTION('',(0.,0.,1.));
#3548=DIRECTION('',(0.,0.,1.));
#3549=DIRECTION('',(0.,0.,1.));
#3550=DIRECTION('',(0.,0.,1.));
#3551=DIRECTION('',(0.,0.,1.));
#3552=DIRECTION('',(0.,0.,1.));
#3553=DIRECTION('',(0.,0.,1.));
#3554=DIRECTION('',(0.,0.,1.));
#3555=DIRECTION('',(0.,0.,1.));
#3556=DIRECTION('',(0.,0.,1.));
#3557=DIRECTION('',(0.,0.,1.));
#3558=DIRECTION('',(0.,0.,1.));
#3559=DIRECTION('',(0.,0.,1.));
#3560=DIRECTION('',(-1.,-9.19403442267708E-17,0.));
#3561=DIRECTION('',(0.,0.,1.));
#3562=DIRECTION('',(1.,0.,0.));
#3563=DIRECTION('',(-9.19403442267708E-17,1.,0.));
#3564=DIRECTION('',(-1.,-9.19403442267708E-17,0.));
#3565=DIRECTION('',(0.,0.,1.));
#3566=DIRECTION('',(-1.,-9.19403442267708E-17,0.));
#3567=DIRECTION('',(0.,0.,1.));
#3568=DIRECTION('',(1.,9.19403442267708E-17,0.));
#3569=DIRECTION('',(-9.19403442267708E-17,1.,0.));
#3570=DIRECTION('',(0.,0.,1.));
#3571=DIRECTION('',(9.19403442267707E-17,-1.,0.));
#3572=DIRECTION('',(-9.19403442267708E-17,1.,0.));
#3573=DIRECTION('',(-1.,-9.19403442267708E-17,0.));
#3574=DIRECTION('',(0.,0.,1.));
#3575=DIRECTION('',(-1.,-9.19403442267708E-17,0.));
#3576=DIRECTION('',(-0.543945056251653,0.839120835028774,0.));
#3577=DIRECTION('',(-0.839120835028774,-0.543945056251653,0.));
#3578=DIRECTION('',(0.,0.,1.));
#3579=DIRECTION('',(-0.839120835028774,-0.543945056251653,0.));
#3580=DIRECTION('',(-1.,-9.19403442267708E-17,0.));
#3581=DIRECTION('',(9.19403442267708E-17,-1.,0.));
#3582=DIRECTION('',(0.,0.,1.));
#3583=DIRECTION('',(9.19403442267707E-17,-1.,0.));
#3584=DIRECTION('',(0.529421112436199,-0.848359172583652,0.));
#3585=DIRECTION('',(0.848359172583651,0.529421112436199,0.));
#3586=DIRECTION('',(0.,0.,1.));
#3587=DIRECTION('',(0.848359172583651,0.529421112436199,0.));
#3588=DIRECTION('',(-1.,-9.19403442267708E-17,0.));
#3589=DIRECTION('',(9.19403442267708E-17,-1.,0.));
#3590=DIRECTION('',(0.,0.,1.));
#3591=DIRECTION('',(9.19403442267707E-17,-1.,0.));
#3592=DIRECTION('',(-9.19403442267708E-17,1.,0.));
#3593=DIRECTION('',(-1.,-9.19403442267708E-17,0.));
#3594=DIRECTION('',(0.,0.,1.));
#3595=DIRECTION('',(-1.,-9.19403442267708E-17,0.));
#3596=DIRECTION('',(-1.,-9.19403442267708E-17,0.));
#3597=DIRECTION('',(9.19403442267708E-17,-1.,0.));
#3598=DIRECTION('',(0.,0.,1.));
#3599=DIRECTION('',(9.19403442267707E-17,-1.,0.));
#3600=DIRECTION('',(9.19403442267708E-17,-1.,0.));
#3601=DIRECTION('',(1.,9.19403442267708E-17,0.));
#3602=DIRECTION('',(0.,0.,1.));
#3603=DIRECTION('',(-1.,-9.19403442267708E-17,0.));
#3604=DIRECTION('',(1.,9.19403442267708E-17,0.));
#3605=DIRECTION('',(-9.19403442267708E-17,1.,0.));
#3606=DIRECTION('',(9.19403442267707E-17,-1.,0.));
#3607=DIRECTION('',(0.,0.,1.));
#3608=DIRECTION('',(-1.,-9.19403442267708E-17,0.));
#3609=DIRECTION('',(0.,0.,-1.));
#3610=DIRECTION('',(-1.,0.,0.));
#3611=DIRECTION('',(-0.632455532033676,0.632455532033676,0.447213595499958));
#3612=DIRECTION('',(0.707106781186548,0.707106781186548,0.));
#3613=DIRECTION('',(0.439732612032304,-0.182143211721528,0.87946522406461));
#3614=DIRECTION('',(0.182143211721528,-0.439732612032304,0.87946522406461));
#3615=DIRECTION('',(0.,0.894427190999916,0.447213595499958));
#3616=DIRECTION('',(1.,0.,0.));
#3617=DIRECTION('',(-0.182143211721528,-0.439732612032304,0.87946522406461));
#3618=DIRECTION('',(-0.894427190999916,0.,0.447213595499958));
#3619=DIRECTION('',(0.,1.,0.));
#3620=DIRECTION('',(0.408248290463863,0.408248290463863,0.816496580927727));
#3621=DIRECTION('',(-0.632455532033676,-0.632455532033676,-0.447213595499958));
#3622=DIRECTION('',(0.707106781186548,-0.707106781186548,0.));
#3623=DIRECTION('',(0.439732612032304,0.182143211721528,-0.87946522406461));
#3624=DIRECTION('',(8.16623076726078E-17,-0.894427190999916,0.447213595499958));
#3625=DIRECTION('',(-1.,-9.13012355777267E-17,0.));
#3626=DIRECTION('',(0.408248290463863,-0.408248290463863,-0.816496580927727));
#3627=DIRECTION('',(-0.894427190999916,0.,-0.447213595499958));
#3628=DIRECTION('',(0.,-1.,0.));
#3629=CARTESIAN_POINT('',(0.,0.,0.));
#3630=CARTESIAN_POINT('',(-0.0155,0.002,0.003));
#3631=CARTESIAN_POINT('',(-0.0155,0.0137396807765596,2.60208521396521E-18));
#3632=CARTESIAN_POINT('',(-0.0154086398148127,0.0137902020715608,2.54301983958212E-18));
#3633=CARTESIAN_POINT('',(-0.0153195830308508,0.0138435947469615,4.16081206154534E-6));
#3634=CARTESIAN_POINT('',(-0.0152327361397548,0.0138997996643946,1.19287108559734E-5));
#3635=CARTESIAN_POINT('',(-0.0155,0.0137396807765596,0.));
#3636=CARTESIAN_POINT('',(-0.0152327361397548,0.0138997996643945,1.19287108559748E-5));
#3637=CARTESIAN_POINT('',(-0.0155,-9.08664677892614E-19,0.));
#3638=CARTESIAN_POINT('',(-0.0155,-0.000757359312880715,0.));
#3639=CARTESIAN_POINT('',(-0.0155,-0.000757359312880715,0.003));
#3640=CARTESIAN_POINT('',(-0.0125,-0.000757359312880715,0.003));
#3641=CARTESIAN_POINT('',(-0.0125,0.002,0.003));
#3642=CARTESIAN_POINT('',(-0.0125,0.0125,0.003));
#3643=CARTESIAN_POINT('',(-0.0155,0.0140367012321798,0.003));
#3644=CARTESIAN_POINT('',(0.0155,-9.08664677892613E-19,0.003));
#3645=CARTESIAN_POINT('',(0.0152327361397548,0.0138997996643946,1.19287108559733E-5));
#3646=CARTESIAN_POINT('',(0.0153195830308508,0.0138435947469615,4.16081206154527E-6));
#3647=CARTESIAN_POINT('',(0.0154086398148127,0.0137902020715608,-1.48180675620715E-19));
#3648=CARTESIAN_POINT('',(0.0155,0.0137396807765596,-7.90527832684794E-20));
#3649=CARTESIAN_POINT('',(0.0152327361397548,0.0138997996643945,1.19287108559767E-5));
#3650=CARTESIAN_POINT('',(0.0155,0.0137396807765596,0.));
#3651=CARTESIAN_POINT('',(0.0155,0.0140367012321798,0.003));
#3652=CARTESIAN_POINT('',(0.0125,0.0125,0.003));
#3653=CARTESIAN_POINT('',(0.0125,0.0125,0.003));
#3654=CARTESIAN_POINT('',(0.0125,-0.000757359312880715,0.003));
#3655=CARTESIAN_POINT('',(0.0155,-0.000757359312880714,0.003));
#3656=CARTESIAN_POINT('',(0.0155,-0.000757359312880714,0.));
#3657=CARTESIAN_POINT('',(0.0155,-0.0085,0.));
#3658=CARTESIAN_POINT('',(-0.0119478562217923,0.0165942447524893,0.003));
#3659=CARTESIAN_POINT('',(-0.0152327361397548,0.0138997996643946,1.19287108559711E-5));
#3660=CARTESIAN_POINT('',(-0.0147287813702787,0.0142259453197077,1.4592766532968E-5));
#3661=CARTESIAN_POINT('',(-0.0142951366355544,0.0146488581438769,-1.30700053823266E-18));
#3662=CARTESIAN_POINT('',(-0.013955506401122,0.015148736623372,1.96683697322841E-19));
#3663=CARTESIAN_POINT('',(-0.013955506401122,0.015148736623372,0.));
#3664=CARTESIAN_POINT('',(-0.0125,0.0125,0.003));
#3665=CARTESIAN_POINT('',(-0.005,0.0179,0.003));
#3666=CARTESIAN_POINT('',(-0.00596764060024978,0.0209,0.003));
#3667=CARTESIAN_POINT('',(-0.00536899408818284,0.0190440014652783,0.000643038091289773));
#3668=CARTESIAN_POINT('',(-0.00772081305292474,0.019637715834074,0.));
#3669=CARTESIAN_POINT('',(-0.00690513799049922,0.0193919892489627,-6.06641657209808E-18));
#3670=CARTESIAN_POINT('',(-0.00609134019502573,0.019191900085121,0.000216163299511432));
#3671=CARTESIAN_POINT('',(-0.00536899408818284,0.0190440014652783,0.000643038091289779));
#3672=CARTESIAN_POINT('',(-0.00772081305292474,0.019637715834074,0.));
#3673=CARTESIAN_POINT('',(-0.00675291417753522,0.0203346030243545,0.));
#3674=CARTESIAN_POINT('',(0.0105029141775352,0.0176346030243545,0.003));
#3675=CARTESIAN_POINT('',(0.013955506401122,0.015148736623372,2.60208521396521E-18));
#3676=CARTESIAN_POINT('',(0.0142952422309643,0.0146487027252257,3.22947788520238E-18));
#3677=CARTESIAN_POINT('',(0.0147259214544755,0.0142277961784956,1.46078849034897E-5));
#3678=CARTESIAN_POINT('',(0.0152327361397548,0.0138997996643946,1.19287108559726E-5));
#3679=CARTESIAN_POINT('',(0.013955506401122,0.015148736623372,0.));
#3680=CARTESIAN_POINT('',(0.0119478562217923,0.0165942447524893,0.));
#3681=CARTESIAN_POINT('',(0.00772081305292473,0.019637715834074,0.));
#3682=CARTESIAN_POINT('',(0.00536899408818285,0.0190440014652783,0.000643038091289768));
#3683=CARTESIAN_POINT('',(0.00609178452949685,0.0191919910615302,0.000215900717373798));
#3684=CARTESIAN_POINT('',(0.00690525720458403,0.0193920251628594,2.83833444164985E-18));
#3685=CARTESIAN_POINT('',(0.00772081305292474,0.019637715834074,2.81564314989429E-18));
#3686=CARTESIAN_POINT('',(0.00536899408818285,0.0190440014652783,0.00064303809128976));
#3687=CARTESIAN_POINT('',(0.00596764060024979,0.0209,0.003));
#3688=CARTESIAN_POINT('',(0.005,0.0179,0.003));
#3689=CARTESIAN_POINT('',(0.00875,0.0152,0.003));
#3690=CARTESIAN_POINT('',(-0.0147426406871193,-0.0147426406871193,0.003));
#3691=CARTESIAN_POINT('',(-0.0135135736859218,-0.0159717076883168,-8.67361737988404E-19));
#3692=CARTESIAN_POINT('',(-0.0137410272949626,-0.0154165143627128,2.4849100937557E-19));
#3693=CARTESIAN_POINT('',(-0.0144112962329348,-0.0144138938094691,4.07954204821092E-5));
#3694=CARTESIAN_POINT('',(-0.015416597743161,-0.0137409931353591,1.29562672713947E-18));
#3695=CARTESIAN_POINT('',(-0.0159717076883168,-0.0135135736859218,1.79941561585115E-19));
#3696=CARTESIAN_POINT('',(-0.0135135736859218,-0.0159717076883167,0.));
#3697=CARTESIAN_POINT('',(-0.0159717076883167,-0.0135135736859218,0.));
#3698=CARTESIAN_POINT('',(-0.0176213203435596,-0.0118639610306789,0.));
#3699=CARTESIAN_POINT('',(-0.0109852813742386,-0.0185,0.));
#3700=CARTESIAN_POINT('',(-0.0109852813742386,-0.0185,0.003));
#3701=CARTESIAN_POINT('',(-0.00974264068711929,-0.0155,0.003));
#3702=CARTESIAN_POINT('',(-0.00974264068711929,-0.0155,0.003));
#3703=CARTESIAN_POINT('',(-0.0155,-0.00974264068711929,0.003));
#3704=CARTESIAN_POINT('',(-0.0185,-0.0109852813742386,0.003));
#3705=CARTESIAN_POINT('',(-0.0185,-0.0109852813742386,0.));
#3706=CARTESIAN_POINT('',(-0.0176213203435596,-0.0118639610306789,0.));
#3707=CARTESIAN_POINT('',(0.0147426406871193,-0.0147426406871193,0.003));
#3708=CARTESIAN_POINT('',(0.0159717076883168,-0.0135135736859218,-8.67361737988404E-19));
#3709=CARTESIAN_POINT('',(0.0154165143627128,-0.0137410272949626,-7.93828254566624E-19));
#3710=CARTESIAN_POINT('',(0.0144138938094691,-0.0144112962329348,4.07954204821065E-5));
#3711=CARTESIAN_POINT('',(0.0137409931353591,-0.015416597743161,1.37023441080089E-19));
#3712=CARTESIAN_POINT('',(0.0135135736859218,-0.0159717076883168,6.35010011174469E-20));
#3713=CARTESIAN_POINT('',(0.0159717076883167,-0.0135135736859218,0.));
#3714=CARTESIAN_POINT('',(0.0135135736859218,-0.0159717076883167,0.));
#3715=CARTESIAN_POINT('',(0.0118639610306789,-0.0176213203435596,0.));
#3716=CARTESIAN_POINT('',(0.0185,-0.0109852813742386,0.));
#3717=CARTESIAN_POINT('',(0.0185,-0.0109852813742386,0.003));
#3718=CARTESIAN_POINT('',(0.0155,-0.00974264068711929,0.003));
#3719=CARTESIAN_POINT('',(0.0155,-0.00974264068711929,0.003));
#3720=CARTESIAN_POINT('',(0.00974264068711929,-0.0155,0.003));
#3721=CARTESIAN_POINT('',(0.0109852813742386,-0.0185,0.003));
#3722=CARTESIAN_POINT('',(0.0109852813742386,-0.0185,0.));
#3723=CARTESIAN_POINT('',(0.0118639610306789,-0.0176213203435596,0.));
#3724=CARTESIAN_POINT('',(0.0125,0.002,0.040002));
#3725=CARTESIAN_POINT('',(0.0125,-0.002,0.0315));
#3726=CARTESIAN_POINT('',(0.0125,-0.0085,0.0315));
#3727=CARTESIAN_POINT('',(0.0125,-0.000757359312880715,0.0315));
#3728=CARTESIAN_POINT('',(0.0125,-0.000757359312880715,0.003));
#3729=CARTESIAN_POINT('',(0.0125,0.0125,0.040002));
#3730=CARTESIAN_POINT('',(0.0125,0.0125,0.04));
#3731=CARTESIAN_POINT('',(0.0125,0.002,0.04));
#3732=CARTESIAN_POINT('',(0.0125,-0.0085,0.04));
#3733=CARTESIAN_POINT('',(0.0125,-0.0085,0.040002));
#3734=CARTESIAN_POINT('',(-0.0125,0.002,0.040002));
#3735=CARTESIAN_POINT('',(-0.0125,-0.000757359312880715,0.040002));
#3736=CARTESIAN_POINT('',(-0.0125,-0.000757359312880715,0.0315));
#3737=CARTESIAN_POINT('',(-0.0125,0.002,0.0315));
#3738=CARTESIAN_POINT('',(-0.0125,-0.0085,0.0315));
#3739=CARTESIAN_POINT('',(-0.0125,-0.0085,0.040002));
#3740=CARTESIAN_POINT('',(-0.0125,-0.0085,0.04));
#3741=CARTESIAN_POINT('',(-0.0125,0.002,0.04));
#3742=CARTESIAN_POINT('',(-0.0125,0.0125,0.04));
#3743=CARTESIAN_POINT('',(-0.0125,0.0125,0.040002));
#3744=CARTESIAN_POINT('',(0.00875,0.0152,0.040002));
#3745=CARTESIAN_POINT('',(0.005,0.0179,0.040002));
#3746=CARTESIAN_POINT('',(0.005,0.0179,0.04));
#3747=CARTESIAN_POINT('',(0.00875,0.0152,0.04));
#3748=CARTESIAN_POINT('',(0.,0.0179,0.040002));
#3749=CARTESIAN_POINT('',(0.,0.0179,0.031381197846483));
#3750=CARTESIAN_POINT('',(0.,0.0179,0.034081197846483));
#3751=CARTESIAN_POINT('',(0.,0.0179,0.012618802153517));
#3752=CARTESIAN_POINT('',(0.,0.0179,0.015318802153517));
#3753=CARTESIAN_POINT('',(-0.005,0.0179,0.003));
#3754=CARTESIAN_POINT('',(-0.005,0.0179,0.040002));
#3755=CARTESIAN_POINT('',(-0.005,0.0179,0.04));
#3756=CARTESIAN_POINT('',(0.,0.0179,0.04));
#3757=CARTESIAN_POINT('',(-0.00875,0.0152,0.040002));
#3758=CARTESIAN_POINT('',(-0.00875,0.0152,0.04));
#3759=CARTESIAN_POINT('',(-0.0105,-0.0105,0.040002));
#3760=CARTESIAN_POINT('',(-0.0105,-0.0105,0.0315));
#3761=CARTESIAN_POINT('',(-0.0085,-0.0125,0.0315));
#3762=CARTESIAN_POINT('',(-0.0085,-0.0125,0.040002));
#3763=CARTESIAN_POINT('',(-0.0085,-0.0125,0.04));
#3764=CARTESIAN_POINT('',(-0.0105,-0.0105,0.04));
#3765=CARTESIAN_POINT('',(-0.00675,-0.0125,0.040002));
#3766=CARTESIAN_POINT('',(-0.00675,-0.0125,0.0315));
#3767=CARTESIAN_POINT('',(-0.005,-0.0125,0.0315));
#3768=CARTESIAN_POINT('',(-0.005,-0.0125,0.040002));
#3769=CARTESIAN_POINT('',(-0.005,-0.0125,0.04));
#3770=CARTESIAN_POINT('',(-0.00675,-0.0125,0.04));
#3771=CARTESIAN_POINT('',(-0.005,-0.0105,0.040002));
#3772=CARTESIAN_POINT('',(-0.005,-0.014,0.03));
#3773=CARTESIAN_POINT('',(-0.005,-0.0155,0.0285));
#3774=CARTESIAN_POINT('',(-0.005,-0.0155,0.03));
#3775=CARTESIAN_POINT('',(-0.005,-0.0155,0.003));
#3776=CARTESIAN_POINT('',(-0.005,-0.0185,0.003));
#3777=CARTESIAN_POINT('',(-0.005,-0.0185,0.));
#3778=CARTESIAN_POINT('',(-0.005,-0.0105,0.));
#3779=CARTESIAN_POINT('',(-0.005,-0.0085,0.));
#3780=CARTESIAN_POINT('',(-0.005,-0.0085,0.040002));
#3781=CARTESIAN_POINT('',(-0.005,-0.0085,0.04));
#3782=CARTESIAN_POINT('',(-0.005,-0.0105,0.04));
#3783=CARTESIAN_POINT('',(-0.00745,-0.00605,0.040002));
#3784=CARTESIAN_POINT('',(-0.00745,-0.00605,0.04));
#3785=CARTESIAN_POINT('',(-0.0099,-0.0036,0.04));
#3786=CARTESIAN_POINT('',(-0.00745,-0.00605,0.));
#3787=CARTESIAN_POINT('',(-0.0099,-0.0036,0.));
#3788=CARTESIAN_POINT('',(-0.0099,-0.0036,0.040002));
#3789=CARTESIAN_POINT('',(-0.0099,0.00315,0.040002));
#3790=CARTESIAN_POINT('',(-0.0099,0.00315,0.04));
#3791=CARTESIAN_POINT('',(-0.0099,0.0099,0.04));
#3792=CARTESIAN_POINT('',(-0.0099,0.00315,0.));
#3793=CARTESIAN_POINT('',(-0.0099,0.0099,0.));
#3794=CARTESIAN_POINT('',(-0.0099,0.0099,0.040002));
#3795=CARTESIAN_POINT('',(-1.7347234759768E-18,0.0099,0.040002));
#3796=CARTESIAN_POINT('',(0.004,0.0099,0.040002));
#3797=CARTESIAN_POINT('',(0.004,0.0099,0.0336905989232415));
#3798=CARTESIAN_POINT('',(0.004,0.0099,0.0290717967697245));
#3799=CARTESIAN_POINT('',(0.00573291683297266,0.0099,0.0300722967697245));
#3800=CARTESIAN_POINT('',(-6.07153216591882E-18,0.0099,0.026762395692966));
#3801=CARTESIAN_POINT('',(-0.00573291683297265,0.0099,0.0300722967697245));
#3802=CARTESIAN_POINT('',(-0.004,0.0099,0.0290717967697245));
#3803=CARTESIAN_POINT('',(-0.004,0.0099,0.040002));
#3804=CARTESIAN_POINT('',(-0.004,0.0099,0.0336905989232415));
#3805=CARTESIAN_POINT('',(0.00173291683297265,0.0099,0.0370005));
#3806=CARTESIAN_POINT('',(3.46944695195361E-18,0.0099,0.036));
#3807=CARTESIAN_POINT('',(-0.00173291683297265,0.0099,0.0370005));
#3808=CARTESIAN_POINT('',(-0.00985727248595479,0.0099,0.0229287032302755));
#3809=CARTESIAN_POINT('',(-3.57786716920216E-18,0.0099,0.0172376043070341));
#3810=CARTESIAN_POINT('',(0.004,0.0099,0.0149282032302755));
#3811=CARTESIAN_POINT('',(0.004,0.0099,0.040002));
#3812=CARTESIAN_POINT('',(0.004,0.0099,0.0103094010767585));
#3813=CARTESIAN_POINT('',(0.0138572724859548,0.0099,0.0160005));
#3814=CARTESIAN_POINT('',(3.90312782094781E-18,0.0099,0.008));
#3815=CARTESIAN_POINT('',(-0.0138572724859548,0.0099,0.0160005));
#3816=CARTESIAN_POINT('',(-0.004,0.0099,0.0103094010767585));
#3817=CARTESIAN_POINT('',(-0.004,0.0099,0.040002));
#3818=CARTESIAN_POINT('',(-0.004,0.0099,0.0149282032302755));
#3819=CARTESIAN_POINT('',(0.0098572724859548,0.0099,0.0229287032302756));
#3820=CARTESIAN_POINT('',(-1.7347234759768E-18,0.0099,0.04));
#3821=CARTESIAN_POINT('',(0.0099,0.0099,0.04));
#3822=CARTESIAN_POINT('',(-1.7347234759768E-18,0.0099,0.));
#3823=CARTESIAN_POINT('',(0.0099,0.0099,0.));
#3824=CARTESIAN_POINT('',(0.0099,0.0099,0.040002));
#3825=CARTESIAN_POINT('',(0.0099,0.00315,0.040002));
#3826=CARTESIAN_POINT('',(0.0099,-0.0036,0.040002));
#3827=CARTESIAN_POINT('',(0.0099,-0.0036,0.04));
#3828=CARTESIAN_POINT('',(0.0099,-0.0036,0.));
#3829=CARTESIAN_POINT('',(0.0099,0.00315,0.04));
#3830=CARTESIAN_POINT('',(0.0099,0.00315,0.));
#3831=CARTESIAN_POINT('',(0.00745,-0.00605,0.040002));
#3832=CARTESIAN_POINT('',(0.005,-0.0085,0.040002));
#3833=CARTESIAN_POINT('',(0.005,-0.0085,0.04));
#3834=CARTESIAN_POINT('',(0.005,-0.0085,0.));
#3835=CARTESIAN_POINT('',(0.00745,-0.00605,0.04));
#3836=CARTESIAN_POINT('',(0.00745,-0.00605,0.));
#3837=CARTESIAN_POINT('',(0.005,-0.0105,0.040002));
#3838=CARTESIAN_POINT('',(0.005,-0.0155,0.03));
#3839=CARTESIAN_POINT('',(0.005,-0.0155,0.0285));
#3840=CARTESIAN_POINT('',(0.005,-0.0155,0.003));
#3841=CARTESIAN_POINT('',(0.005,-0.007249,0.036751));
#3842=CARTESIAN_POINT('',(0.005,-0.0125,0.0315));
#3843=CARTESIAN_POINT('',(0.005,-0.0125,0.040002));
#3844=CARTESIAN_POINT('',(0.005,-0.0125,0.04));
#3845=CARTESIAN_POINT('',(0.005,-0.0105,0.04));
#3846=CARTESIAN_POINT('',(0.005,-0.0105,0.));
#3847=CARTESIAN_POINT('',(0.005,-0.0185,0.));
#3848=CARTESIAN_POINT('',(0.005,-0.0185,0.003));
#3849=CARTESIAN_POINT('',(0.00675,-0.0125,0.040002));
#3850=CARTESIAN_POINT('',(0.0085,-0.0125,0.0315));
#3851=CARTESIAN_POINT('',(0.0085,-0.0125,0.0315));
#3852=CARTESIAN_POINT('',(0.0085,-0.0125,0.040002));
#3853=CARTESIAN_POINT('',(0.0085,-0.0125,0.04));
#3854=CARTESIAN_POINT('',(0.00675,-0.0125,0.04));
#3855=CARTESIAN_POINT('',(0.0105,-0.0105,0.040002));
#3856=CARTESIAN_POINT('',(0.0125,-0.0085,0.0315));
#3857=CARTESIAN_POINT('',(0.0105,-0.0105,0.04));
#3858=CARTESIAN_POINT('',(-0.0125,0.,0.04));
#3859=CARTESIAN_POINT('',(0.004,0.013902,0.012618802153517));
#3860=CARTESIAN_POINT('',(0.004,0.013902,0.0149282032302755));
#3861=CARTESIAN_POINT('',(0.004,0.0139,0.0149282032302755));
#3862=CARTESIAN_POINT('',(0.004,0.0139,0.012618802153517));
#3863=CARTESIAN_POINT('',(0.004,0.0139,0.0103094010767585));
#3864=CARTESIAN_POINT('',(0.004,0.013902,0.0103094010767585));
#3865=CARTESIAN_POINT('',(0.002,0.013902,0.0160829037686548));
#3866=CARTESIAN_POINT('',(-3.57786716920216E-18,0.013902,0.0172376043070341));
#3867=CARTESIAN_POINT('',(-3.57786716920216E-18,0.0139,0.0172376043070341));
#3868=CARTESIAN_POINT('',(0.002,0.0139,0.0160829037686548));
#3869=CARTESIAN_POINT('',(-0.002,0.013902,0.0160829037686548));
#3870=CARTESIAN_POINT('',(-0.004,0.013902,0.0149282032302755));
#3871=CARTESIAN_POINT('',(-0.004,0.0139,0.0149282032302755));
#3872=CARTESIAN_POINT('',(-0.002,0.0139,0.0160829037686548));
#3873=CARTESIAN_POINT('',(0.002,0.013902,0.00915470053837925));
#3874=CARTESIAN_POINT('',(0.002,0.0139,0.00915470053837925));
#3875=CARTESIAN_POINT('',(3.90312782094781E-18,0.0139,0.008));
#3876=CARTESIAN_POINT('',(3.90312782094781E-18,0.013902,0.008));
#3877=CARTESIAN_POINT('',(-0.004,0.013902,0.012618802153517));
#3878=CARTESIAN_POINT('',(-0.004,0.013902,0.0103094010767585));
#3879=CARTESIAN_POINT('',(-0.004,0.0139,0.0103094010767585));
#3880=CARTESIAN_POINT('',(-0.004,0.0139,0.012618802153517));
#3881=CARTESIAN_POINT('',(-0.002,0.013902,0.00915470053837925));
#3882=CARTESIAN_POINT('',(-0.002,0.0139,0.00915470053837925));
#3883=CARTESIAN_POINT('',(0.0039,0.0139,0.));
#3884=CARTESIAN_POINT('',(0.,0.0139,0.012618802153517));
#3885=CARTESIAN_POINT('',(0.,0.0139,0.015318802153517));
#3886=CARTESIAN_POINT('',(0.002,0.013902,0.0279170962313453));
#3887=CARTESIAN_POINT('',(0.004,0.013902,0.0290717967697245));
#3888=CARTESIAN_POINT('',(0.004,0.0139,0.0290717967697245));
#3889=CARTESIAN_POINT('',(0.002,0.0139,0.0279170962313453));
#3890=CARTESIAN_POINT('',(-6.07153216591882E-18,0.0139,0.026762395692966));
#3891=CARTESIAN_POINT('',(-6.07153216591882E-18,0.013902,0.026762395692966));
#3892=CARTESIAN_POINT('',(0.004,0.013902,0.031381197846483));
#3893=CARTESIAN_POINT('',(0.004,0.013902,0.0336905989232415));
#3894=CARTESIAN_POINT('',(0.004,0.0139,0.0336905989232415));
#3895=CARTESIAN_POINT('',(0.004,0.0139,0.031381197846483));
#3896=CARTESIAN_POINT('',(0.002,0.013902,0.0348452994616208));
#3897=CARTESIAN_POINT('',(3.46944695195361E-18,0.013902,0.036));
#3898=CARTESIAN_POINT('',(3.46944695195361E-18,0.0139,0.036));
#3899=CARTESIAN_POINT('',(0.002,0.0139,0.0348452994616208));
#3900=CARTESIAN_POINT('',(-0.002,0.013902,0.0279170962313453));
#3901=CARTESIAN_POINT('',(-0.002,0.0139,0.0279170962313453));
#3902=CARTESIAN_POINT('',(-0.004,0.0139,0.0290717967697245));
#3903=CARTESIAN_POINT('',(-0.004,0.013902,0.0290717967697245));
#3904=CARTESIAN_POINT('',(-0.002,0.013902,0.0348452994616208));
#3905=CARTESIAN_POINT('',(-0.004,0.013902,0.0336905989232415));
#3906=CARTESIAN_POINT('',(-0.004,0.0139,0.0336905989232415));
#3907=CARTESIAN_POINT('',(-0.002,0.0139,0.0348452994616208));
#3908=CARTESIAN_POINT('',(-0.004,0.013902,0.031381197846483));
#3909=CARTESIAN_POINT('',(-0.004,0.0139,0.031381197846483));
#3910=CARTESIAN_POINT('',(0.0039,0.0139,0.));
#3911=CARTESIAN_POINT('',(0.,0.0139,0.031381197846483));
#3912=CARTESIAN_POINT('',(0.,0.0139,0.034081197846483));
#3913=CARTESIAN_POINT('',(0.,0.0795967845489923,0.031381197846483));
#3914=CARTESIAN_POINT('',(0.,0.0795967845489923,0.012618802153517));
#3915=CARTESIAN_POINT('',(0.0452665042944956,7.80625564189563E-18,-0.003));
#3916=CARTESIAN_POINT('',(0.0452665042944956,7.80625564189563E-18,0.));
#3917=CARTESIAN_POINT('',(0.0227295666469524,0.0144406438089859,0.));
#3918=CARTESIAN_POINT('',(0.0227295666469524,-0.0144406438089859,0.));
#3919=CARTESIAN_POINT('',(0.0227295666469524,-0.0144406438089859,-0.003));
#3920=CARTESIAN_POINT('',(0.0227295666469524,-0.0144406438089859,-0.003));
#3921=CARTESIAN_POINT('',(0.0452665042944956,7.80625564189563E-18,-0.003));
#3922=CARTESIAN_POINT('',(0.0227295666469524,0.0144406438089859,-0.003));
#3923=CARTESIAN_POINT('',(0.0227295666469524,0.0144406438089859,-0.003));
#3924=CARTESIAN_POINT('',(0.0176776695296637,0.0176776695296637,-0.003));
#3925=CARTESIAN_POINT('',(0.0176776695296637,0.0176776695296637,0.));
#3926=CARTESIAN_POINT('',(0.0144406438089859,0.0227295666469524,0.));
#3927=CARTESIAN_POINT('',(0.0176776695296637,0.0176776695296637,-0.003));
#3928=CARTESIAN_POINT('',(0.0144406438089859,0.0227295666469524,-0.003));
#3929=CARTESIAN_POINT('',(0.0144406438089859,0.0227295666469524,-0.003));
#3930=CARTESIAN_POINT('',(-6.07153216591882E-18,0.0452665042944956,-0.003));
#3931=CARTESIAN_POINT('',(-6.07153216591882E-18,0.0452665042944956,0.));
#3932=CARTESIAN_POINT('',(-0.0144406438089859,0.0227295666469524,0.));
#3933=CARTESIAN_POINT('',(-0.00536899408818284,0.0190440014652783,0.000643038091289773));
#3934=CARTESIAN_POINT('',(-0.00448834436701386,0.0188636905629396,0.000785024590646551));
#3935=CARTESIAN_POINT('',(-0.00272107212160184,0.0185931114423321,0.00106743905668601));
#3936=CARTESIAN_POINT('',(-2.5920771939115E-17,0.0184534442788339,0.00126628047165668));
#3937=CARTESIAN_POINT('',(0.00272107212160187,0.0185931114423321,0.00106743905668601));
#3938=CARTESIAN_POINT('',(0.00448834436701387,0.0188636905629396,0.000785024590646537));
#3939=CARTESIAN_POINT('',(0.00536899408818285,0.0190440014652783,0.00064303809128976));
#3940=CARTESIAN_POINT('',(-6.07153216591882E-18,0.0452665042944956,0.));
#3941=CARTESIAN_POINT('',(-6.07153216591882E-18,0.0452665042944956,-0.003));
#3942=CARTESIAN_POINT('',(-0.0144406438089859,0.0227295666469524,-0.003));
#3943=CARTESIAN_POINT('',(-0.0144406438089859,0.0227295666469524,-0.003));
#3944=CARTESIAN_POINT('',(-0.0176776695296637,0.0176776695296637,-0.003));
#3945=CARTESIAN_POINT('',(-0.0176776695296637,0.0176776695296637,0.));
#3946=CARTESIAN_POINT('',(-0.0227295666469524,0.0144406438089859,0.));
#3947=CARTESIAN_POINT('',(-0.0176776695296637,0.0176776695296637,-0.003));
#3948=CARTESIAN_POINT('',(-0.0227295666469524,0.0144406438089859,-0.003));
#3949=CARTESIAN_POINT('',(-0.0227295666469524,0.0144406438089859,-0.003));
#3950=CARTESIAN_POINT('',(-0.0452665042944956,-1.21430643318376E-17,-0.003));
#3951=CARTESIAN_POINT('',(-0.0452665042944956,-1.21430643318376E-17,0.));
#3952=CARTESIAN_POINT('',(-0.0227295666469524,-0.0144406438089859,0.));
#3953=CARTESIAN_POINT('',(-0.0452665042944956,-1.21430643318376E-17,-0.003));
#3954=CARTESIAN_POINT('',(-0.0227295666469524,-0.0144406438089859,-0.003));
#3955=CARTESIAN_POINT('',(-0.0227295666469524,-0.0144406438089859,-0.003));
#3956=CARTESIAN_POINT('',(-0.0176776695296637,-0.0176776695296637,-0.003));
#3957=CARTESIAN_POINT('',(-0.0176776695296637,-0.0176776695296637,0.));
#3958=CARTESIAN_POINT('',(-0.0144406438089859,-0.0227295666469524,0.));
#3959=CARTESIAN_POINT('',(-0.0176776695296637,-0.0176776695296637,-0.003));
#3960=CARTESIAN_POINT('',(-0.0144406438089859,-0.0227295666469524,-0.003));
#3961=CARTESIAN_POINT('',(-0.0144406438089859,-0.0227295666469524,-0.003));
#3962=CARTESIAN_POINT('',(1.12757025938492E-17,-0.0452665042944956,-0.003));
#3963=CARTESIAN_POINT('',(1.12757025938492E-17,-0.0452665042944956,0.));
#3964=CARTESIAN_POINT('',(0.0144406438089859,-0.0227295666469524,0.));
#3965=CARTESIAN_POINT('',(1.12757025938492E-17,-0.0452665042944956,-0.003));
#3966=CARTESIAN_POINT('',(0.0144406438089859,-0.0227295666469524,-0.003));
#3967=CARTESIAN_POINT('',(0.0144406438089859,-0.0227295666469524,-0.003));
#3968=CARTESIAN_POINT('',(0.0176776695296637,-0.0176776695296637,-0.003));
#3969=CARTESIAN_POINT('',(0.0176776695296637,-0.0176776695296637,0.));
#3970=CARTESIAN_POINT('',(0.0176776695296637,-0.0176776695296637,-0.003));
#3971=CARTESIAN_POINT('',(0.,4.28626379701574E-19,-0.003));
#3972=CARTESIAN_POINT('',(0.,4.28626379701574E-19,-0.003));
#3973=CARTESIAN_POINT('',(0.007,4.28626379701574E-19,-0.003));
#3974=CARTESIAN_POINT('',(0.,4.28626379701574E-19,0.));
#3975=CARTESIAN_POINT('',(0.007,4.28626379701574E-19,0.));
#3976=CARTESIAN_POINT('',(-3.46944695195361E-18,-3.46944695195361E-18,-0.003));
#3977=CARTESIAN_POINT('',(-0.0176776695296637,-0.0176776695296637,-0.003));
#3978=CARTESIAN_POINT('',(-0.0144776695296637,-0.0176776695296637,-0.003));
#3979=CARTESIAN_POINT('',(0.0176776695296637,-0.0176776695296637,-0.003));
#3980=CARTESIAN_POINT('',(0.0208776695296637,-0.0176776695296637,-0.003));
#3981=CARTESIAN_POINT('',(0.0176776695296637,0.0176776695296637,-0.003));
#3982=CARTESIAN_POINT('',(0.0208776695296637,0.0176776695296637,-0.003));
#3983=CARTESIAN_POINT('',(-0.0176776695296637,0.0176776695296637,-0.003));
#3984=CARTESIAN_POINT('',(-0.0144776695296637,0.0176776695296637,-0.003));
#3985=CARTESIAN_POINT('',(-3.46944695195361E-18,-3.46944695195361E-18,0.));
#3986=CARTESIAN_POINT('',(0.0176776695296637,0.0176776695296637,0.));
#3987=CARTESIAN_POINT('',(0.0176213203435596,-0.00287867965644036,0.));
#3988=CARTESIAN_POINT('',(0.0185,-0.00375735931288072,0.));
#3989=CARTESIAN_POINT('',(0.0185,-0.00974264068711929,0.));
#3990=CARTESIAN_POINT('',(0.0176776695296637,-0.0176776695296637,0.));
#3991=CARTESIAN_POINT('',(0.005,-0.0185,0.));
#3992=CARTESIAN_POINT('',(-0.00974264068711929,-0.0185,0.));
#3993=CARTESIAN_POINT('',(-0.0176776695296637,-0.0176776695296637,0.));
#3994=CARTESIAN_POINT('',(-0.0185,-0.005,0.));
#3995=CARTESIAN_POINT('',(-0.0185,-0.00375735931288072,0.));
#3996=CARTESIAN_POINT('',(-0.0146213203435596,0.00012132034355964,0.));
#3997=CARTESIAN_POINT('',(-0.0176776695296637,0.0176776695296637,0.));
#3998=CARTESIAN_POINT('',(0.0176776695296637,0.0176776695296637,0.));
#3999=CARTESIAN_POINT('',(0.0144776695296637,0.0176776695296637,0.));
#4000=CARTESIAN_POINT('',(-0.0176776695296637,0.0176776695296637,0.));
#4001=CARTESIAN_POINT('',(-0.0208776695296637,0.0176776695296637,0.));
#4002=CARTESIAN_POINT('',(-0.0176776695296637,-0.0176776695296637,0.));
#4003=CARTESIAN_POINT('',(-0.0208776695296637,-0.0176776695296637,0.));
#4004=CARTESIAN_POINT('',(0.0176776695296637,-0.0176776695296637,0.));
#4005=CARTESIAN_POINT('',(0.0144776695296637,-0.0176776695296637,0.));
#4006=CARTESIAN_POINT('',(-0.0176776695296637,0.0176776695296637,0.));
#4007=CARTESIAN_POINT('',(0.0176776695296637,0.0176776695296637,0.));
#4008=CARTESIAN_POINT('',(0.0176776695296637,-0.0176776695296637,0.));
#4009=CARTESIAN_POINT('',(-0.0176776695296637,-0.0176776695296637,0.));
#4010=CARTESIAN_POINT('',(-3.46944695195361E-18,0.0209,0.003));
#4011=CARTESIAN_POINT('',(-0.014,-0.0035,0.03));
#4012=CARTESIAN_POINT('',(-0.014,-0.0035,0.03));
#4013=CARTESIAN_POINT('',(-0.0155,-0.005,0.0285));
#4014=CARTESIAN_POINT('',(-0.0133786796564404,-0.00287867965644036,0.0306213203435596));
#4015=CARTESIAN_POINT('',(-0.0133786796564404,-0.00287867965644036,0.03));
#4016=CARTESIAN_POINT('',(-0.0133786796564404,-0.00287867965644036,0.003));
#4017=CARTESIAN_POINT('',(-0.0155,-0.005,0.003));
#4018=CARTESIAN_POINT('',(-0.0155,-0.005,0.003));
#4019=CARTESIAN_POINT('',(-0.0155,-0.005,0.03));
#4020=CARTESIAN_POINT('',(-0.0155,-0.00737132034355964,0.03));
#4021=CARTESIAN_POINT('',(-0.0155,-0.00974264068711929,0.003));
#4022=CARTESIAN_POINT('',(-0.0155,-0.00974264068711929,0.03));
#4023=CARTESIAN_POINT('',(-0.0155,-0.00974264068711929,0.0285));
#4024=CARTESIAN_POINT('',(-0.0155,-0.00737132034355964,0.0285));
#4025=CARTESIAN_POINT('',(-0.00737132034355964,-0.0155,0.03));
#4026=CARTESIAN_POINT('',(-0.00974264068711929,-0.0155,0.03));
#4027=CARTESIAN_POINT('',(-0.00974264068711929,-0.0155,0.0285));
#4028=CARTESIAN_POINT('',(-0.005,-0.0155,0.003));
#4029=CARTESIAN_POINT('',(-0.00737132034355964,-0.0155,0.0285));
#4030=CARTESIAN_POINT('',(-0.0126213203435596,-0.0126213203435596,0.03));
#4031=CARTESIAN_POINT('',(-0.0126213203435596,-0.0126213203435596,0.0285));
#4032=CARTESIAN_POINT('',(0.014,-0.0035,0.03));
#4033=CARTESIAN_POINT('',(0.0125,-0.002,0.003));
#4034=CARTESIAN_POINT('',(0.0155,-0.005,0.003));
#4035=CARTESIAN_POINT('',(0.0133786796564404,-0.00287867965644036,0.003));
#4036=CARTESIAN_POINT('',(0.0133786796564404,-0.00287867965644036,0.0315));
#4037=CARTESIAN_POINT('',(0.0133786796564404,-0.00287867965644036,0.0306213203435596));
#4038=CARTESIAN_POINT('',(0.014,-0.0035,0.03));
#4039=CARTESIAN_POINT('',(0.0155,-0.005,0.0285));
#4040=CARTESIAN_POINT('',(0.0155,-0.005,0.03));
#4041=CARTESIAN_POINT('',(0.0155,-0.00737132034355964,0.03));
#4042=CARTESIAN_POINT('',(0.0155,-0.00974264068711929,0.03));
#4043=CARTESIAN_POINT('',(0.0155,-0.00974264068711929,0.0285));
#4044=CARTESIAN_POINT('',(0.0155,-0.005,0.003));
#4045=CARTESIAN_POINT('',(0.0155,-0.00737132034355964,0.0285));
#4046=CARTESIAN_POINT('',(0.00737132034355964,-0.0155,0.03));
#4047=CARTESIAN_POINT('',(0.00974264068711929,-0.0155,0.003));
#4048=CARTESIAN_POINT('',(0.00974264068711929,-0.0155,0.03));
#4049=CARTESIAN_POINT('',(0.00974264068711929,-0.0155,0.0285));
#4050=CARTESIAN_POINT('',(0.00737132034355964,-0.0155,0.0285));
#4051=CARTESIAN_POINT('',(0.0126213203435596,-0.0126213203435596,0.03));
#4052=CARTESIAN_POINT('',(0.0126213203435596,-0.0126213203435596,0.0285));
#4053=CARTESIAN_POINT('',(0.0155,-0.00737132034355964,0.0285));
#4054=CARTESIAN_POINT('',(0.0155,-0.000757359312880715,0.0285));
#4055=CARTESIAN_POINT('',(0.0150476858924577,-0.00955528604932256,0.0289523141075423));
#4056=CARTESIAN_POINT('',(0.0126213203435596,-0.0126213203435596,0.0285));
#4057=CARTESIAN_POINT('',(0.00942099142644073,-0.0147234699925425,0.0292765300074574));
#4058=CARTESIAN_POINT('',(0.00737132034355964,-0.0155,0.0285));
#4059=CARTESIAN_POINT('',(-0.014,-0.00875,0.03));
#4060=CARTESIAN_POINT('',(-0.0139291730321187,-0.00909198285288146,0.0300708269678812));
#4061=CARTESIAN_POINT('',(-0.0155,-0.000757359312880715,0.0285));
#4062=CARTESIAN_POINT('',(-0.0123106601717798,-0.0108106601717798,0.03));
#4063=CARTESIAN_POINT('',(-0.00876495946974563,-0.0131396687453391,0.0308603312546609));
#4064=CARTESIAN_POINT('',(-0.01025,-0.014,0.03));
#4065=CARTESIAN_POINT('',(-3.46944695195361E-18,-0.0185,0.003));
#4066=CARTESIAN_POINT('',(-0.0185,-3.46944695195361E-18,0.003));
#4067=CARTESIAN_POINT('',(-0.0185,-0.00375735931288072,0.003));
#4068=CARTESIAN_POINT('',(-0.00737132034355964,0.00737132034355964,0.003));
#4069=CARTESIAN_POINT('',(-0.0155,-0.000757359312880715,0.003));
#4070=CARTESIAN_POINT('',(-0.0155,-0.000757359312880715,0.003));
#4071=CARTESIAN_POINT('',(-0.0155,-0.000757359312880715,0.003));
#4072=CARTESIAN_POINT('',(-0.0155,-0.000757359312880715,0.03));
#4073=CARTESIAN_POINT('',(0.0155,-0.000757359312880715,0.040002));
#4074=CARTESIAN_POINT('',(0.0155,-0.000757359312880715,0.003));
#4075=CARTESIAN_POINT('',(0.0155,-0.000757359312880714,0.003));
#4076=CARTESIAN_POINT('',(0.0155,-0.000757359312880714,0.003));
#4077=CARTESIAN_POINT('',(0.00737132034355964,0.00737132034355964,0.003));
#4078=CARTESIAN_POINT('',(0.0185,-0.00375735931288072,0.003));
#4079=CARTESIAN_POINT('',(0.0185,-3.46944695195361E-18,0.003));
#4080=CARTESIAN_POINT('',(-3.46944695195361E-18,-0.0185,0.003));
#4081=CARTESIAN_POINT('',(0.0176776695296637,-0.0176776695296637,0.025));
#4082=CARTESIAN_POINT('',(-0.0176776695296637,-0.0176776695296637,0.025));
#4083=CARTESIAN_POINT('',(0.0176776695296637,0.0176776695296637,0.025));
#4084=CARTESIAN_POINT('',(-0.0176776695296637,0.0176776695296637,0.025));
#4085=CARTESIAN_POINT('',(0.,0.,0.));
#4086=CARTESIAN_POINT('',(0.,0.,0.042));
#4087=CARTESIAN_POINT('',(-7.23306163352212E-19,0.00786712481267395,0.042));
#4088=CARTESIAN_POINT('',(-0.00491618497109826,0.00786712481267395,0.042));
#4089=CARTESIAN_POINT('',(-0.00405213016484693,0.00786712481267395,0.042));
#4090=CARTESIAN_POINT('',(-0.00491618497109826,-4.51995738525251E-19,0.042));
#4091=CARTESIAN_POINT('',(-0.00491618497109826,0.00842631984585742,0.042));
#4092=CARTESIAN_POINT('',(-7.74718747193001E-19,0.00842631984585742,0.042));
#4093=CARTESIAN_POINT('',(-0.00236598158852494,0.00842631984585742,0.042));
#4094=CARTESIAN_POINT('',(-0.00236598158852494,-2.17529161683185E-19,0.042));
#4095=CARTESIAN_POINT('',(-0.00236598158852494,0.00786712481267395,0.042));
#4096=CARTESIAN_POINT('',(-7.23306163352212E-19,0.00786712481267395,0.042));
#4097=CARTESIAN_POINT('',(-0.00330025690430315,0.00786712481267395,0.042));
#4098=CARTESIAN_POINT('',(-0.00330025690430315,-3.03426755818408E-19,0.042));
#4099=CARTESIAN_POINT('',(-0.00330025690430315,0.0052955127381717,0.042));
#4100=CARTESIAN_POINT('',(-0.00330344082012932,0.00529352580585214,0.042));
#4101=CARTESIAN_POINT('',(-0.00239595375722543,0.00585984585741811,0.042));
#4102=CARTESIAN_POINT('',(-0.00239595375722543,-2.20284813190731E-19,0.042));
#4103=CARTESIAN_POINT('',(-0.00239595375722543,0.00526810961250268,0.042));
#4104=CARTESIAN_POINT('',(-0.00311345867999457,0.00480299989375387,0.042));
#4105=CARTESIAN_POINT('',(-0.00334050524512952,0.00465582102333548,0.042));
#4106=CARTESIAN_POINT('',(-4.280577875437E-19,0.00465582102333548,0.042));
#4107=CARTESIAN_POINT('',(-0.00405213016484693,0.00465582102333548,0.042));
#4108=CARTESIAN_POINT('',(-0.00405213016484693,-3.72554242207708E-19,0.042));
#4109=CARTESIAN_POINT('',(0.,1.53080849893419E-19,0.042));
#4110=CARTESIAN_POINT('',(0.005,1.53080849893419E-19,0.042));
#4111=CARTESIAN_POINT('',(-0.00675,-0.00675,0.042));
#4112=CARTESIAN_POINT('',(-0.004,-0.0095,0.042));
#4113=CARTESIAN_POINT('',(-0.0095,-0.004,0.042));
#4114=CARTESIAN_POINT('',(0.,-0.0095,0.042));
#4115=CARTESIAN_POINT('',(0.004,-0.0095,0.042));
#4116=CARTESIAN_POINT('',(0.00675,-0.00675,0.042));
#4117=CARTESIAN_POINT('',(0.0095,-0.004,0.042));
#4118=CARTESIAN_POINT('',(0.0095,0.00275,0.042));
#4119=CARTESIAN_POINT('',(0.0095,0.0095,0.042));
#4120=CARTESIAN_POINT('',(0.,0.0095,0.042));
#4121=CARTESIAN_POINT('',(-0.0095,0.0095,0.042));
#4122=CARTESIAN_POINT('',(-0.0095,0.00275,0.042));
#4123=CARTESIAN_POINT('',(0.0070409757106793,-0.000455890513641105,0.042));
#4124=CARTESIAN_POINT('',(0.00746981374438022,0.00616727467351745,0.042));
#4125=CARTESIAN_POINT('',(0.00740815671162492,0.00521501605651895,0.042));
#4126=CARTESIAN_POINT('',(0.00746981374438022,0.00616727467351745,0.042));
#4127=CARTESIAN_POINT('',(0.00719663883536716,0.00592664097623635,0.042));
#4128=CARTESIAN_POINT('',(0.00678730464568615,0.00592664097623635,0.042));
#4129=CARTESIAN_POINT('',(0.00678730464568615,0.00592664097623635,0.042));
#4130=CARTESIAN_POINT('',(0.00678730464568615,0.00592664097623635,0.042));
#4131=CARTESIAN_POINT('',(0.0062495183044316,0.00592664097623635,0.042));
#4132=CARTESIAN_POINT('',(0.00592710340398202,0.00626104474416613,0.042));
#4133=CARTESIAN_POINT('',(0.00592710340398202,0.00626104474416613,0.042));
#4134=CARTESIAN_POINT('',(0.00592710340398202,0.00626104474416613,0.042));
#4135=CARTESIAN_POINT('',(0.00560468850353243,0.00659544851209591,0.042));
#4136=CARTESIAN_POINT('',(0.00560468850353243,0.00717091415114536,0.042));
#4137=CARTESIAN_POINT('',(0.00560468850353243,0.00717091415114536,0.042));
#4138=CARTESIAN_POINT('',(0.00560468850353243,0.00717091415114536,0.042));
#4139=CARTESIAN_POINT('',(0.00560468850353243,0.00777035752515521,0.042));
#4140=CARTESIAN_POINT('',(0.00597805609077285,0.00812531363733676,0.042));
#4141=CARTESIAN_POINT('',(0.00597805609077285,0.00812531363733676,0.042));
#4142=CARTESIAN_POINT('',(0.00597805609077285,0.00812531363733676,0.042));
#4143=CARTESIAN_POINT('',(0.00635142367801327,0.0084802697495183,0.042));
#4144=CARTESIAN_POINT('',(0.00700139156497538,0.0084802697495183,0.042));
#4145=CARTESIAN_POINT('',(0.00700139156497538,0.0084802697495183,0.042));
#4146=CARTESIAN_POINT('',(0.00700139156497538,0.0084802697495183,0.042));
#4147=CARTESIAN_POINT('',(0.00756829372725326,0.0084802697495183,0.042));
#4148=CARTESIAN_POINT('',(0.0079095482766003,0.00822464996788696,0.042));
#4149=CARTESIAN_POINT('',(0.0079095482766003,0.00822464996788696,0.042));
#4150=CARTESIAN_POINT('',(0.0079095482766003,0.00822464996788696,0.042));
#4151=CARTESIAN_POINT('',(0.00825080282594733,0.00796903018625562,0.042));
#4152=CARTESIAN_POINT('',(0.00833129950760008,0.0074843374009848,0.042));
#4153=CARTESIAN_POINT('',(0.00833129950760008,0.0074843374009848,0.042));
#4154=CARTESIAN_POINT('',(-0.000553998382220704,0.00675570249430246,0.042));
#4155=CARTESIAN_POINT('',(0.0075794262470563,0.0074226803682295,0.042));
#4156=CARTESIAN_POINT('',(0.0075794262470563,0.0074226803682295,0.042));
#4157=CARTESIAN_POINT('',(0.00752033825733247,0.0076633140655106,0.042));
#4158=CARTESIAN_POINT('',(0.00737047741383001,0.00777335474202526,0.042));
#4159=CARTESIAN_POINT('',(0.00737047741383001,0.00777335474202526,0.042));
#4160=CARTESIAN_POINT('',(0.00737047741383001,0.00777335474202526,0.042));
#4161=CARTESIAN_POINT('',(0.00722061657032755,0.00788339541853993,0.042));
#4162=CARTESIAN_POINT('',(0.00699368443588097,0.00788339541853993,0.042));
#4163=CARTESIAN_POINT('',(0.00699368443588097,0.00788339541853993,0.042));
#4164=CARTESIAN_POINT('',(0.00699368443588097,0.00788339541853993,0.042));
#4165=CARTESIAN_POINT('',(0.00671194605009634,0.00788339541853993,0.042));
#4166=CARTESIAN_POINT('',(0.00654495825305074,0.00770399058017555,0.042));
#4167=CARTESIAN_POINT('',(0.00654495825305074,0.00770399058017555,0.042));
#4168=CARTESIAN_POINT('',(0.00654495825305074,0.00770399058017555,0.042));
#4169=CARTESIAN_POINT('',(0.00637797045600514,0.00752458574181118,0.042));
#4170=CARTESIAN_POINT('',(0.00637797045600514,0.00718718475701135,0.042));
#4171=CARTESIAN_POINT('',(0.00637797045600514,0.00718718475701135,0.042));
#4172=CARTESIAN_POINT('',(0.00637797045600514,0.00718718475701135,0.042));
#4173=CARTESIAN_POINT('',(0.00637797045600514,0.00689003211303789,0.042));
#4174=CARTESIAN_POINT('',(0.00653596660244059,0.00671233997002783,0.042));
#4175=CARTESIAN_POINT('',(0.00653596660244059,0.00671233997002783,0.042));
#4176=CARTESIAN_POINT('',(0.00653596660244059,0.00671233997002783,0.042));
#4177=CARTESIAN_POINT('',(0.00669396274887604,0.00653464782701777,0.042));
#4178=CARTESIAN_POINT('',(0.00697741383001499,0.00653464782701777,0.042));
#4179=CARTESIAN_POINT('',(0.00697741383001499,0.00653464782701777,0.042));
#4180=CARTESIAN_POINT('',(0.00699179190676956,0.0071630452950386,0.042));
#4181=CARTESIAN_POINT('',(0.00748784485488856,0.00677785056733034,0.042));
#4182=CARTESIAN_POINT('',(-6.11400217782154E-19,0.00677785056733034,0.042));
#4183=CARTESIAN_POINT('',(0.008221687004924,0.00677785056733034,0.042));
#4184=CARTESIAN_POINT('',(0.00777356516567525,-0.000479965887953314,0.042));
#4185=CARTESIAN_POINT('',(0.00809066581031899,0.00465582102333548,0.042));
#4186=CARTESIAN_POINT('',(-4.19981225514573E-19,0.00465582102333547,0.042));
#4187=CARTESIAN_POINT('',(0.00582391350888461,0.00465582102333547,0.042));
#4188=CARTESIAN_POINT('',(0.00582391350888461,5.2534973326787E-19,0.042));
#4189=CARTESIAN_POINT('',(0.00582391350888461,0.00521501605651895,0.042));
#4190=CARTESIAN_POINT('',(-4.70423760603649E-19,0.00521501605651895,0.042));
#4191=CARTESIAN_POINT('',(-0.00565478484264611,0.00543424106187112,0.042));
#4192=CARTESIAN_POINT('',(-0.00579651038321558,0.00500606722329266,0.042));
#4193=CARTESIAN_POINT('',(-0.0060803896381931,0.00480268464996789,0.042));
#4194=CARTESIAN_POINT('',(-0.00565478484264611,0.00543424106187112,0.042));
#4195=CARTESIAN_POINT('',(-0.0060803896381931,0.00480268464996789,0.042));
#4196=CARTESIAN_POINT('',(-0.0060803896381931,0.00480268464996789,0.042));
#4197=CARTESIAN_POINT('',(-0.00636426889317062,0.00459930207664312,0.042));
#4198=CARTESIAN_POINT('',(-0.00683012202954399,0.00459930207664312,0.042));
#4199=CARTESIAN_POINT('',(-0.00683012202954399,0.00459930207664312,0.042));
#4200=CARTESIAN_POINT('',(-0.00683012202954399,0.00459930207664312,0.042));
#4201=CARTESIAN_POINT('',(-0.00749892956540355,0.00459930207664312,0.042));
#4202=CARTESIAN_POINT('',(-0.00780935559837294,0.00508356668807536,0.042));
#4203=CARTESIAN_POINT('',(-0.00780935559837294,0.00508356668807536,0.042));
#4204=CARTESIAN_POINT('',(-0.00780935559837294,0.00508356668807536,0.042));
#4205=CARTESIAN_POINT('',(-0.00811978163134232,0.0055678312995076,0.042));
#4206=CARTESIAN_POINT('',(-0.00811978163134232,0.00653978591308071,0.042));
#4207=CARTESIAN_POINT('',(-0.00811978163134232,0.00653978591308071,0.042));
#4208=CARTESIAN_POINT('',(-0.00811978163134232,0.00653978591308071,0.042));
#4209=CARTESIAN_POINT('',(-0.00811978163134232,0.00749461357311068,0.042));
#4210=CARTESIAN_POINT('',(-0.00779180047099122,0.00798744166131449,0.042));
#4211=CARTESIAN_POINT('',(-0.00779180047099122,0.00798744166131449,0.042));
#4212=CARTESIAN_POINT('',(-0.00779180047099122,0.00798744166131449,0.042));
#4213=CARTESIAN_POINT('',(-0.00746381931064012,0.0084802697495183,0.042));
#4214=CARTESIAN_POINT('',(-0.00680871333761507,0.0084802697495183,0.042));
#4215=CARTESIAN_POINT('',(-0.00680871333761507,0.0084802697495183,0.042));
#4216=CARTESIAN_POINT('',(-0.00680871333761507,0.0084802697495183,0.042));
#4217=CARTESIAN_POINT('',(-0.00551305930207664,0.0084802697495183,0.042));
#4218=CARTESIAN_POINT('',(-0.00551305930207664,0.00653978591308071,0.042));
#4219=CARTESIAN_POINT('',(-0.00551305930207664,0.00653978591308071,0.042));
#4220=CARTESIAN_POINT('',(-0.00551305930207664,0.00653978591308071,0.042));
#4221=CARTESIAN_POINT('',(-0.00551305930207664,0.00586241490044958,0.042));
#4222=CARTESIAN_POINT('',(-0.00565478484264611,0.00543424106187112,0.042));
#4223=CARTESIAN_POINT('',(-0.00675,-0.00675,0.042));
#4224=CARTESIAN_POINT('',(-0.0095,-0.004,0.042));
#4225=CARTESIAN_POINT('',(-0.0095,-0.004,0.002));
#4226=CARTESIAN_POINT('',(-0.004,-0.0095,0.002));
#4227=CARTESIAN_POINT('',(-0.004,-0.0095,0.002));
#4228=CARTESIAN_POINT('',(-0.004,-0.0095,0.042));
#4229=CARTESIAN_POINT('',(0.,-0.0095,0.042));
#4230=CARTESIAN_POINT('',(0.,-0.0095,0.002));
#4231=CARTESIAN_POINT('',(0.004,-0.0095,0.002));
#4232=CARTESIAN_POINT('',(0.004,-0.0095,0.042));
#4233=CARTESIAN_POINT('',(0.00675,-0.00675,0.042));
#4234=CARTESIAN_POINT('',(0.00675,-0.00675,0.002));
#4235=CARTESIAN_POINT('',(0.0095,-0.004,0.002));
#4236=CARTESIAN_POINT('',(0.0095,-0.004,0.042));
#4237=CARTESIAN_POINT('',(0.0095,0.00275,0.042));
#4238=CARTESIAN_POINT('',(0.0095,0.00275,0.002));
#4239=CARTESIAN_POINT('',(0.0095,0.0095,0.002));
#4240=CARTESIAN_POINT('',(0.0095,0.0095,0.042));
#4241=CARTESIAN_POINT('',(0.,0.0095,0.042));
#4242=CARTESIAN_POINT('',(0.,0.0095,0.002));
#4243=CARTESIAN_POINT('',(-0.0095,0.0095,0.002));
#4244=CARTESIAN_POINT('',(-0.0095,0.0095,0.042));
#4245=CARTESIAN_POINT('',(-0.0095,0.00275,0.042));
#4246=CARTESIAN_POINT('',(-0.0095,-0.004,0.002));
#4247=CARTESIAN_POINT('',(0.,0.,0.));
#4248=CARTESIAN_POINT('',(0.,1.53080849893419E-19,0.));
#4249=CARTESIAN_POINT('',(0.00362081759459102,1.53080849893419E-19,0.));
#4250=CARTESIAN_POINT('',(-0.00879289321881345,-0.00329289321881346,0.));
#4251=CARTESIAN_POINT('',(-0.00358578643762691,-0.0085,0.));
#4252=CARTESIAN_POINT('',(-0.0085,-0.00358578643762691,0.));
#4253=CARTESIAN_POINT('',(-0.0085,0.0095,0.));
#4254=CARTESIAN_POINT('',(-0.0085,0.0085,0.));
#4255=CARTESIAN_POINT('',(-7.76060502410677E-19,0.0085,0.));
#4256=CARTESIAN_POINT('',(0.0085,0.0085,0.));
#4257=CARTESIAN_POINT('',(0.0085,0.,0.));
#4258=CARTESIAN_POINT('',(0.0085,-0.00358578643762691,0.));
#4259=CARTESIAN_POINT('',(0.00604289321881345,-0.00604289321881345,0.));
#4260=CARTESIAN_POINT('',(0.00358578643762691,-0.0085,0.));
#4261=CARTESIAN_POINT('',(0.,-0.0085,0.));
#4262=CARTESIAN_POINT('',(0.,1.53080849893419E-19,6.93889390390723E-18));
#4263=CARTESIAN_POINT('',(0.,1.53080849893419E-19,0.00205941863998421));
#4264=CARTESIAN_POINT('',(0.0026225844428562,1.53080849893419E-19,0.00205941863998421));
#4265=CARTESIAN_POINT('',(0.00746981374438022,0.00616727467351745,0.0414));
#4266=CARTESIAN_POINT('',(0.00746981374438022,0.00616727467351745,0.042));
#4267=CARTESIAN_POINT('',(0.00728769713837151,0.00600685220866338,0.0414));
#4268=CARTESIAN_POINT('',(0.00728769713837151,0.00600685220866338,0.042));
#4269=CARTESIAN_POINT('',(0.00706019410547349,0.00592664097623635,0.0414));
#4270=CARTESIAN_POINT('',(0.00706019410547349,0.00592664097623635,0.042));
#4271=CARTESIAN_POINT('',(0.00678730464568615,0.00592664097623635,0.0414));
#4272=CARTESIAN_POINT('',(0.00678730464568615,0.00592664097623635,0.042));
#4273=CARTESIAN_POINT('',(0.00746981374438022,0.00616727467351745,0.042));
#4274=CARTESIAN_POINT('',(0.00746981374438022,0.00616727467351745,0.0414));
#4275=CARTESIAN_POINT('',(0.00746981374438022,0.00616727467351745,0.0414));
#4276=CARTESIAN_POINT('',(0.00719663883536716,0.00592664097623635,0.0414));
#4277=CARTESIAN_POINT('',(0.00678730464568615,0.00592664097623635,0.0414));
#4278=CARTESIAN_POINT('',(0.00678730464568615,0.00592664097623635,0.0414));
#4279=CARTESIAN_POINT('',(0.00678730464568615,0.00592664097623635,0.042));
#4280=CARTESIAN_POINT('',(0.00699179190676956,0.0071630452950386,0.042));
#4281=CARTESIAN_POINT('',(0.00697742560035558,0.00653516225271956,0.042));
#4282=CARTESIAN_POINT('',(0.00697742560035558,0.00653516225271956,0.0418));
#4283=CARTESIAN_POINT('',(0.00697742560035558,0.00653516225271956,0.0416));
#4284=CARTESIAN_POINT('',(0.00697742560035558,0.00653516225271956,0.0414));
#4285=CARTESIAN_POINT('',(0.00697741383001499,0.00653464782701777,0.0414));
#4286=CARTESIAN_POINT('',(0.00699179190676956,0.0071630452950386,0.0414));
#4287=CARTESIAN_POINT('',(0.00748784485488856,0.00677785056733034,0.0414));
#4288=CARTESIAN_POINT('',(0.00748784485488857,0.00677785056733034,0.0414));
#4289=CARTESIAN_POINT('',(0.00653596660244059,0.00671233997002783,0.0414));
#4290=CARTESIAN_POINT('',(0.00653596660244059,0.00671233997002783,0.042));
#4291=CARTESIAN_POINT('',(0.00664129736673089,0.00659387854135446,0.0414));
#4292=CARTESIAN_POINT('',(0.00664129736673089,0.00659387854135446,0.042));
#4293=CARTESIAN_POINT('',(0.00678844644258902,0.00653464782701777,0.0414));
#4294=CARTESIAN_POINT('',(0.00678844644258902,0.00653464782701777,0.042));
#4295=CARTESIAN_POINT('',(0.00697741383001499,0.00653464782701777,0.0414));
#4296=CARTESIAN_POINT('',(0.00697741383001499,0.00653464782701777,0.042));
#4297=CARTESIAN_POINT('',(0.00653596660244059,0.00671233997002783,0.042));
#4298=CARTESIAN_POINT('',(0.00653596660244059,0.00671233997002783,0.0414));
#4299=CARTESIAN_POINT('',(0.00653596660244059,0.00671233997002783,0.0414));
#4300=CARTESIAN_POINT('',(0.00669396274887604,0.00653464782701777,0.0414));
#4301=CARTESIAN_POINT('',(0.00697741383001499,0.00653464782701777,0.0414));
#4302=CARTESIAN_POINT('',(0.00637797045600514,0.00718718475701135,0.0414));
#4303=CARTESIAN_POINT('',(0.00637797045600514,0.00718718475701135,0.042));
#4304=CARTESIAN_POINT('',(0.00637797045600514,0.00698908299436238,0.0414));
#4305=CARTESIAN_POINT('',(0.00637797045600514,0.00698908299436238,0.042));
#4306=CARTESIAN_POINT('',(0.00643063583815029,0.0068308013987012,0.0414));
#4307=CARTESIAN_POINT('',(0.00643063583815029,0.0068308013987012,0.042));
#4308=CARTESIAN_POINT('',(0.00653596660244059,0.00671233997002783,0.0414));
#4309=CARTESIAN_POINT('',(0.00653596660244059,0.00671233997002783,0.042));
#4310=CARTESIAN_POINT('',(0.00637797045600514,0.00718718475701135,0.042));
#4311=CARTESIAN_POINT('',(0.00637797045600514,0.00718718475701135,0.0414));
#4312=CARTESIAN_POINT('',(0.00637797045600514,0.00718718475701135,0.0414));
#4313=CARTESIAN_POINT('',(0.00637797045600514,0.00689003211303789,0.0414));
#4314=CARTESIAN_POINT('',(0.00653596660244059,0.00671233997002783,0.0414));
#4315=CARTESIAN_POINT('',(0.00654495825305074,0.00770399058017555,0.0414));
#4316=CARTESIAN_POINT('',(0.00654495825305074,0.00770399058017555,0.042));
#4317=CARTESIAN_POINT('',(0.00643363305502034,0.0075843873545993,0.0414));
#4318=CARTESIAN_POINT('',(0.00643363305502034,0.0075843873545993,0.042));
#4319=CARTESIAN_POINT('',(0.00637797045600514,0.0074121187468779,0.0414));
#4320=CARTESIAN_POINT('',(0.00637797045600514,0.0074121187468779,0.042));
#4321=CARTESIAN_POINT('',(0.00637797045600514,0.00718718475701135,0.0414));
#4322=CARTESIAN_POINT('',(0.00637797045600514,0.00718718475701135,0.042));
#4323=CARTESIAN_POINT('',(0.00654495825305074,0.00770399058017555,0.042));
#4324=CARTESIAN_POINT('',(0.00654495825305074,0.00770399058017555,0.0414));
#4325=CARTESIAN_POINT('',(0.00654495825305074,0.00770399058017555,0.0414));
#4326=CARTESIAN_POINT('',(0.00637797045600514,0.00752458574181118,0.0414));
#4327=CARTESIAN_POINT('',(0.00637797045600514,0.00718718475701135,0.0414));
#4328=CARTESIAN_POINT('',(0.00699368443588097,0.00788339541853993,0.0414));
#4329=CARTESIAN_POINT('',(0.00699368443588097,0.00788339541853993,0.042));
#4330=CARTESIAN_POINT('',(0.00680585884535788,0.00788339541853993,0.0414));
#4331=CARTESIAN_POINT('',(0.00680585884535788,0.00788339541853993,0.042));
#4332=CARTESIAN_POINT('',(0.00665628345108114,0.0078235938057518,0.0414));
#4333=CARTESIAN_POINT('',(0.00665628345108114,0.0078235938057518,0.042));
#4334=CARTESIAN_POINT('',(0.00654495825305074,0.00770399058017555,0.0414));
#4335=CARTESIAN_POINT('',(0.00654495825305074,0.00770399058017555,0.042));
#4336=CARTESIAN_POINT('',(0.00699368443588097,0.00788339541853993,0.042));
#4337=CARTESIAN_POINT('',(0.00699368443588097,0.00788339541853993,0.0414));
#4338=CARTESIAN_POINT('',(0.00699368443588097,0.00788339541853993,0.0414));
#4339=CARTESIAN_POINT('',(0.00671194605009634,0.00788339541853993,0.0414));
#4340=CARTESIAN_POINT('',(0.00654495825305074,0.00770399058017555,0.0414));
#4341=CARTESIAN_POINT('',(0.00737047741383001,0.00777335474202526,0.0414));
#4342=CARTESIAN_POINT('',(0.00737047741383001,0.00777335474202526,0.042));
#4343=CARTESIAN_POINT('',(0.00727057018482837,0.00784671519303504,0.0414));
#4344=CARTESIAN_POINT('',(0.00727057018482837,0.00784671519303504,0.042));
#4345=CARTESIAN_POINT('',(0.00714497252551202,0.00788339541853993,0.0414));
#4346=CARTESIAN_POINT('',(0.00714497252551202,0.00788339541853993,0.042));
#4347=CARTESIAN_POINT('',(0.00699368443588097,0.00788339541853993,0.0414));
#4348=CARTESIAN_POINT('',(0.00699368443588097,0.00788339541853993,0.042));
#4349=CARTESIAN_POINT('',(0.00737047741383001,0.00777335474202526,0.042));
#4350=CARTESIAN_POINT('',(0.00737047741383001,0.00777335474202526,0.0414));
#4351=CARTESIAN_POINT('',(0.00737047741383001,0.00777335474202526,0.0414));
#4352=CARTESIAN_POINT('',(0.00722061657032755,0.00788339541853993,0.0414));
#4353=CARTESIAN_POINT('',(0.00699368443588097,0.00788339541853993,0.0414));
#4354=CARTESIAN_POINT('',(0.0075794262470563,0.0074226803682295,0.0414));
#4355=CARTESIAN_POINT('',(0.0075794262470563,0.0074226803682295,0.042));
#4356=CARTESIAN_POINT('',(0.00754003425390708,0.00758310283308357,0.0414));
#4357=CARTESIAN_POINT('',(0.00754003425390708,0.00758310283308357,0.042));
#4358=CARTESIAN_POINT('',(0.00747038464283165,0.00769999429101549,0.0414));
#4359=CARTESIAN_POINT('',(0.00747038464283165,0.00769999429101549,0.042));
#4360=CARTESIAN_POINT('',(0.00737047741383001,0.00777335474202526,0.0414));
#4361=CARTESIAN_POINT('',(0.00737047741383001,0.00777335474202526,0.042));
#4362=CARTESIAN_POINT('',(0.0075794262470563,0.0074226803682295,0.042));
#4363=CARTESIAN_POINT('',(0.0075794262470563,0.0074226803682295,0.0414));
#4364=CARTESIAN_POINT('',(0.0075794262470563,0.0074226803682295,0.0414));
#4365=CARTESIAN_POINT('',(0.00752033825733247,0.0076633140655106,0.0414));
#4366=CARTESIAN_POINT('',(0.00737047741383001,0.00777335474202526,0.0414));
#4367=CARTESIAN_POINT('',(0.0079095482766003,0.00822464996788696,0.0414));
#4368=CARTESIAN_POINT('',(0.0079095482766003,0.00822464996788696,0.042));
#4369=CARTESIAN_POINT('',(0.00813705130949832,0.00805423678013273,0.0414));
#4370=CARTESIAN_POINT('',(0.00813705130949832,0.00805423678013273,0.042));
#4371=CARTESIAN_POINT('',(0.00827763505316491,0.00780746592449868,0.0414));
#4372=CARTESIAN_POINT('',(0.00827763505316491,0.00780746592449868,0.042));
#4373=CARTESIAN_POINT('',(0.00833129950760008,0.0074843374009848,0.0414));
#4374=CARTESIAN_POINT('',(0.00833129950760008,0.0074843374009848,0.042));
#4375=CARTESIAN_POINT('',(0.0079095482766003,0.00822464996788696,0.042));
#4376=CARTESIAN_POINT('',(0.0079095482766003,0.00822464996788696,0.0414));
#4377=CARTESIAN_POINT('',(0.0079095482766003,0.00822464996788696,0.0414));
#4378=CARTESIAN_POINT('',(0.00825080282594733,0.00796903018625562,0.0414));
#4379=CARTESIAN_POINT('',(0.00833129950760008,0.0074843374009848,0.0414));
#4380=CARTESIAN_POINT('',(0.00833129950760008,0.0074843374009848,0.0414));
#4381=CARTESIAN_POINT('',(0.00833129950760008,0.0074843374009848,0.042));
#4382=CARTESIAN_POINT('',(0.00700139156497538,0.0084802697495183,0.0414));
#4383=CARTESIAN_POINT('',(0.00700139156497538,0.0084802697495183,0.042));
#4384=CARTESIAN_POINT('',(0.0073793263398273,0.0084802697495183,0.0414));
#4385=CARTESIAN_POINT('',(0.0073793263398273,0.0084802697495183,0.042));
#4386=CARTESIAN_POINT('',(0.00768204524370227,0.00839506315564119,0.0414));
#4387=CARTESIAN_POINT('',(0.00768204524370227,0.00839506315564119,0.042));
#4388=CARTESIAN_POINT('',(0.0079095482766003,0.00822464996788696,0.0414));
#4389=CARTESIAN_POINT('',(0.0079095482766003,0.00822464996788696,0.042));
#4390=CARTESIAN_POINT('',(0.00700139156497538,0.0084802697495183,0.042));
#4391=CARTESIAN_POINT('',(0.00700139156497538,0.0084802697495183,0.0414));
#4392=CARTESIAN_POINT('',(0.00700139156497538,0.0084802697495183,0.0414));
#4393=CARTESIAN_POINT('',(0.00756829372725326,0.0084802697495183,0.0414));
#4394=CARTESIAN_POINT('',(0.0079095482766003,0.00822464996788696,0.0414));
#4395=CARTESIAN_POINT('',(0.00597805609077285,0.00812531363733676,0.0414));
#4396=CARTESIAN_POINT('',(0.00597805609077285,0.00812531363733676,0.042));
#4397=CARTESIAN_POINT('',(0.0062269678155998,0.00836195104545779,0.0414));
#4398=CARTESIAN_POINT('',(0.0062269678155998,0.00836195104545779,0.042));
#4399=CARTESIAN_POINT('',(0.00656807964033397,0.0084802697495183,0.0414));
#4400=CARTESIAN_POINT('',(0.00656807964033397,0.0084802697495183,0.042));
#4401=CARTESIAN_POINT('',(0.00700139156497538,0.0084802697495183,0.0414));
#4402=CARTESIAN_POINT('',(0.00700139156497538,0.0084802697495183,0.042));
#4403=CARTESIAN_POINT('',(0.00597805609077285,0.00812531363733676,0.042));
#4404=CARTESIAN_POINT('',(0.00597805609077285,0.00812531363733676,0.0414));
#4405=CARTESIAN_POINT('',(0.00597805609077285,0.00812531363733676,0.0414));
#4406=CARTESIAN_POINT('',(0.00635142367801327,0.0084802697495183,0.0414));
#4407=CARTESIAN_POINT('',(0.00700139156497538,0.0084802697495183,0.0414));
#4408=CARTESIAN_POINT('',(0.00560468850353243,0.00717091415114536,0.0414));
#4409=CARTESIAN_POINT('',(0.00560468850353243,0.00717091415114536,0.042));
#4410=CARTESIAN_POINT('',(0.00560468850353243,0.00757054306715193,0.0414));
#4411=CARTESIAN_POINT('',(0.00560468850353243,0.00757054306715193,0.042));
#4412=CARTESIAN_POINT('',(0.0057291443659459,0.00788867622921573,0.0414));
#4413=CARTESIAN_POINT('',(0.0057291443659459,0.00788867622921573,0.042));
#4414=CARTESIAN_POINT('',(0.00597805609077285,0.00812531363733676,0.0414));
#4415=CARTESIAN_POINT('',(0.00597805609077285,0.00812531363733676,0.042));
#4416=CARTESIAN_POINT('',(0.00560468850353243,0.00717091415114536,0.042));
#4417=CARTESIAN_POINT('',(0.00560468850353243,0.00717091415114536,0.0414));
#4418=CARTESIAN_POINT('',(0.00560468850353243,0.00717091415114536,0.0414));
#4419=CARTESIAN_POINT('',(0.00560468850353243,0.00777035752515521,0.0414));
#4420=CARTESIAN_POINT('',(0.00597805609077285,0.00812531363733676,0.0414));
#4421=CARTESIAN_POINT('',(0.00592710340398202,0.00626104474416613,0.0414));
#4422=CARTESIAN_POINT('',(0.00592710340398202,0.00626104474416613,0.042));
#4423=CARTESIAN_POINT('',(0.00571216013701563,0.00648398058945265,0.0414));
#4424=CARTESIAN_POINT('',(0.00571216013701563,0.00648398058945265,0.042));
#4425=CARTESIAN_POINT('',(0.00560468850353243,0.00678727039177906,0.0414));
#4426=CARTESIAN_POINT('',(0.00560468850353243,0.00678727039177906,0.042));
#4427=CARTESIAN_POINT('',(0.00560468850353243,0.00717091415114536,0.0414));
#4428=CARTESIAN_POINT('',(0.00560468850353243,0.00717091415114536,0.042));
#4429=CARTESIAN_POINT('',(0.00592710340398202,0.00626104474416613,0.042));
#4430=CARTESIAN_POINT('',(0.00592710340398202,0.00626104474416613,0.0414));
#4431=CARTESIAN_POINT('',(0.00592710340398202,0.00626104474416613,0.0414));
#4432=CARTESIAN_POINT('',(0.00560468850353243,0.00659544851209591,0.0414));
#4433=CARTESIAN_POINT('',(0.00560468850353243,0.00717091415114536,0.0414));
#4434=CARTESIAN_POINT('',(0.00678730464568615,0.00592664097623635,0.0414));
#4435=CARTESIAN_POINT('',(0.00678730464568615,0.00592664097623635,0.042));
#4436=CARTESIAN_POINT('',(0.00642878041818312,0.00592664097623635,0.0414));
#4437=CARTESIAN_POINT('',(0.00642878041818312,0.00592664097623635,0.042));
#4438=CARTESIAN_POINT('',(0.00614204667094841,0.00603810889887961,0.0414));
#4439=CARTESIAN_POINT('',(0.00614204667094841,0.00603810889887961,0.042));
#4440=CARTESIAN_POINT('',(0.00592710340398202,0.00626104474416613,0.0414));
#4441=CARTESIAN_POINT('',(0.00592710340398202,0.00626104474416613,0.042));
#4442=CARTESIAN_POINT('',(0.00678730464568615,0.00592664097623635,0.0414));
#4443=CARTESIAN_POINT('',(0.0062495183044316,0.00592664097623635,0.0414));
#4444=CARTESIAN_POINT('',(0.00592710340398202,0.00626104474416613,0.0414));
#4445=CARTESIAN_POINT('',(0.00743898522800257,0.0056911453650182,0.042));
#4446=CARTESIAN_POINT('',(0.00740815671162492,0.00521501605651895,0.042));
#4447=CARTESIAN_POINT('',(0.00740815671162492,0.00521501605651895,0.0414));
#4448=CARTESIAN_POINT('',(0.00743898522800257,0.0056911453650182,0.0414));
#4449=CARTESIAN_POINT('',(0.00661603511025476,0.00521501605651895,0.042));
#4450=CARTESIAN_POINT('',(0.00582391350888461,0.00521501605651895,0.042));
#4451=CARTESIAN_POINT('',(0.00582391350888461,0.00521501605651895,0.0414));
#4452=CARTESIAN_POINT('',(0.00686223506743738,0.00521501605651895,0.0414));
#4453=CARTESIAN_POINT('',(0.00582391350888461,0.00493541853992721,0.042));
#4454=CARTESIAN_POINT('',(0.00582391350888461,0.00465582102333547,0.042));
#4455=CARTESIAN_POINT('',(0.00582391350888461,0.00465582102333548,0.0414));
#4456=CARTESIAN_POINT('',(0.00582391350888461,0.0064802697495183,0.0414));
#4457=CARTESIAN_POINT('',(0.0069572896596018,0.00465582102333548,0.042));
#4458=CARTESIAN_POINT('',(0.00809066581031899,0.00465582102333548,0.042));
#4459=CARTESIAN_POINT('',(0.00809066581031899,0.00465582102333548,0.0414));
#4460=CARTESIAN_POINT('',(0.00686223506743738,0.00465582102333548,0.0414));
#4461=CARTESIAN_POINT('',(0.00815617640762149,0.00571683579533291,0.042));
#4462=CARTESIAN_POINT('',(0.008221687004924,0.00677785056733034,0.042));
#4463=CARTESIAN_POINT('',(0.008221687004924,0.00677785056733034,0.0414));
#4464=CARTESIAN_POINT('',(0.00815617640762149,0.00571683579533291,0.0414));
#4465=CARTESIAN_POINT('',(0.00785517019910083,0.00677785056733034,0.042));
#4466=CARTESIAN_POINT('',(0.00686223506743738,0.00677785056733034,0.0414));
#4467=CARTESIAN_POINT('',(0.00795536287732819,0.00745350888460715,0.042));
#4468=CARTESIAN_POINT('',(0.00795536287732819,0.00745350888460715,0.0414));
#4469=CARTESIAN_POINT('',(0.00686223506743738,0.0064802697495183,0.0414));
#4470=CARTESIAN_POINT('',(-0.0060803896381931,0.00480268464996789,0.0414));
#4471=CARTESIAN_POINT('',(-0.0060803896381931,0.00480268464996789,0.042));
#4472=CARTESIAN_POINT('',(-0.00626964247484478,0.00466709626775138,0.0414));
#4473=CARTESIAN_POINT('',(-0.00626964247484478,0.00466709626775138,0.042));
#4474=CARTESIAN_POINT('',(-0.00651955327196174,0.00459930207664312,0.0414));
#4475=CARTESIAN_POINT('',(-0.00651955327196174,0.00459930207664312,0.042));
#4476=CARTESIAN_POINT('',(-0.00683012202954399,0.00459930207664312,0.0414));
#4477=CARTESIAN_POINT('',(-0.00683012202954399,0.00459930207664312,0.042));
#4478=CARTESIAN_POINT('',(-0.0060803896381931,0.00480268464996789,0.042));
#4479=CARTESIAN_POINT('',(-0.0060803896381931,0.00480268464996789,0.0414));
#4480=CARTESIAN_POINT('',(-0.0060803896381931,0.00480268464996789,0.0414));
#4481=CARTESIAN_POINT('',(-0.00636426889317062,0.00459930207664312,0.0414));
#4482=CARTESIAN_POINT('',(-0.00683012202954399,0.00459930207664312,0.0414));
#4483=CARTESIAN_POINT('',(-0.00683012202954399,0.00459930207664312,0.0414));
#4484=CARTESIAN_POINT('',(-0.00683012202954399,0.00459930207664312,0.042));
#4485=CARTESIAN_POINT('',(-0.00565478484264611,0.00543424106187112,0.0414));
#4486=CARTESIAN_POINT('',(-0.00565478484264611,0.00543424106187112,0.042));
#4487=CARTESIAN_POINT('',(-0.00574926853635909,0.00514879183615215,0.0414));
#4488=CARTESIAN_POINT('',(-0.00574926853635909,0.00514879183615215,0.042));
#4489=CARTESIAN_POINT('',(-0.00589113680154142,0.0049382730321844,0.0414));
#4490=CARTESIAN_POINT('',(-0.00589113680154142,0.0049382730321844,0.042));
#4491=CARTESIAN_POINT('',(-0.0060803896381931,0.00480268464996789,0.0414));
#4492=CARTESIAN_POINT('',(-0.0060803896381931,0.00480268464996789,0.042));
#4493=CARTESIAN_POINT('',(-0.00565478484264611,0.00543424106187112,0.042));
#4494=CARTESIAN_POINT('',(-0.00565478484264611,0.00543424106187112,0.0414));
#4495=CARTESIAN_POINT('',(-0.00565478484264611,0.00543424106187112,0.0414));
#4496=CARTESIAN_POINT('',(-0.00579651038321558,0.00500606722329266,0.0414));
#4497=CARTESIAN_POINT('',(-0.0060803896381931,0.00480268464996789,0.0414));
#4498=CARTESIAN_POINT('',(-0.00551305930207664,0.00653978591308071,0.0414));
#4499=CARTESIAN_POINT('',(-0.00551305930207664,0.00653978591308071,0.042));
#4500=CARTESIAN_POINT('',(-0.00551305930207664,0.00608820523799329,0.0414));
#4501=CARTESIAN_POINT('',(-0.00551305930207664,0.00608820523799329,0.042));
#4502=CARTESIAN_POINT('',(-0.00556030114893313,0.00571969028759009,0.0414));
#4503=CARTESIAN_POINT('',(-0.00556030114893313,0.00571969028759009,0.042));
#4504=CARTESIAN_POINT('',(-0.00565478484264611,0.00543424106187112,0.0414));
#4505=CARTESIAN_POINT('',(-0.00565478484264611,0.00543424106187112,0.042));
#4506=CARTESIAN_POINT('',(-0.00551305930207664,0.00653978591308071,0.042));
#4507=CARTESIAN_POINT('',(-0.00551305930207664,0.00653978591308071,0.0414));
#4508=CARTESIAN_POINT('',(-0.00551305930207664,0.00653978591308071,0.0414));
#4509=CARTESIAN_POINT('',(-0.00551305930207664,0.00586241490044958,0.0414));
#4510=CARTESIAN_POINT('',(-0.00565478484264611,0.00543424106187112,0.0414));
#4511=CARTESIAN_POINT('',(-0.00680871333761507,0.0084802697495183,0.0414));
#4512=CARTESIAN_POINT('',(-0.00680871333761507,0.0084802697495183,0.042));
#4513=CARTESIAN_POINT('',(-0.00594494398058945,0.0084802697495183,0.0414));
#4514=CARTESIAN_POINT('',(-0.00594494398058945,0.0084802697495183,0.042));
#4515=CARTESIAN_POINT('',(-0.00551305930207664,0.0078334418040391,0.0414));
#4516=CARTESIAN_POINT('',(-0.00551305930207664,0.0078334418040391,0.042));
#4517=CARTESIAN_POINT('',(-0.00551305930207664,0.00653978591308071,0.0414));
#4518=CARTESIAN_POINT('',(-0.00551305930207664,0.00653978591308071,0.042));
#4519=CARTESIAN_POINT('',(-0.00680871333761507,0.0084802697495183,0.042));
#4520=CARTESIAN_POINT('',(-0.00680871333761507,0.0084802697495183,0.0414));
#4521=CARTESIAN_POINT('',(-0.00680871333761507,0.0084802697495183,0.0414));
#4522=CARTESIAN_POINT('',(-0.00551305930207664,0.0084802697495183,0.0414));
#4523=CARTESIAN_POINT('',(-0.00551305930207664,0.00653978591308071,0.0414));
#4524=CARTESIAN_POINT('',(-0.00779180047099122,0.00798744166131449,0.0414));
#4525=CARTESIAN_POINT('',(-0.00779180047099122,0.00798744166131449,0.042));
#4526=CARTESIAN_POINT('',(-0.00757314636409049,0.00831599372011703,0.0414));
#4527=CARTESIAN_POINT('',(-0.00757314636409049,0.00831599372011703,0.042));
#4528=CARTESIAN_POINT('',(-0.0072454506529651,0.0084802697495183,0.0414));
#4529=CARTESIAN_POINT('',(-0.0072454506529651,0.0084802697495183,0.042));
#4530=CARTESIAN_POINT('',(-0.00680871333761507,0.0084802697495183,0.0414));
#4531=CARTESIAN_POINT('',(-0.00680871333761507,0.0084802697495183,0.042));
#4532=CARTESIAN_POINT('',(-0.00779180047099122,0.00798744166131449,0.042));
#4533=CARTESIAN_POINT('',(-0.00779180047099122,0.00798744166131449,0.0414));
#4534=CARTESIAN_POINT('',(-0.00779180047099122,0.00798744166131449,0.0414));
#4535=CARTESIAN_POINT('',(-0.00746381931064012,0.0084802697495183,0.0414));
#4536=CARTESIAN_POINT('',(-0.00680871333761507,0.0084802697495183,0.0414));
#4537=CARTESIAN_POINT('',(-0.00811978163134232,0.00653978591308071,0.0414));
#4538=CARTESIAN_POINT('',(-0.00811978163134232,0.00653978591308071,0.042));
#4539=CARTESIAN_POINT('',(-0.00811978163134232,0.00717633768643402,0.0414));
#4540=CARTESIAN_POINT('',(-0.00811978163134232,0.00717633768643402,0.042));
#4541=CARTESIAN_POINT('',(-0.00801045457789195,0.00765888960251195,0.0414));
#4542=CARTESIAN_POINT('',(-0.00801045457789195,0.00765888960251195,0.042));
#4543=CARTESIAN_POINT('',(-0.00779180047099122,0.00798744166131449,0.0414));
#4544=CARTESIAN_POINT('',(-0.00779180047099122,0.00798744166131449,0.042));
#4545=CARTESIAN_POINT('',(-0.00811978163134232,0.00653978591308071,0.042));
#4546=CARTESIAN_POINT('',(-0.00811978163134232,0.00653978591308071,0.0414));
#4547=CARTESIAN_POINT('',(-0.00811978163134232,0.00653978591308071,0.0414));
#4548=CARTESIAN_POINT('',(-0.00811978163134232,0.00749461357311068,0.0414));
#4549=CARTESIAN_POINT('',(-0.00779180047099122,0.00798744166131449,0.0414));
#4550=CARTESIAN_POINT('',(-0.00780935559837294,0.00508356668807536,0.0414));
#4551=CARTESIAN_POINT('',(-0.00780935559837294,0.00508356668807536,0.042));
#4552=CARTESIAN_POINT('',(-0.00801630628701919,0.00540640976236352,0.0414));
#4553=CARTESIAN_POINT('',(-0.00801630628701919,0.00540640976236352,0.042));
#4554=CARTESIAN_POINT('',(-0.00811978163134232,0.00589181617069864,0.0414));
#4555=CARTESIAN_POINT('',(-0.00811978163134232,0.00589181617069864,0.042));
#4556=CARTESIAN_POINT('',(-0.00811978163134232,0.00653978591308071,0.0414));
#4557=CARTESIAN_POINT('',(-0.00811978163134232,0.00653978591308071,0.042));
#4558=CARTESIAN_POINT('',(-0.00780935559837294,0.00508356668807536,0.042));
#4559=CARTESIAN_POINT('',(-0.00780935559837294,0.00508356668807536,0.0414));
#4560=CARTESIAN_POINT('',(-0.00780935559837294,0.00508356668807536,0.0414));
#4561=CARTESIAN_POINT('',(-0.00811978163134232,0.0055678312995076,0.0414));
#4562=CARTESIAN_POINT('',(-0.00811978163134232,0.00653978591308071,0.0414));
#4563=CARTESIAN_POINT('',(-0.00681385142367801,0.00788853350460287,0.0414));
#4564=CARTESIAN_POINT('',(-0.00681385142367801,0.00788853350460287,0.042));
#4565=CARTESIAN_POINT('',(-0.0069565760365375,0.00788853350460287,0.0414));
#4566=CARTESIAN_POINT('',(-0.0069565760365375,0.00788853350460287,0.042));
#4567=CARTESIAN_POINT('',(-0.00706675943766502,0.00784428887461643,0.0414));
#4568=CARTESIAN_POINT('',(-0.00706675943766502,0.00784428887461643,0.042));
#4569=CARTESIAN_POINT('',(-0.00714440162706058,0.00775579961464355,0.0414));
#4570=CARTESIAN_POINT('',(-0.00714440162706058,0.00775579961464355,0.042));
#4571=CARTESIAN_POINT('',(-0.00681385142367801,0.00788853350460287,0.042));
#4572=CARTESIAN_POINT('',(-0.00681385142367801,0.00788853350460287,0.0414));
#4573=CARTESIAN_POINT('',(-0.00681385142367801,0.00788853350460287,0.042));
#4574=CARTESIAN_POINT('',(-0.00681385142367801,0.00788853350460287,0.0414));
#4575=CARTESIAN_POINT('',(-0.00702793834296724,0.00788853350460287,0.0414));
#4576=CARTESIAN_POINT('',(-0.00714440162706058,0.00775579961464355,0.0414));
#4577=CARTESIAN_POINT('',(-0.00714440162706058,0.00775579961464354,0.0414));
#4578=CARTESIAN_POINT('',(-0.00714440162706058,0.00775579961464355,0.042));
#4579=CARTESIAN_POINT('',(-0.00714440162706058,0.00775579961464355,0.042));
#4580=CARTESIAN_POINT('',(-0.00681385142367801,0.00788853350460287,0.042));
#4581=CARTESIAN_POINT('',(-0.00702793834296724,0.00788853350460287,0.042));
#4582=CARTESIAN_POINT('',(-0.00714440162706058,0.00775579961464355,0.042));
#4583=CARTESIAN_POINT('',(-0.00648330122029544,0.0077626503960608,0.0414));
#4584=CARTESIAN_POINT('',(-0.00648330122029544,0.0077626503960608,0.042));
#4585=CARTESIAN_POINT('',(-0.00655923071433669,0.00784657246842218,0.0414));
#4586=CARTESIAN_POINT('',(-0.00655923071433669,0.00784657246842218,0.042));
#4587=CARTESIAN_POINT('',(-0.00666941411546421,0.00788853350460287,0.0414));
#4588=CARTESIAN_POINT('',(-0.00666941411546421,0.00788853350460287,0.042));
#4589=CARTESIAN_POINT('',(-0.00681385142367801,0.00788853350460287,0.0414));
#4590=CARTESIAN_POINT('',(-0.00681385142367801,0.00788853350460287,0.042));
#4591=CARTESIAN_POINT('',(-0.00648330122029544,0.0077626503960608,0.042));
#4592=CARTESIAN_POINT('',(-0.00648330122029544,0.0077626503960608,0.0414));
#4593=CARTESIAN_POINT('',(-0.00648330122029544,0.0077626503960608,0.042));
#4594=CARTESIAN_POINT('',(-0.00648330122029544,0.0077626503960608,0.0414));
#4595=CARTESIAN_POINT('',(-0.00659719546135731,0.00788853350460287,0.0414));
#4596=CARTESIAN_POINT('',(-0.00681385142367801,0.00788853350460287,0.0414));
#4597=CARTESIAN_POINT('',(-0.00648330122029544,0.0077626503960608,0.042));
#4598=CARTESIAN_POINT('',(-0.00659719546135731,0.00788853350460287,0.042));
#4599=CARTESIAN_POINT('',(-0.00681385142367801,0.00788853350460287,0.042));
#4600=CARTESIAN_POINT('',(-0.00631716977092699,0.00734646542496254,0.0414));
#4601=CARTESIAN_POINT('',(-0.00631716977092699,0.00734646542496254,0.042));
#4602=CARTESIAN_POINT('',(-0.00635199457646471,0.00754,0.0414));
#4603=CARTESIAN_POINT('',(-0.00635199457646471,0.00754,0.042));
#4604=CARTESIAN_POINT('',(-0.00640737172625419,0.00767872832369942,0.0414));
#4605=CARTESIAN_POINT('',(-0.00640737172625419,0.00767872832369942,0.042));
#4606=CARTESIAN_POINT('',(-0.00648330122029544,0.0077626503960608,0.0414));
#4607=CARTESIAN_POINT('',(-0.00648330122029544,0.0077626503960608,0.042));
#4608=CARTESIAN_POINT('',(-0.00631716977092699,0.00734646542496254,0.042));
#4609=CARTESIAN_POINT('',(-0.00631716977092699,0.00734646542496253,0.0414));
#4610=CARTESIAN_POINT('',(-0.00631716977092699,0.00734646542496254,0.042));
#4611=CARTESIAN_POINT('',(-0.00631716977092699,0.00734646542496254,0.0414));
#4612=CARTESIAN_POINT('',(-0.00636940697923357,0.00763676728751873,0.0414));
#4613=CARTESIAN_POINT('',(-0.00648330122029544,0.0077626503960608,0.0414));
#4614=CARTESIAN_POINT('',(-0.00631716977092699,0.00734646542496254,0.042));
#4615=CARTESIAN_POINT('',(-0.00636940697923357,0.00763676728751873,0.042));
#4616=CARTESIAN_POINT('',(-0.00648330122029544,0.0077626503960608,0.042));
#4617=CARTESIAN_POINT('',(-0.00626493256262042,0.00653978591308071,0.0414));
#4618=CARTESIAN_POINT('',(-0.00626493256262042,0.00653978591308071,0.042));
#4619=CARTESIAN_POINT('',(-0.00626493256262042,0.0068840376792978,0.0414));
#4620=CARTESIAN_POINT('',(-0.00626493256262042,0.0068840376792978,0.042));
#4621=CARTESIAN_POINT('',(-0.00628234496538928,0.00715293084992507,0.0414));
#4622=CARTESIAN_POINT('',(-0.00628234496538928,0.00715293084992507,0.042));
#4623=CARTESIAN_POINT('',(-0.00631716977092699,0.00734646542496254,0.0414));
#4624=CARTESIAN_POINT('',(-0.00631716977092699,0.00734646542496254,0.042));
#4625=CARTESIAN_POINT('',(-0.00626493256262042,0.00653978591308071,0.042));
#4626=CARTESIAN_POINT('',(-0.00626493256262042,0.00653978591308071,0.0414));
#4627=CARTESIAN_POINT('',(-0.00626493256262042,0.00653978591308071,0.042));
#4628=CARTESIAN_POINT('',(-0.00626493256262042,0.00653978591308071,0.0414));
#4629=CARTESIAN_POINT('',(-0.00626493256262042,0.00705616356240634,0.0414));
#4630=CARTESIAN_POINT('',(-0.00631716977092699,0.00734646542496254,0.0414));
#4631=CARTESIAN_POINT('',(-0.00626493256262042,0.00653978591308071,0.042));
#4632=CARTESIAN_POINT('',(-0.00626493256262042,0.00705616356240634,0.042));
#4633=CARTESIAN_POINT('',(-0.00631716977092699,0.00734646542496254,0.042));
#4634=CARTESIAN_POINT('',(-0.00631460072789552,0.00573010918432884,0.0414));
#4635=CARTESIAN_POINT('',(-0.00631460072789552,0.00573010918432884,0.042));
#4636=CARTESIAN_POINT('',(-0.00628148861771212,0.00592164561478627,0.0414));
#4637=CARTESIAN_POINT('',(-0.00628148861771212,0.00592164561478627,0.042));
#4638=CARTESIAN_POINT('',(-0.00626493256262042,0.00619153785770356,0.0414));
#4639=CARTESIAN_POINT('',(-0.00626493256262042,0.00619153785770356,0.042));
#4640=CARTESIAN_POINT('',(-0.00626493256262042,0.00653978591308071,0.0414));
#4641=CARTESIAN_POINT('',(-0.00626493256262042,0.00653978591308071,0.042));
#4642=CARTESIAN_POINT('',(-0.00631460072789552,0.00573010918432884,0.042));
#4643=CARTESIAN_POINT('',(-0.00631460072789552,0.00573010918432884,0.0414));
#4644=CARTESIAN_POINT('',(-0.00631460072789552,0.00573010918432884,0.042));
#4645=CARTESIAN_POINT('',(-0.00631460072789552,0.00573010918432884,0.0414));
#4646=CARTESIAN_POINT('',(-0.00626493256262042,0.00601741383001499,0.0414));
#4647=CARTESIAN_POINT('',(-0.00626493256262042,0.00653978591308071,0.0414));
#4648=CARTESIAN_POINT('',(-0.00631460072789552,0.00573010918432884,0.042));
#4649=CARTESIAN_POINT('',(-0.00626493256262042,0.00601741383001499,0.042));
#4650=CARTESIAN_POINT('',(-0.00626493256262042,0.00653978591308071,0.042));
#4651=CARTESIAN_POINT('',(-0.00648073217726397,0.00531563690858489,0.0414));
#4652=CARTESIAN_POINT('',(-0.00648073217726397,0.00531563690858489,0.042));
#4653=CARTESIAN_POINT('',(-0.0064030899878684,0.00540041532862342,0.0414));
#4654=CARTESIAN_POINT('',(-0.0064030899878684,0.00540041532862342,0.042));
#4655=CARTESIAN_POINT('',(-0.00634771283807892,0.00553857275387141,0.0414));
#4656=CARTESIAN_POINT('',(-0.00634771283807892,0.00553857275387141,0.042));
#4657=CARTESIAN_POINT('',(-0.00631460072789552,0.00573010918432884,0.0414));
#4658=CARTESIAN_POINT('',(-0.00631460072789552,0.00573010918432884,0.042));
#4659=CARTESIAN_POINT('',(-0.00648073217726397,0.00531563690858489,0.042));
#4660=CARTESIAN_POINT('',(-0.00648073217726397,0.00531563690858489,0.0414));
#4661=CARTESIAN_POINT('',(-0.00648073217726397,0.00531563690858489,0.042));
#4662=CARTESIAN_POINT('',(-0.00648073217726397,0.00531563690858489,0.0414));
#4663=CARTESIAN_POINT('',(-0.00636426889317062,0.00544280453864269,0.0414));
#4664=CARTESIAN_POINT('',(-0.00631460072789552,0.00573010918432884,0.0414));
#4665=CARTESIAN_POINT('',(-0.00648073217726397,0.00531563690858489,0.042));
#4666=CARTESIAN_POINT('',(-0.00636426889317062,0.00544280453864269,0.042));
#4667=CARTESIAN_POINT('',(-0.00631460072789552,0.00573010918432884,0.042));
#4668=CARTESIAN_POINT('',(-0.00682412759580389,0.00518846927852708,0.0414));
#4669=CARTESIAN_POINT('',(-0.00682412759580389,0.00518846927852708,0.042));
#4670=CARTESIAN_POINT('',(-0.00667283950617284,0.00518846927852708,0.0414));
#4671=CARTESIAN_POINT('',(-0.00667283950617284,0.00518846927852708,0.042));
#4672=CARTESIAN_POINT('',(-0.00655837436665953,0.00523085848854635,0.0414));
#4673=CARTESIAN_POINT('',(-0.00655837436665953,0.00523085848854635,0.042));
#4674=CARTESIAN_POINT('',(-0.00648073217726397,0.00531563690858489,0.0414));
#4675=CARTESIAN_POINT('',(-0.00648073217726397,0.00531563690858489,0.042));
#4676=CARTESIAN_POINT('',(-0.00682412759580389,0.00518846927852708,0.042));
#4677=CARTESIAN_POINT('',(-0.00682412759580389,0.00518846927852708,0.0414));
#4678=CARTESIAN_POINT('',(-0.00682412759580389,0.00518846927852708,0.042));
#4679=CARTESIAN_POINT('',(-0.00682412759580389,0.00518846927852708,0.0414));
#4680=CARTESIAN_POINT('',(-0.00659719546135731,0.00518846927852708,0.0414));
#4681=CARTESIAN_POINT('',(-0.00648073217726397,0.00531563690858489,0.0414));
#4682=CARTESIAN_POINT('',(-0.00682412759580389,0.00518846927852708,0.042));
#4683=CARTESIAN_POINT('',(-0.00659719546135731,0.00518846927852708,0.042));
#4684=CARTESIAN_POINT('',(-0.00648073217726397,0.00531563690858489,0.042));
#4685=CARTESIAN_POINT('',(-0.00715082423463926,0.00531392421323057,0.0414));
#4686=CARTESIAN_POINT('',(-0.00715082423463926,0.00531392421323057,0.042));
#4687=CARTESIAN_POINT('',(-0.00707575108827517,0.00523028759009491,0.0414));
#4688=CARTESIAN_POINT('',(-0.00707575108827517,0.00523028759009491,0.042));
#4689=CARTESIAN_POINT('',(-0.00696685220866338,0.00518846927852708,0.0414));
#4690=CARTESIAN_POINT('',(-0.00696685220866338,0.00518846927852708,0.042));
#4691=CARTESIAN_POINT('',(-0.00682412759580389,0.00518846927852708,0.0414));
#4692=CARTESIAN_POINT('',(-0.00682412759580389,0.00518846927852708,0.042));
#4693=CARTESIAN_POINT('',(-0.00715082423463926,0.00531392421323057,0.042));
#4694=CARTESIAN_POINT('',(-0.00715082423463926,0.00531392421323057,0.0414));
#4695=CARTESIAN_POINT('',(-0.00715082423463926,0.00531392421323057,0.042));
#4696=CARTESIAN_POINT('',(-0.00715082423463926,0.00531392421323057,0.0414));
#4697=CARTESIAN_POINT('',(-0.00703821451509312,0.00518846927852708,0.0414));
#4698=CARTESIAN_POINT('',(-0.00682412759580389,0.00518846927852708,0.0414));
#4699=CARTESIAN_POINT('',(-0.00715082423463926,0.00531392421323057,0.042));
#4700=CARTESIAN_POINT('',(-0.00703821451509312,0.00518846927852708,0.042));
#4701=CARTESIAN_POINT('',(-0.00682412759580389,0.00518846927852708,0.042));
#4702=CARTESIAN_POINT('',(-0.00731438664097623,0.00572839648897452,0.0414));
#4703=CARTESIAN_POINT('',(-0.00731438664097623,0.00572839648897452,0.042));
#4704=CARTESIAN_POINT('',(-0.00728041818311568,0.00553571826161421,0.0414));
#4705=CARTESIAN_POINT('',(-0.00728041818311568,0.00553571826161421,0.042));
#4706=CARTESIAN_POINT('',(-0.00722589738100335,0.00539756083636623,0.0414));
#4707=CARTESIAN_POINT('',(-0.00722589738100335,0.00539756083636623,0.042));
#4708=CARTESIAN_POINT('',(-0.00715082423463926,0.00531392421323057,0.0414));
#4709=CARTESIAN_POINT('',(-0.00715082423463926,0.00531392421323057,0.042));
#4710=CARTESIAN_POINT('',(-0.00731438664097623,0.00572839648897452,0.042));
#4711=CARTESIAN_POINT('',(-0.00731438664097623,0.00572839648897453,0.0414));
#4712=CARTESIAN_POINT('',(-0.00731438664097623,0.00572839648897452,0.042));
#4713=CARTESIAN_POINT('',(-0.00731438664097623,0.00572839648897452,0.0414));
#4714=CARTESIAN_POINT('',(-0.0072634339541854,0.00543937914793406,0.0414));
#4715=CARTESIAN_POINT('',(-0.00715082423463926,0.00531392421323057,0.0414));
#4716=CARTESIAN_POINT('',(-0.00731438664097623,0.00572839648897452,0.042));
#4717=CARTESIAN_POINT('',(-0.0072634339541854,0.00543937914793406,0.042));
#4718=CARTESIAN_POINT('',(-0.00715082423463926,0.00531392421323057,0.042));
#4719=CARTESIAN_POINT('',(-0.00736533932776707,0.00653978591308071,0.0414));
#4720=CARTESIAN_POINT('',(-0.00736533932776707,0.00653978591308071,0.042));
#4721=CARTESIAN_POINT('',(-0.00736533932776707,0.00619153785770356,0.0414));
#4722=CARTESIAN_POINT('',(-0.00736533932776707,0.00619153785770356,0.042));
#4723=CARTESIAN_POINT('',(-0.00734835509883679,0.00592107471633483,0.0414));
#4724=CARTESIAN_POINT('',(-0.00734835509883679,0.00592107471633483,0.042));
#4725=CARTESIAN_POINT('',(-0.00731438664097623,0.00572839648897452,0.0414));
#4726=CARTESIAN_POINT('',(-0.00731438664097623,0.00572839648897452,0.042));
#4727=CARTESIAN_POINT('',(-0.00736533932776707,0.00653978591308071,0.042));
#4728=CARTESIAN_POINT('',(-0.00736533932776707,0.00653978591308071,0.0414));
#4729=CARTESIAN_POINT('',(-0.00736533932776707,0.00653978591308071,0.042));
#4730=CARTESIAN_POINT('',(-0.00736533932776707,0.00653978591308071,0.0414));
#4731=CARTESIAN_POINT('',(-0.00736533932776707,0.00601741383001499,0.0414));
#4732=CARTESIAN_POINT('',(-0.00731438664097623,0.00572839648897452,0.0414));
#4733=CARTESIAN_POINT('',(-0.00736533932776707,0.00653978591308071,0.042));
#4734=CARTESIAN_POINT('',(-0.00736533932776707,0.00601741383001499,0.042));
#4735=CARTESIAN_POINT('',(-0.00731438664097623,0.00572839648897452,0.042));
#4736=CARTESIAN_POINT('',(-0.0073131021194605,0.00733147934061229,0.0414));
#4737=CARTESIAN_POINT('',(-0.0073131021194605,0.00733147934061229,0.042));
#4738=CARTESIAN_POINT('',(-0.00734792692499821,0.00713708841789767,0.0414));
#4739=CARTESIAN_POINT('',(-0.00734792692499821,0.00713708841789767,0.042));
#4740=CARTESIAN_POINT('',(-0.00736533932776707,0.00687319060872048,0.0414));
#4741=CARTESIAN_POINT('',(-0.00736533932776707,0.00687319060872048,0.042));
#4742=CARTESIAN_POINT('',(-0.00736533932776707,0.00653978591308071,0.0414));
#4743=CARTESIAN_POINT('',(-0.00736533932776707,0.00653978591308071,0.042));
#4744=CARTESIAN_POINT('',(-0.0073131021194605,0.00733147934061229,0.042));
#4745=CARTESIAN_POINT('',(-0.0073131021194605,0.00733147934061229,0.0414));
#4746=CARTESIAN_POINT('',(-0.0073131021194605,0.00733147934061229,0.042));
#4747=CARTESIAN_POINT('',(-0.0073131021194605,0.00733147934061229,0.0414));
#4748=CARTESIAN_POINT('',(-0.00736533932776707,0.00703989295654036,0.0414));
#4749=CARTESIAN_POINT('',(-0.00736533932776707,0.00653978591308071,0.0414));
#4750=CARTESIAN_POINT('',(-0.0073131021194605,0.00733147934061229,0.042));
#4751=CARTESIAN_POINT('',(-0.00736533932776707,0.00703989295654036,0.042));
#4752=CARTESIAN_POINT('',(-0.00736533932776707,0.00653978591308071,0.042));
#4753=CARTESIAN_POINT('',(-0.00714440162706058,0.00775579961464355,0.0414));
#4754=CARTESIAN_POINT('',(-0.00714440162706058,0.00775579961464355,0.042));
#4755=CARTESIAN_POINT('',(-0.00722204381645615,0.00766731035467066,0.0414));
#4756=CARTESIAN_POINT('',(-0.00722204381645615,0.00766731035467066,0.042));
#4757=CARTESIAN_POINT('',(-0.00727827731392279,0.00752587026332691,0.0414));
#4758=CARTESIAN_POINT('',(-0.00727827731392279,0.00752587026332691,0.042));
#4759=CARTESIAN_POINT('',(-0.0073131021194605,0.00733147934061229,0.0414));
#4760=CARTESIAN_POINT('',(-0.0073131021194605,0.00733147934061229,0.042));
#4761=CARTESIAN_POINT('',(-0.00714440162706058,0.00775579961464355,0.0414));
#4762=CARTESIAN_POINT('',(-0.00726086491115393,0.00762306572468422,0.0414));
#4763=CARTESIAN_POINT('',(-0.0073131021194605,0.00733147934061229,0.0414));
#4764=CARTESIAN_POINT('',(-0.00714440162706058,0.00775579961464355,0.042));
#4765=CARTESIAN_POINT('',(-0.00726086491115393,0.00762306572468422,0.042));
#4766=CARTESIAN_POINT('',(-0.0073131021194605,0.00733147934061229,0.042));
#4767=CARTESIAN_POINT('',(-0.00683012202954399,0.00459930207664312,0.0414));
#4768=CARTESIAN_POINT('',(-0.00683012202954399,0.00459930207664312,0.042));
#4769=CARTESIAN_POINT('',(-0.00727599372011703,0.00459930207664312,0.0414));
#4770=CARTESIAN_POINT('',(-0.00727599372011703,0.00459930207664312,0.042));
#4771=CARTESIAN_POINT('',(-0.00760240490972668,0.0047607236137872,0.0414));
#4772=CARTESIAN_POINT('',(-0.00760240490972668,0.0047607236137872,0.042));
#4773=CARTESIAN_POINT('',(-0.00780935559837294,0.00508356668807536,0.0414));
#4774=CARTESIAN_POINT('',(-0.00780935559837294,0.00508356668807536,0.042));
#4775=CARTESIAN_POINT('',(-0.00683012202954399,0.00459930207664312,0.0414));
#4776=CARTESIAN_POINT('',(-0.00749892956540355,0.00459930207664312,0.0414));
#4777=CARTESIAN_POINT('',(-0.00780935559837294,0.00508356668807536,0.0414));
#4778=CARTESIAN_POINT('',(-0.00689820166987797,0.0064802697495183,0.0414));
#4779=CARTESIAN_POINT('',(0.,0.,0.042));
#4780=CARTESIAN_POINT('',(-0.0044841575679726,0.00786712481267395,0.042));
#4781=CARTESIAN_POINT('',(-0.00405213016484693,0.00786712481267395,0.042));
#4782=CARTESIAN_POINT('',(-0.00405213016484693,0.00786712481267394,0.0414));
#4783=CARTESIAN_POINT('',(-0.00365863840719332,0.00786712481267394,0.0414));
#4784=CARTESIAN_POINT('',(-0.00491618497109826,0.00786712481267394,0.0414));
#4785=CARTESIAN_POINT('',(-0.00491618497109826,0.00786712481267395,0.042));
#4786=CARTESIAN_POINT('',(-0.00405213016484693,0.00626147291800471,0.042));
#4787=CARTESIAN_POINT('',(-0.00405213016484693,0.00465582102333548,0.042));
#4788=CARTESIAN_POINT('',(-0.00405213016484693,0.00465582102333548,0.0414));
#4789=CARTESIAN_POINT('',(-0.00405213016484693,0.00645329479768786,0.0414));
#4790=CARTESIAN_POINT('',(-0.00369631770498822,0.00465582102333548,0.042));
#4791=CARTESIAN_POINT('',(-0.00334050524512952,0.00465582102333548,0.042));
#4792=CARTESIAN_POINT('',(-0.00334050524512952,0.00465582102333548,0.0414));
#4793=CARTESIAN_POINT('',(-0.00365863840719332,0.00465582102333548,0.0414));
#4794=CARTESIAN_POINT('',(-0.00286822950117747,0.00496196531791908,0.042));
#4795=CARTESIAN_POINT('',(-0.00239595375722543,0.00526810961250268,0.042));
#4796=CARTESIAN_POINT('',(-0.00239595375722543,0.00526810961250268,0.0414));
#4797=CARTESIAN_POINT('',(-0.00286822950117747,0.00496196531791908,0.0414));
#4798=CARTESIAN_POINT('',(-0.00239595375722543,0.00556397773496039,0.042));
#4799=CARTESIAN_POINT('',(-0.00239595375722543,0.00585984585741811,0.042));
#4800=CARTESIAN_POINT('',(-0.00239595375722543,0.00585984585741811,0.0414));
#4801=CARTESIAN_POINT('',(-0.00239595375722543,0.00645329479768786,0.0414));
#4802=CARTESIAN_POINT('',(-0.00284810533076429,0.00557767929779491,0.042));
#4803=CARTESIAN_POINT('',(-0.00330025690430315,0.0052955127381717,0.042));
#4804=CARTESIAN_POINT('',(-0.00330025690430315,0.0052955127381717,0.0414));
#4805=CARTESIAN_POINT('',(-0.00284810533076429,0.00557767929779491,0.0414));
#4806=CARTESIAN_POINT('',(-0.00330025690430315,0.00658131877542282,0.042));
#4807=CARTESIAN_POINT('',(-0.00330025690430315,0.00786712481267395,0.042));
#4808=CARTESIAN_POINT('',(-0.00330025690430315,0.00786712481267394,0.0414));
#4809=CARTESIAN_POINT('',(-0.00330025690430315,0.00645329479768786,0.0414));
#4810=CARTESIAN_POINT('',(-0.00283311924641404,0.00786712481267395,0.042));
#4811=CARTESIAN_POINT('',(-0.00236598158852494,0.00786712481267395,0.042));
#4812=CARTESIAN_POINT('',(-0.00236598158852494,0.00786712481267394,0.0414));
#4813=CARTESIAN_POINT('',(-0.00365863840719332,0.00786712481267394,0.0414));
#4814=CARTESIAN_POINT('',(-0.00236598158852494,0.00814672232926568,0.042));
#4815=CARTESIAN_POINT('',(-0.00236598158852494,0.00842631984585742,0.042));
#4816=CARTESIAN_POINT('',(-0.00236598158852494,0.00842631984585742,0.0414));
#4817=CARTESIAN_POINT('',(-0.00236598158852494,0.00645329479768786,0.0414));
#4818=CARTESIAN_POINT('',(-0.0036410832798116,0.00842631984585742,0.042));
#4819=CARTESIAN_POINT('',(-0.00491618497109826,0.00842631984585742,0.042));
#4820=CARTESIAN_POINT('',(-0.00491618497109826,0.00842631984585742,0.0414));
#4821=CARTESIAN_POINT('',(-0.00365863840719332,0.00842631984585742,0.0414));
#4822=CARTESIAN_POINT('',(-0.00491618497109826,0.00814672232926568,0.042));
#4823=CARTESIAN_POINT('',(-0.00491618497109826,0.00645329479768786,0.0414));
#4824=CARTESIAN_POINT('',(-0.00365863840719332,0.00645329479768786,0.0414));
#4825=CARTESIAN_POINT('',(0.,1.53080849893419E-19,0.));
#4826=CARTESIAN_POINT('',(0.00675,-0.00675,0.002));
#4827=CARTESIAN_POINT('',(0.00918850623546614,-0.00387097505813543,0.00137701247093229));
#4828=CARTESIAN_POINT('',(0.00386729540169506,-0.00917962275898296,0.00135924551796592));
#4829=CARTESIAN_POINT('',(0.,-0.0095,0.002));
#4830=CARTESIAN_POINT('',(-0.00386729540169506,-0.00917962275898296,0.00135924551796592));
#4831=CARTESIAN_POINT('',(0.0095,0.00275,0.002));
#4832=CARTESIAN_POINT('',(0.008375,0.008375,-0.00025));
#4833=CARTESIAN_POINT('',(-0.00604289321881345,-0.00604289321881345,0.));
#4834=CARTESIAN_POINT('',(-0.00822168238504238,-0.00347050350686413,-0.000556635229915244));
#4835=CARTESIAN_POINT('',(0.,0.0095,0.002));
#4836=CARTESIAN_POINT('',(-0.00791666666666667,0.00791666666666667,-0.00116666666666666));
#4837=CARTESIAN_POINT('',(-0.0085,0.,0.));
#4838=MECHANICAL_DESIGN_GEOMETRIC_PRESENTATION_REPRESENTATION('',(#2796),
#4840);
#4839=MECHANICAL_DESIGN_GEOMETRIC_PRESENTATION_REPRESENTATION('',(#2797),
#4841);
#4840=(
GEOMETRIC_REPRESENTATION_CONTEXT(3)
GLOBAL_UNCERTAINTY_ASSIGNED_CONTEXT((#4842))
GLOBAL_UNIT_ASSIGNED_CONTEXT((#4848,#4846,#4844))
REPRESENTATION_CONTEXT('Holder','TOP_LEVEL_ASSEMBLY_PART')
);
#4841=(
GEOMETRIC_REPRESENTATION_CONTEXT(3)
GLOBAL_UNCERTAINTY_ASSIGNED_CONTEXT((#4843))
GLOBAL_UNIT_ASSIGNED_CONTEXT((#4849,#4847,#4845))
REPRESENTATION_CONTEXT('Cuff','TOP_LEVEL_ASSEMBLY_PART')
);
#4842=UNCERTAINTY_MEASURE_WITH_UNIT(LENGTH_MEASURE(2.E-5),#4848,
'DISTANCE_ACCURACY_VALUE','Maximum Tolerance applied to model');
#4843=UNCERTAINTY_MEASURE_WITH_UNIT(LENGTH_MEASURE(2.E-5),#4849,
'DISTANCE_ACCURACY_VALUE','Maximum Tolerance applied to model');
#4844=(
NAMED_UNIT(*)
SI_UNIT($,.STERADIAN.)
SOLID_ANGLE_UNIT()
);
#4845=(
NAMED_UNIT(*)
SI_UNIT($,.STERADIAN.)
SOLID_ANGLE_UNIT()
);
#4846=(
NAMED_UNIT(*)
PLANE_ANGLE_UNIT()
SI_UNIT($,.RADIAN.)
);
#4847=(
NAMED_UNIT(*)
PLANE_ANGLE_UNIT()
SI_UNIT($,.RADIAN.)
);
#4848=(
LENGTH_UNIT()
NAMED_UNIT(*)
SI_UNIT($,.METRE.)
);
#4849=(
LENGTH_UNIT()
NAMED_UNIT(*)
SI_UNIT($,.METRE.)
);
#4850=PRODUCT_DEFINITION_SHAPE('','',#4852);
#4851=PRODUCT_DEFINITION_SHAPE('','',#4853);
#4852=PRODUCT_DEFINITION('','',#4856,#4854);
#4853=PRODUCT_DEFINITION('','',#4857,#4855);
#4854=PRODUCT_DEFINITION_CONTEXT('',#4868,'design');
#4855=PRODUCT_DEFINITION_CONTEXT('',#4869,'design');
#4856=PRODUCT_DEFINITION_FORMATION_WITH_SPECIFIED_SOURCE('','',#4860,
 .NOT_KNOWN.);
#4857=PRODUCT_DEFINITION_FORMATION_WITH_SPECIFIED_SOURCE('','',#4861,
 .NOT_KNOWN.);
#4858=PRODUCT_RELATED_PRODUCT_CATEGORY('','',(#4860));
#4859=PRODUCT_RELATED_PRODUCT_CATEGORY('','',(#4861));
#4860=PRODUCT('Holder','Holder','Holder',(#4864));
#4861=PRODUCT('Cuff','Cuff','Cuff',(#4865));
#4862=PRODUCT_CATEGORY('','');
#4863=PRODUCT_CATEGORY('','');
#4864=PRODUCT_CONTEXT('',#4868,'mechanical');
#4865=PRODUCT_CONTEXT('',#4869,'mechanical');
#4866=APPLICATION_PROTOCOL_DEFINITION('international standard',
'ap242_managed_model_based_3d_engineering',2011,#4868);
#4867=APPLICATION_PROTOCOL_DEFINITION('international standard',
'ap242_managed_model_based_3d_engineering',2011,#4869);
#4868=APPLICATION_CONTEXT('managed model based 3d engineering');
#4869=APPLICATION_CONTEXT('managed model based 3d engineering');
ENDSEC;
END-ISO-10303-21;
