ISO-10303-21;
HEADER;
/* Generated by software containing ST-Developer
 * from STEP Tools, Inc. (www.steptools.com) 
 */
/* OPTION: using custom renumber hook */

FILE_DESCRIPTION(
/* description */ ('STEP AP242',
'CAx-IF Rec.Pracs.---Representation and Presentation of Product Manufa
cturing Information (PMI)---4.0---2014-10-13',
'CAx-IF Rec.Pracs.---3D Tessellated Geometry---0.4---2014-09-14','2;1'),

/* implementation_level */ '2;1');

FILE_NAME(
/* name */ '68b0743124fae73aed2bec11',
/* time_stamp */ '2025-08-28T15:22:25Z',
/* author */ (''),
/* organization */ (''),
/* preprocessor_version */ 'ST-DEVELOPER v20',
/* originating_system */ 'ONSHAPE BY PTC INC, 1.202',
/* authorisation */ '  ');

FILE_SCHEMA (('AP242_MANAGED_MODEL_BASED_3D_ENGINEERING_MIM_LF { 1 0 10303 442 1 1 4 }'));
ENDSEC;

DATA;
#10=SHAPE_REPRESENTATION_RELATIONSHIP('','',#3495,#13);
#11=SHAPE_REPRESENTATION_RELATIONSHIP('','',#3496,#14);
#12=SHAPE_REPRESENTATION_RELATIONSHIP('','',#3497,#15);
#13=ADVANCED_BREP_SHAPE_REPRESENTATION('',(#3489),#6332);
#14=ADVANCED_BREP_SHAPE_REPRESENTATION('',(#3490),#6333);
#15=ADVANCED_BREP_SHAPE_REPRESENTATION('',(#3491),#6334);
#16=CYLINDRICAL_SURFACE('',#3518,0.00491271360811753);
#17=CYLINDRICAL_SURFACE('',#3520,0.0034179559684554);
#18=CYLINDRICAL_SURFACE('',#3522,0.00366111442873026);
#19=CYLINDRICAL_SURFACE('',#3524,0.00468392282925576);
#20=CYLINDRICAL_SURFACE('',#3526,0.00707208107831326);
#21=CYLINDRICAL_SURFACE('',#3528,0.0356328925209271);
#22=CYLINDRICAL_SURFACE('',#3536,0.00111447386093133);
#23=CYLINDRICAL_SURFACE('',#3538,0.000481814258135008);
#24=CYLINDRICAL_SURFACE('',#3541,0.000531544935211714);
#25=CYLINDRICAL_SURFACE('',#3568,0.000628047375276565);
#26=CYLINDRICAL_SURFACE('',#3615,0.00106996831454702);
#27=CYLINDRICAL_SURFACE('',#3617,0.000793251535017619);
#28=CYLINDRICAL_SURFACE('',#3622,0.00111447386093135);
#29=CYLINDRICAL_SURFACE('',#3624,0.000481814258134958);
#30=CYLINDRICAL_SURFACE('',#3627,0.000531544935248861);
#31=B_SPLINE_SURFACE_WITH_KNOTS('',3,1,((#4325,#4326),(#4327,#4328),(#4329,
#4330),(#4331,#4332)),.SURF_OF_LINEAR_EXTRUSION.,.F.,.F.,.F.,(4,4),(2,2),
(0.,1.),(0.,1.),.PIECEWISE_BEZIER_KNOTS.);
#32=B_SPLINE_SURFACE_WITH_KNOTS('',3,1,((#4398,#4399),(#4400,#4401),(#4402,
#4403),(#4404,#4405)),.SURF_OF_LINEAR_EXTRUSION.,.F.,.F.,.F.,(4,4),(2,2),
(0.,1.),(0.,1.),.PIECEWISE_BEZIER_KNOTS.);
#33=B_SPLINE_SURFACE_WITH_KNOTS('',3,1,((#4413,#4414),(#4415,#4416),(#4417,
#4418),(#4419,#4420)),.SURF_OF_LINEAR_EXTRUSION.,.F.,.F.,.F.,(4,4),(2,2),
(0.,1.),(0.,1.),.PIECEWISE_BEZIER_KNOTS.);
#34=B_SPLINE_SURFACE_WITH_KNOTS('',3,1,((#4426,#4427),(#4428,#4429),(#4430,
#4431),(#4432,#4433)),.SURF_OF_LINEAR_EXTRUSION.,.F.,.F.,.F.,(4,4),(2,2),
(0.,1.),(0.,1.),.PIECEWISE_BEZIER_KNOTS.);
#35=B_SPLINE_SURFACE_WITH_KNOTS('',3,1,((#4439,#4440),(#4441,#4442),(#4443,
#4444),(#4445,#4446)),.SURF_OF_LINEAR_EXTRUSION.,.F.,.F.,.F.,(4,4),(2,2),
(0.,1.),(0.,1.),.PIECEWISE_BEZIER_KNOTS.);
#36=B_SPLINE_SURFACE_WITH_KNOTS('',3,1,((#4462,#4463),(#4464,#4465),(#4466,
#4467),(#4468,#4469)),.SURF_OF_LINEAR_EXTRUSION.,.F.,.F.,.F.,(4,4),(2,2),
(0.,1.),(0.,1.),.PIECEWISE_BEZIER_KNOTS.);
#37=B_SPLINE_SURFACE_WITH_KNOTS('',3,1,((#4475,#4476),(#4477,#4478),(#4479,
#4480),(#4481,#4482)),.SURF_OF_LINEAR_EXTRUSION.,.F.,.F.,.F.,(4,4),(2,2),
(0.,1.),(0.,1.),.PIECEWISE_BEZIER_KNOTS.);
#38=B_SPLINE_SURFACE_WITH_KNOTS('',3,1,((#4488,#4489),(#4490,#4491),(#4492,
#4493),(#4494,#4495)),.SURF_OF_LINEAR_EXTRUSION.,.F.,.F.,.F.,(4,4),(2,2),
(0.,1.),(0.,1.),.PIECEWISE_BEZIER_KNOTS.);
#39=B_SPLINE_SURFACE_WITH_KNOTS('',3,1,((#4501,#4502),(#4503,#4504),(#4505,
#4506),(#4507,#4508)),.SURF_OF_LINEAR_EXTRUSION.,.F.,.F.,.F.,(4,4),(2,2),
(0.,1.),(0.,1.),.PIECEWISE_BEZIER_KNOTS.);
#40=B_SPLINE_SURFACE_WITH_KNOTS('',3,1,((#4514,#4515),(#4516,#4517),(#4518,
#4519),(#4520,#4521)),.SURF_OF_LINEAR_EXTRUSION.,.F.,.F.,.F.,(4,4),(2,2),
(0.,1.),(0.,1.),.PIECEWISE_BEZIER_KNOTS.);
#41=B_SPLINE_SURFACE_WITH_KNOTS('',3,1,((#4529,#4530),(#4531,#4532),(#4533,
#4534),(#4535,#4536)),.SURF_OF_LINEAR_EXTRUSION.,.F.,.F.,.F.,(4,4),(2,2),
(0.,1.),(0.,1.),.PIECEWISE_BEZIER_KNOTS.);
#42=B_SPLINE_SURFACE_WITH_KNOTS('',3,1,((#4542,#4543),(#4544,#4545),(#4546,
#4547),(#4548,#4549)),.SURF_OF_LINEAR_EXTRUSION.,.F.,.F.,.F.,(4,4),(2,2),
(0.,1.),(0.,1.),.PIECEWISE_BEZIER_KNOTS.);
#43=B_SPLINE_SURFACE_WITH_KNOTS('',3,1,((#4555,#4556),(#4557,#4558),(#4559,
#4560),(#4561,#4562)),.SURF_OF_LINEAR_EXTRUSION.,.F.,.F.,.F.,(4,4),(2,2),
(0.,1.),(0.,1.),.PIECEWISE_BEZIER_KNOTS.);
#44=B_SPLINE_SURFACE_WITH_KNOTS('',3,1,((#4568,#4569),(#4570,#4571),(#4572,
#4573),(#4574,#4575)),.SURF_OF_LINEAR_EXTRUSION.,.F.,.F.,.F.,(4,4),(2,2),
(0.,1.),(0.,1.),.PIECEWISE_BEZIER_KNOTS.);
#45=B_SPLINE_SURFACE_WITH_KNOTS('',3,1,((#4581,#4582),(#4583,#4584),(#4585,
#4586),(#4587,#4588)),.SURF_OF_LINEAR_EXTRUSION.,.F.,.F.,.F.,(4,4),(2,2),
(0.,1.),(0.,1.),.PIECEWISE_BEZIER_KNOTS.);
#46=B_SPLINE_SURFACE_WITH_KNOTS('',3,1,((#4604,#4605),(#4606,#4607),(#4608,
#4609),(#4610,#4611)),.SURF_OF_LINEAR_EXTRUSION.,.F.,.F.,.F.,(4,4),(2,2),
(0.,1.),(0.,1.),.PIECEWISE_BEZIER_KNOTS.);
#47=B_SPLINE_SURFACE_WITH_KNOTS('',3,1,((#4621,#4622),(#4623,#4624),(#4625,
#4626),(#4627,#4628)),.SURF_OF_LINEAR_EXTRUSION.,.F.,.F.,.F.,(4,4),(2,2),
(0.,1.),(0.,1.),.PIECEWISE_BEZIER_KNOTS.);
#48=B_SPLINE_SURFACE_WITH_KNOTS('',3,1,((#4638,#4639),(#4640,#4641),(#4642,
#4643),(#4644,#4645)),.SURF_OF_LINEAR_EXTRUSION.,.F.,.F.,.F.,(4,4),(2,2),
(0.,1.),(0.,1.),.PIECEWISE_BEZIER_KNOTS.);
#49=B_SPLINE_SURFACE_WITH_KNOTS('',3,1,((#4667,#4668),(#4669,#4670),(#4671,
#4672),(#4673,#4674)),.SURF_OF_LINEAR_EXTRUSION.,.F.,.F.,.F.,(4,4),(2,2),
(0.,1.),(0.,1.),.PIECEWISE_BEZIER_KNOTS.);
#50=B_SPLINE_SURFACE_WITH_KNOTS('',3,1,((#4684,#4685),(#4686,#4687),(#4688,
#4689),(#4690,#4691)),.SURF_OF_LINEAR_EXTRUSION.,.F.,.F.,.F.,(4,4),(2,2),
(0.,1.),(0.,1.),.PIECEWISE_BEZIER_KNOTS.);
#51=B_SPLINE_SURFACE_WITH_KNOTS('',3,1,((#4707,#4708),(#4709,#4710),(#4711,
#4712),(#4713,#4714)),.SURF_OF_LINEAR_EXTRUSION.,.F.,.F.,.F.,(4,4),(2,2),
(0.,1.),(0.,1.),.PIECEWISE_BEZIER_KNOTS.);
#52=B_SPLINE_SURFACE_WITH_KNOTS('',3,1,((#4915,#4916),(#4917,#4918),(#4919,
#4920),(#4921,#4922)),.SURF_OF_LINEAR_EXTRUSION.,.F.,.F.,.F.,(4,4),(2,2),
(0.,1.),(0.,1.),.PIECEWISE_BEZIER_KNOTS.);
#53=B_SPLINE_SURFACE_WITH_KNOTS('',3,1,((#4939,#4940),(#4941,#4942),(#4943,
#4944),(#4945,#4946)),.SURF_OF_LINEAR_EXTRUSION.,.F.,.F.,.F.,(4,4),(2,2),
(0.,1.),(0.,1.),.PIECEWISE_BEZIER_KNOTS.);
#54=B_SPLINE_SURFACE_WITH_KNOTS('',3,1,((#4952,#4953),(#4954,#4955),(#4956,
#4957),(#4958,#4959)),.SURF_OF_LINEAR_EXTRUSION.,.F.,.F.,.F.,(4,4),(2,2),
(0.,1.),(0.,1.),.PIECEWISE_BEZIER_KNOTS.);
#55=B_SPLINE_SURFACE_WITH_KNOTS('',3,1,((#4965,#4966),(#4967,#4968),(#4969,
#4970),(#4971,#4972)),.SURF_OF_LINEAR_EXTRUSION.,.F.,.F.,.F.,(4,4),(2,2),
(0.,1.),(0.,1.),.PIECEWISE_BEZIER_KNOTS.);
#56=B_SPLINE_SURFACE_WITH_KNOTS('',3,1,((#4978,#4979),(#4980,#4981),(#4982,
#4983),(#4984,#4985)),.SURF_OF_LINEAR_EXTRUSION.,.F.,.F.,.F.,(4,4),(2,2),
(0.,1.),(0.,1.),.PIECEWISE_BEZIER_KNOTS.);
#57=B_SPLINE_SURFACE_WITH_KNOTS('',3,1,((#4991,#4992),(#4993,#4994),(#4995,
#4996),(#4997,#4998)),.SURF_OF_LINEAR_EXTRUSION.,.F.,.F.,.F.,(4,4),(2,2),
(0.,1.),(0.,1.),.PIECEWISE_BEZIER_KNOTS.);
#58=B_SPLINE_SURFACE_WITH_KNOTS('',3,1,((#5004,#5005),(#5006,#5007),(#5008,
#5009),(#5010,#5011)),.SURF_OF_LINEAR_EXTRUSION.,.F.,.F.,.F.,(4,4),(2,2),
(0.,1.),(0.,1.),.PIECEWISE_BEZIER_KNOTS.);
#59=B_SPLINE_SURFACE_WITH_KNOTS('',3,1,((#5017,#5018),(#5019,#5020),(#5021,
#5022),(#5023,#5024)),.SURF_OF_LINEAR_EXTRUSION.,.F.,.F.,.F.,(4,4),(2,2),
(0.,1.),(0.,1.),.PIECEWISE_BEZIER_KNOTS.);
#60=B_SPLINE_SURFACE_WITH_KNOTS('',3,1,((#5032,#5033),(#5034,#5035),(#5036,
#5037),(#5038,#5039)),.SURF_OF_LINEAR_EXTRUSION.,.F.,.F.,.F.,(4,4),(2,2),
(0.,1.),(0.,1.),.PIECEWISE_BEZIER_KNOTS.);
#61=B_SPLINE_SURFACE_WITH_KNOTS('',3,1,((#5045,#5046),(#5047,#5048),(#5049,
#5050),(#5051,#5052)),.SURF_OF_LINEAR_EXTRUSION.,.F.,.F.,.F.,(4,4),(2,2),
(0.,1.),(0.,1.),.PIECEWISE_BEZIER_KNOTS.);
#62=B_SPLINE_SURFACE_WITH_KNOTS('',3,1,((#5058,#5059),(#5060,#5061),(#5062,
#5063),(#5064,#5065)),.SURF_OF_LINEAR_EXTRUSION.,.F.,.F.,.F.,(4,4),(2,2),
(0.,1.),(0.,1.),.PIECEWISE_BEZIER_KNOTS.);
#63=B_SPLINE_SURFACE_WITH_KNOTS('',3,1,((#5071,#5072),(#5073,#5074),(#5075,
#5076),(#5077,#5078)),.SURF_OF_LINEAR_EXTRUSION.,.F.,.F.,.F.,(4,4),(2,2),
(0.,1.),(0.,1.),.PIECEWISE_BEZIER_KNOTS.);
#64=B_SPLINE_SURFACE_WITH_KNOTS('',3,1,((#5084,#5085),(#5086,#5087),(#5088,
#5089),(#5090,#5091)),.SURF_OF_LINEAR_EXTRUSION.,.F.,.F.,.F.,(4,4),(2,2),
(0.,1.),(0.,1.),.PIECEWISE_BEZIER_KNOTS.);
#65=B_SPLINE_SURFACE_WITH_KNOTS('',3,1,((#5120,#5121),(#5122,#5123),(#5124,
#5125),(#5126,#5127)),.SURF_OF_LINEAR_EXTRUSION.,.F.,.F.,.F.,(4,4),(2,2),
(0.,1.),(0.,1.),.PIECEWISE_BEZIER_KNOTS.);
#66=B_SPLINE_SURFACE_WITH_KNOTS('',3,1,((#5135,#5136),(#5137,#5138),(#5139,
#5140),(#5141,#5142)),.SURF_OF_LINEAR_EXTRUSION.,.F.,.F.,.F.,(4,4),(2,2),
(0.,1.),(0.,1.),.PIECEWISE_BEZIER_KNOTS.);
#67=B_SPLINE_SURFACE_WITH_KNOTS('',3,1,((#5148,#5149),(#5150,#5151),(#5152,
#5153),(#5154,#5155)),.SURF_OF_LINEAR_EXTRUSION.,.F.,.F.,.F.,(4,4),(2,2),
(0.,1.),(0.,1.),.PIECEWISE_BEZIER_KNOTS.);
#68=B_SPLINE_SURFACE_WITH_KNOTS('',3,1,((#5161,#5162),(#5163,#5164),(#5165,
#5166),(#5167,#5168)),.SURF_OF_LINEAR_EXTRUSION.,.F.,.F.,.F.,(4,4),(2,2),
(0.,1.),(0.,1.),.PIECEWISE_BEZIER_KNOTS.);
#69=B_SPLINE_SURFACE_WITH_KNOTS('',3,1,((#5174,#5175),(#5176,#5177),(#5178,
#5179),(#5180,#5181)),.SURF_OF_LINEAR_EXTRUSION.,.F.,.F.,.F.,(4,4),(2,2),
(0.,1.),(0.,1.),.PIECEWISE_BEZIER_KNOTS.);
#70=B_SPLINE_SURFACE_WITH_KNOTS('',3,1,((#5187,#5188),(#5189,#5190),(#5191,
#5192),(#5193,#5194)),.SURF_OF_LINEAR_EXTRUSION.,.F.,.F.,.F.,(4,4),(2,2),
(0.,1.),(0.,1.),.PIECEWISE_BEZIER_KNOTS.);
#71=B_SPLINE_SURFACE_WITH_KNOTS('',3,1,((#5200,#5201),(#5202,#5203),(#5204,
#5205),(#5206,#5207)),.SURF_OF_LINEAR_EXTRUSION.,.F.,.F.,.F.,(4,4),(2,2),
(0.,1.),(0.,1.),.PIECEWISE_BEZIER_KNOTS.);
#72=B_SPLINE_SURFACE_WITH_KNOTS('',3,1,((#5213,#5214),(#5215,#5216),(#5217,
#5218),(#5219,#5220)),.SURF_OF_LINEAR_EXTRUSION.,.F.,.F.,.F.,(4,4),(2,2),
(0.,1.),(0.,1.),.PIECEWISE_BEZIER_KNOTS.);
#73=B_SPLINE_SURFACE_WITH_KNOTS('',3,1,((#5233,#5234),(#5235,#5236),(#5237,
#5238),(#5239,#5240)),.SURF_OF_LINEAR_EXTRUSION.,.F.,.F.,.F.,(4,4),(2,2),
(0.,1.),(0.,1.),.PIECEWISE_BEZIER_KNOTS.);
#74=B_SPLINE_SURFACE_WITH_KNOTS('',3,1,((#5250,#5251),(#5252,#5253),(#5254,
#5255),(#5256,#5257)),.SURF_OF_LINEAR_EXTRUSION.,.F.,.F.,.F.,(4,4),(2,2),
(0.,1.),(0.,1.),.PIECEWISE_BEZIER_KNOTS.);
#75=B_SPLINE_SURFACE_WITH_KNOTS('',3,1,((#5267,#5268),(#5269,#5270),(#5271,
#5272),(#5273,#5274)),.SURF_OF_LINEAR_EXTRUSION.,.F.,.F.,.F.,(4,4),(2,2),
(0.,1.),(0.,1.),.PIECEWISE_BEZIER_KNOTS.);
#76=B_SPLINE_SURFACE_WITH_KNOTS('',3,1,((#5284,#5285),(#5286,#5287),(#5288,
#5289),(#5290,#5291)),.SURF_OF_LINEAR_EXTRUSION.,.F.,.F.,.F.,(4,4),(2,2),
(0.,1.),(0.,1.),.PIECEWISE_BEZIER_KNOTS.);
#77=B_SPLINE_SURFACE_WITH_KNOTS('',3,1,((#5301,#5302),(#5303,#5304),(#5305,
#5306),(#5307,#5308)),.SURF_OF_LINEAR_EXTRUSION.,.F.,.F.,.F.,(4,4),(2,2),
(0.,1.),(0.,1.),.PIECEWISE_BEZIER_KNOTS.);
#78=B_SPLINE_SURFACE_WITH_KNOTS('',3,1,((#5318,#5319),(#5320,#5321),(#5322,
#5323),(#5324,#5325)),.SURF_OF_LINEAR_EXTRUSION.,.F.,.F.,.F.,(4,4),(2,2),
(0.,1.),(0.,1.),.PIECEWISE_BEZIER_KNOTS.);
#79=B_SPLINE_SURFACE_WITH_KNOTS('',3,1,((#5335,#5336),(#5337,#5338),(#5339,
#5340),(#5341,#5342)),.SURF_OF_LINEAR_EXTRUSION.,.F.,.F.,.F.,(4,4),(2,2),
(0.,1.),(0.,1.),.PIECEWISE_BEZIER_KNOTS.);
#80=B_SPLINE_SURFACE_WITH_KNOTS('',3,1,((#5352,#5353),(#5354,#5355),(#5356,
#5357),(#5358,#5359)),.SURF_OF_LINEAR_EXTRUSION.,.F.,.F.,.F.,(4,4),(2,2),
(0.,1.),(0.,1.),.PIECEWISE_BEZIER_KNOTS.);
#81=B_SPLINE_SURFACE_WITH_KNOTS('',3,1,((#5369,#5370),(#5371,#5372),(#5373,
#5374),(#5375,#5376)),.SURF_OF_LINEAR_EXTRUSION.,.F.,.F.,.F.,(4,4),(2,2),
(0.,1.),(0.,1.),.PIECEWISE_BEZIER_KNOTS.);
#82=B_SPLINE_SURFACE_WITH_KNOTS('',3,1,((#5386,#5387),(#5388,#5389),(#5390,
#5391),(#5392,#5393)),.SURF_OF_LINEAR_EXTRUSION.,.F.,.F.,.F.,(4,4),(2,2),
(0.,1.),(0.,1.),.PIECEWISE_BEZIER_KNOTS.);
#83=B_SPLINE_SURFACE_WITH_KNOTS('',3,1,((#5403,#5404),(#5405,#5406),(#5407,
#5408),(#5409,#5410)),.SURF_OF_LINEAR_EXTRUSION.,.F.,.F.,.F.,(4,4),(2,2),
(0.,1.),(0.,1.),.PIECEWISE_BEZIER_KNOTS.);
#84=B_SPLINE_SURFACE_WITH_KNOTS('',3,1,((#5417,#5418),(#5419,#5420),(#5421,
#5422),(#5423,#5424)),.SURF_OF_LINEAR_EXTRUSION.,.F.,.F.,.F.,(4,4),(2,2),
(0.,1.),(0.,1.),.PIECEWISE_BEZIER_KNOTS.);
#85=B_SPLINE_SURFACE_WITH_KNOTS('',3,1,((#5683,#5684),(#5685,#5686),(#5687,
#5688),(#5689,#5690)),.SURF_OF_LINEAR_EXTRUSION.,.F.,.F.,.F.,(4,4),(2,2),
(0.,1.),(0.,1.),.PIECEWISE_BEZIER_KNOTS.);
#86=B_SPLINE_SURFACE_WITH_KNOTS('',3,1,((#5696,#5697),(#5698,#5699),(#5700,
#5701),(#5702,#5703)),.SURF_OF_LINEAR_EXTRUSION.,.F.,.F.,.F.,(4,4),(2,2),
(0.,1.),(0.,1.),.PIECEWISE_BEZIER_KNOTS.);
#87=B_SPLINE_SURFACE_WITH_KNOTS('',3,1,((#5709,#5710),(#5711,#5712),(#5713,
#5714),(#5715,#5716)),.SURF_OF_LINEAR_EXTRUSION.,.F.,.F.,.F.,(4,4),(2,2),
(0.,1.),(0.,1.),.PIECEWISE_BEZIER_KNOTS.);
#88=B_SPLINE_SURFACE_WITH_KNOTS('',3,1,((#5722,#5723),(#5724,#5725),(#5726,
#5727),(#5728,#5729)),.SURF_OF_LINEAR_EXTRUSION.,.F.,.F.,.F.,(4,4),(2,2),
(0.,1.),(0.,1.),.PIECEWISE_BEZIER_KNOTS.);
#89=B_SPLINE_SURFACE_WITH_KNOTS('',3,1,((#5737,#5738),(#5739,#5740),(#5741,
#5742),(#5743,#5744)),.SURF_OF_LINEAR_EXTRUSION.,.F.,.F.,.F.,(4,4),(2,2),
(0.,1.),(0.,1.),.PIECEWISE_BEZIER_KNOTS.);
#90=B_SPLINE_SURFACE_WITH_KNOTS('',3,1,((#5750,#5751),(#5752,#5753),(#5754,
#5755),(#5756,#5757)),.SURF_OF_LINEAR_EXTRUSION.,.F.,.F.,.F.,(4,4),(2,2),
(0.,1.),(0.,1.),.PIECEWISE_BEZIER_KNOTS.);
#91=B_SPLINE_SURFACE_WITH_KNOTS('',3,1,((#5763,#5764),(#5765,#5766),(#5767,
#5768),(#5769,#5770)),.SURF_OF_LINEAR_EXTRUSION.,.F.,.F.,.F.,(4,4),(2,2),
(0.,1.),(0.,1.),.PIECEWISE_BEZIER_KNOTS.);
#92=B_SPLINE_SURFACE_WITH_KNOTS('',3,1,((#5776,#5777),(#5778,#5779),(#5780,
#5781),(#5782,#5783)),.SURF_OF_LINEAR_EXTRUSION.,.F.,.F.,.F.,(4,4),(2,2),
(0.,1.),(0.,1.),.PIECEWISE_BEZIER_KNOTS.);
#93=B_SPLINE_SURFACE_WITH_KNOTS('',3,1,((#5789,#5790),(#5791,#5792),(#5793,
#5794),(#5795,#5796)),.SURF_OF_LINEAR_EXTRUSION.,.F.,.F.,.F.,(4,4),(2,2),
(0.,1.),(0.,1.),.PIECEWISE_BEZIER_KNOTS.);
#94=B_SPLINE_SURFACE_WITH_KNOTS('',3,1,((#5802,#5803),(#5804,#5805),(#5806,
#5807),(#5808,#5809)),.SURF_OF_LINEAR_EXTRUSION.,.F.,.F.,.F.,(4,4),(2,2),
(0.,1.),(0.,1.),.PIECEWISE_BEZIER_KNOTS.);
#95=B_SPLINE_SURFACE_WITH_KNOTS('',3,1,((#5815,#5816),(#5817,#5818),(#5819,
#5820),(#5821,#5822)),.SURF_OF_LINEAR_EXTRUSION.,.F.,.F.,.F.,(4,4),(2,2),
(0.,1.),(0.,1.),.PIECEWISE_BEZIER_KNOTS.);
#96=B_SPLINE_SURFACE_WITH_KNOTS('',3,1,((#5828,#5829),(#5830,#5831),(#5832,
#5833),(#5834,#5835)),.SURF_OF_LINEAR_EXTRUSION.,.F.,.F.,.F.,(4,4),(2,2),
(0.,1.),(0.,1.),.PIECEWISE_BEZIER_KNOTS.);
#97=B_SPLINE_SURFACE_WITH_KNOTS('',3,1,((#5841,#5842),(#5843,#5844),(#5845,
#5846),(#5847,#5848)),.SURF_OF_LINEAR_EXTRUSION.,.F.,.F.,.F.,(4,4),(2,2),
(0.,1.),(0.,1.),.PIECEWISE_BEZIER_KNOTS.);
#98=B_SPLINE_SURFACE_WITH_KNOTS('',3,1,((#5861,#5862),(#5863,#5864),(#5865,
#5866),(#5867,#5868)),.SURF_OF_LINEAR_EXTRUSION.,.F.,.F.,.F.,(4,4),(2,2),
(0.,1.),(0.,1.),.PIECEWISE_BEZIER_KNOTS.);
#99=B_SPLINE_SURFACE_WITH_KNOTS('',3,1,((#5878,#5879),(#5880,#5881),(#5882,
#5883),(#5884,#5885)),.SURF_OF_LINEAR_EXTRUSION.,.F.,.F.,.F.,(4,4),(2,2),
(0.,1.),(0.,1.),.PIECEWISE_BEZIER_KNOTS.);
#100=B_SPLINE_SURFACE_WITH_KNOTS('',3,1,((#5895,#5896),(#5897,#5898),(#5899,
#5900),(#5901,#5902)),.SURF_OF_LINEAR_EXTRUSION.,.F.,.F.,.F.,(4,4),(2,2),
(0.,1.),(0.,1.),.PIECEWISE_BEZIER_KNOTS.);
#101=B_SPLINE_SURFACE_WITH_KNOTS('',3,1,((#5912,#5913),(#5914,#5915),(#5916,
#5917),(#5918,#5919)),.SURF_OF_LINEAR_EXTRUSION.,.F.,.F.,.F.,(4,4),(2,2),
(0.,1.),(0.,1.),.PIECEWISE_BEZIER_KNOTS.);
#102=B_SPLINE_SURFACE_WITH_KNOTS('',3,1,((#5929,#5930),(#5931,#5932),(#5933,
#5934),(#5935,#5936)),.SURF_OF_LINEAR_EXTRUSION.,.F.,.F.,.F.,(4,4),(2,2),
(0.,1.),(0.,1.),.PIECEWISE_BEZIER_KNOTS.);
#103=B_SPLINE_SURFACE_WITH_KNOTS('',3,1,((#5946,#5947),(#5948,#5949),(#5950,
#5951),(#5952,#5953)),.SURF_OF_LINEAR_EXTRUSION.,.F.,.F.,.F.,(4,4),(2,2),
(0.,1.),(0.,1.),.PIECEWISE_BEZIER_KNOTS.);
#104=B_SPLINE_SURFACE_WITH_KNOTS('',3,1,((#5963,#5964),(#5965,#5966),(#5967,
#5968),(#5969,#5970)),.SURF_OF_LINEAR_EXTRUSION.,.F.,.F.,.F.,(4,4),(2,2),
(0.,1.),(0.,1.),.PIECEWISE_BEZIER_KNOTS.);
#105=B_SPLINE_SURFACE_WITH_KNOTS('',3,1,((#5977,#5978),(#5979,#5980),(#5981,
#5982),(#5983,#5984)),.SURF_OF_LINEAR_EXTRUSION.,.F.,.F.,.F.,(4,4),(2,2),
(0.,1.),(0.,1.),.PIECEWISE_BEZIER_KNOTS.);
#106=B_SPLINE_SURFACE_WITH_KNOTS('',3,1,((#5992,#5993),(#5994,#5995),(#5996,
#5997),(#5998,#5999)),.SURF_OF_LINEAR_EXTRUSION.,.F.,.F.,.F.,(4,4),(2,2),
(0.,1.),(0.,1.),.PIECEWISE_BEZIER_KNOTS.);
#107=B_SPLINE_SURFACE_WITH_KNOTS('',3,1,((#6007,#6008),(#6009,#6010),(#6011,
#6012),(#6013,#6014)),.SURF_OF_LINEAR_EXTRUSION.,.F.,.F.,.F.,(4,4),(2,2),
(0.,1.),(0.,1.),.PIECEWISE_BEZIER_KNOTS.);
#108=B_SPLINE_SURFACE_WITH_KNOTS('',3,1,((#6020,#6021),(#6022,#6023),(#6024,
#6025),(#6026,#6027)),.SURF_OF_LINEAR_EXTRUSION.,.F.,.F.,.F.,(4,4),(2,2),
(0.,1.),(0.,1.),.PIECEWISE_BEZIER_KNOTS.);
#109=B_SPLINE_SURFACE_WITH_KNOTS('',3,1,((#6033,#6034),(#6035,#6036),(#6037,
#6038),(#6039,#6040)),.SURF_OF_LINEAR_EXTRUSION.,.F.,.F.,.F.,(4,4),(2,2),
(0.,1.),(0.,1.),.PIECEWISE_BEZIER_KNOTS.);
#110=B_SPLINE_SURFACE_WITH_KNOTS('',3,1,((#6056,#6057),(#6058,#6059),(#6060,
#6061),(#6062,#6063)),.SURF_OF_LINEAR_EXTRUSION.,.F.,.F.,.F.,(4,4),(2,2),
(0.,1.),(0.,1.),.PIECEWISE_BEZIER_KNOTS.);
#111=B_SPLINE_SURFACE_WITH_KNOTS('',3,1,((#6069,#6070),(#6071,#6072),(#6073,
#6074),(#6075,#6076)),.SURF_OF_LINEAR_EXTRUSION.,.F.,.F.,.F.,(4,4),(2,2),
(0.,1.),(0.,1.),.PIECEWISE_BEZIER_KNOTS.);
#112=B_SPLINE_SURFACE_WITH_KNOTS('',3,1,((#6082,#6083),(#6084,#6085),(#6086,
#6087),(#6088,#6089)),.SURF_OF_LINEAR_EXTRUSION.,.F.,.F.,.F.,(4,4),(2,2),
(0.,1.),(0.,1.),.PIECEWISE_BEZIER_KNOTS.);
#113=B_SPLINE_SURFACE_WITH_KNOTS('',3,1,((#6095,#6096),(#6097,#6098),(#6099,
#6100),(#6101,#6102)),.SURF_OF_LINEAR_EXTRUSION.,.F.,.F.,.F.,(4,4),(2,2),
(0.,1.),(0.,1.),.PIECEWISE_BEZIER_KNOTS.);
#114=B_SPLINE_SURFACE_WITH_KNOTS('',3,1,((#6108,#6109),(#6110,#6111),(#6112,
#6113),(#6114,#6115)),.SURF_OF_LINEAR_EXTRUSION.,.F.,.F.,.F.,(4,4),(2,2),
(0.,1.),(0.,1.),.PIECEWISE_BEZIER_KNOTS.);
#115=B_SPLINE_SURFACE_WITH_KNOTS('',3,1,((#6123,#6124),(#6125,#6126),(#6127,
#6128),(#6129,#6130)),.SURF_OF_LINEAR_EXTRUSION.,.F.,.F.,.F.,(4,4),(2,2),
(0.,1.),(0.,1.),.PIECEWISE_BEZIER_KNOTS.);
#116=B_SPLINE_SURFACE_WITH_KNOTS('',3,1,((#6136,#6137),(#6138,#6139),(#6140,
#6141),(#6142,#6143)),.SURF_OF_LINEAR_EXTRUSION.,.F.,.F.,.F.,(4,4),(2,2),
(0.,1.),(0.,1.),.PIECEWISE_BEZIER_KNOTS.);
#117=B_SPLINE_SURFACE_WITH_KNOTS('',3,1,((#6149,#6150),(#6151,#6152),(#6153,
#6154),(#6155,#6156)),.SURF_OF_LINEAR_EXTRUSION.,.F.,.F.,.F.,(4,4),(2,2),
(0.,1.),(0.,1.),.PIECEWISE_BEZIER_KNOTS.);
#118=B_SPLINE_SURFACE_WITH_KNOTS('',3,1,((#6162,#6163),(#6164,#6165),(#6166,
#6167),(#6168,#6169)),.SURF_OF_LINEAR_EXTRUSION.,.F.,.F.,.F.,(4,4),(2,2),
(0.,1.),(0.,1.),.PIECEWISE_BEZIER_KNOTS.);
#119=B_SPLINE_SURFACE_WITH_KNOTS('',3,1,((#6175,#6176),(#6177,#6178),(#6179,
#6180),(#6181,#6182)),.SURF_OF_LINEAR_EXTRUSION.,.F.,.F.,.F.,(4,4),(2,2),
(0.,1.),(0.,1.),.PIECEWISE_BEZIER_KNOTS.);
#120=B_SPLINE_SURFACE_WITH_KNOTS('',3,1,((#6198,#6199),(#6200,#6201),(#6202,
#6203),(#6204,#6205)),.SURF_OF_LINEAR_EXTRUSION.,.F.,.F.,.F.,(4,4),(2,2),
(0.,1.),(0.,1.),.PIECEWISE_BEZIER_KNOTS.);
#121=B_SPLINE_SURFACE_WITH_KNOTS('',3,1,((#6215,#6216),(#6217,#6218),(#6219,
#6220),(#6221,#6222)),.SURF_OF_LINEAR_EXTRUSION.,.F.,.F.,.F.,(4,4),(2,2),
(0.,1.),(0.,1.),.PIECEWISE_BEZIER_KNOTS.);
#122=B_SPLINE_SURFACE_WITH_KNOTS('',3,1,((#6232,#6233),(#6234,#6235),(#6236,
#6237),(#6238,#6239)),.SURF_OF_LINEAR_EXTRUSION.,.F.,.F.,.F.,(4,4),(2,2),
(0.,1.),(0.,1.),.PIECEWISE_BEZIER_KNOTS.);
#123=B_SPLINE_SURFACE_WITH_KNOTS('',3,1,((#6261,#6262),(#6263,#6264),(#6265,
#6266),(#6267,#6268)),.SURF_OF_LINEAR_EXTRUSION.,.F.,.F.,.F.,(4,4),(2,2),
(0.,1.),(0.,1.),.PIECEWISE_BEZIER_KNOTS.);
#124=B_SPLINE_SURFACE_WITH_KNOTS('',3,1,((#6278,#6279),(#6280,#6281),(#6282,
#6283),(#6284,#6285)),.SURF_OF_LINEAR_EXTRUSION.,.F.,.F.,.F.,(4,4),(2,2),
(0.,1.),(0.,1.),.PIECEWISE_BEZIER_KNOTS.);
#125=B_SPLINE_SURFACE_WITH_KNOTS('',3,1,((#6301,#6302),(#6303,#6304),(#6305,
#6306),(#6307,#6308)),.SURF_OF_LINEAR_EXTRUSION.,.F.,.F.,.F.,(4,4),(2,2),
(0.,1.),(0.,1.),.PIECEWISE_BEZIER_KNOTS.);
#126=CONICAL_SURFACE('',#3516,0.0035,0.0238050261850699);
#127=CONICAL_SURFACE('',#3547,0.00454790245417143,0.458819456568694);
#128=CONICAL_SURFACE('',#3566,0.0025,0.0594536593086569);
#129=CONICAL_SURFACE('',#3592,0.00362081759459102,0.451345812160451);
#130=CONICAL_SURFACE('',#3613,0.003,0.035699112679324);
#131=CONICAL_SURFACE('',#3633,0.00407206612329442,0.456357721553536);
#132=B_SPLINE_CURVE_WITH_KNOTS('',2,(#4204,#4205,#4206),.UNSPECIFIED.,.F.,
 .F.,(3,3),(0.,1.),.UNSPECIFIED.);
#133=B_SPLINE_CURVE_WITH_KNOTS('',2,(#4223,#4224,#4225),.UNSPECIFIED.,.F.,
 .F.,(3,3),(0.,1.),.UNSPECIFIED.);
#134=B_SPLINE_CURVE_WITH_KNOTS('',2,(#4228,#4229,#4230),.UNSPECIFIED.,.F.,
 .F.,(3,3),(0.,1.),.UNSPECIFIED.);
#135=B_SPLINE_CURVE_WITH_KNOTS('',2,(#4232,#4233,#4234),.UNSPECIFIED.,.F.,
 .F.,(3,3),(0.,1.),.UNSPECIFIED.);
#136=B_SPLINE_CURVE_WITH_KNOTS('',2,(#4236,#4237,#4238),.UNSPECIFIED.,.F.,
 .F.,(3,3),(0.,1.),.UNSPECIFIED.);
#137=B_SPLINE_CURVE_WITH_KNOTS('',2,(#4240,#4241,#4242),.UNSPECIFIED.,.F.,
 .F.,(3,3),(0.,1.),.UNSPECIFIED.);
#138=B_SPLINE_CURVE_WITH_KNOTS('',2,(#4244,#4245,#4246),.UNSPECIFIED.,.F.,
 .F.,(3,3),(0.,1.),.UNSPECIFIED.);
#139=B_SPLINE_CURVE_WITH_KNOTS('',2,(#4248,#4249,#4250),.UNSPECIFIED.,.F.,
 .F.,(3,3),(0.,1.),.UNSPECIFIED.);
#140=B_SPLINE_CURVE_WITH_KNOTS('',2,(#4252,#4253,#4254),.UNSPECIFIED.,.F.,
 .F.,(3,3),(0.,1.),.UNSPECIFIED.);
#141=B_SPLINE_CURVE_WITH_KNOTS('',2,(#4258,#4259,#4260),.UNSPECIFIED.,.F.,
 .F.,(3,3),(0.,1.),.UNSPECIFIED.);
#142=B_SPLINE_CURVE_WITH_KNOTS('',2,(#4262,#4263,#4264),.UNSPECIFIED.,.F.,
 .F.,(3,3),(0.,1.),.UNSPECIFIED.);
#143=B_SPLINE_CURVE_WITH_KNOTS('',2,(#4266,#4267,#4268),.UNSPECIFIED.,.F.,
 .F.,(3,3),(0.,1.),.UNSPECIFIED.);
#144=B_SPLINE_CURVE_WITH_KNOTS('',2,(#4270,#4271,#4272),.UNSPECIFIED.,.F.,
 .F.,(3,3),(0.,1.),.UNSPECIFIED.);
#145=B_SPLINE_CURVE_WITH_KNOTS('',2,(#4276,#4277,#4278),.UNSPECIFIED.,.F.,
 .F.,(3,3),(0.,1.),.UNSPECIFIED.);
#146=B_SPLINE_CURVE_WITH_KNOTS('',2,(#4280,#4281,#4282),.UNSPECIFIED.,.F.,
 .F.,(3,3),(0.,1.),.UNSPECIFIED.);
#147=B_SPLINE_CURVE_WITH_KNOTS('',3,(#4333,#4334,#4335,#4336),
 .UNSPECIFIED.,.F.,.F.,(4,4),(0.,1.),.UNSPECIFIED.);
#148=B_SPLINE_CURVE_WITH_KNOTS('',2,(#4338,#4339,#4340),.UNSPECIFIED.,.F.,
 .F.,(3,3),(0.,1.),.UNSPECIFIED.);
#149=B_SPLINE_CURVE_WITH_KNOTS('',3,(#4344,#4345,#4346,#4347),
 .UNSPECIFIED.,.F.,.F.,(4,4),(0.,1.),.UNSPECIFIED.);
#150=B_SPLINE_CURVE_WITH_KNOTS('',3,(#4355,#4356,#4357,#4358),
 .UNSPECIFIED.,.F.,.F.,(4,4),(0.,1.),.UNSPECIFIED.);
#151=B_SPLINE_CURVE_WITH_KNOTS('',3,(#4364,#4365,#4366,#4367),
 .UNSPECIFIED.,.F.,.F.,(4,4),(4.16666666447349E-7,1.),.UNSPECIFIED.);
#152=B_SPLINE_CURVE_WITH_KNOTS('',3,(#4371,#4372,#4373,#4374),
 .UNSPECIFIED.,.F.,.F.,(4,4),(4.16666111335837E-7,1.),.UNSPECIFIED.);
#153=B_SPLINE_CURVE_WITH_KNOTS('',2,(#4408,#4409,#4410),.UNSPECIFIED.,.F.,
 .F.,(3,3),(0.,1.),.UNSPECIFIED.);
#154=B_SPLINE_CURVE_WITH_KNOTS('',2,(#4423,#4424,#4425),.UNSPECIFIED.,.F.,
 .F.,(3,3),(0.,1.),.UNSPECIFIED.);
#155=B_SPLINE_CURVE_WITH_KNOTS('',2,(#4436,#4437,#4438),.UNSPECIFIED.,.F.,
 .F.,(3,3),(0.,1.),.UNSPECIFIED.);
#156=B_SPLINE_CURVE_WITH_KNOTS('',3,(#4447,#4448,#4449,#4450),
 .UNSPECIFIED.,.F.,.F.,(4,4),(0.,1.),.UNSPECIFIED.);
#157=B_SPLINE_CURVE_WITH_KNOTS('',2,(#4452,#4453,#4454),.UNSPECIFIED.,.F.,
 .F.,(3,3),(0.,1.),.UNSPECIFIED.);
#158=B_SPLINE_CURVE_WITH_KNOTS('',3,(#4456,#4457,#4458,#4459),
 .UNSPECIFIED.,.F.,.F.,(4,4),(0.,1.),.UNSPECIFIED.);
#159=B_SPLINE_CURVE_WITH_KNOTS('',2,(#4472,#4473,#4474),.UNSPECIFIED.,.F.,
 .F.,(3,3),(0.,1.),.UNSPECIFIED.);
#160=B_SPLINE_CURVE_WITH_KNOTS('',2,(#4485,#4486,#4487),.UNSPECIFIED.,.F.,
 .F.,(3,3),(0.,1.),.UNSPECIFIED.);
#161=B_SPLINE_CURVE_WITH_KNOTS('',2,(#4498,#4499,#4500),.UNSPECIFIED.,.F.,
 .F.,(3,3),(0.,1.),.UNSPECIFIED.);
#162=B_SPLINE_CURVE_WITH_KNOTS('',2,(#4511,#4512,#4513),.UNSPECIFIED.,.F.,
 .F.,(3,3),(0.,1.),.UNSPECIFIED.);
#163=B_SPLINE_CURVE_WITH_KNOTS('',2,(#4524,#4525,#4526),.UNSPECIFIED.,.F.,
 .F.,(3,3),(0.,1.),.UNSPECIFIED.);
#164=B_SPLINE_CURVE_WITH_KNOTS('',2,(#4539,#4540,#4541),.UNSPECIFIED.,.F.,
 .F.,(3,3),(0.,1.),.UNSPECIFIED.);
#165=B_SPLINE_CURVE_WITH_KNOTS('',2,(#4552,#4553,#4554),.UNSPECIFIED.,.F.,
 .F.,(3,3),(0.,1.),.UNSPECIFIED.);
#166=B_SPLINE_CURVE_WITH_KNOTS('',2,(#4565,#4566,#4567),.UNSPECIFIED.,.F.,
 .F.,(3,3),(0.,1.),.UNSPECIFIED.);
#167=B_SPLINE_CURVE_WITH_KNOTS('',2,(#4578,#4579,#4580),.UNSPECIFIED.,.F.,
 .F.,(3,3),(0.,1.),.UNSPECIFIED.);
#168=B_SPLINE_CURVE_WITH_KNOTS('',2,(#4592,#4593,#4594),.UNSPECIFIED.,.F.,
 .F.,(3,3),(0.,1.),.UNSPECIFIED.);
#169=B_SPLINE_CURVE_WITH_KNOTS('',3,(#4596,#4597,#4598,#4599),
 .UNSPECIFIED.,.F.,.F.,(4,4),(0.,1.),.UNSPECIFIED.);
#170=B_SPLINE_CURVE_WITH_KNOTS('',2,(#4601,#4602,#4603),.UNSPECIFIED.,.F.,
 .F.,(3,3),(0.,1.),.UNSPECIFIED.);
#171=B_SPLINE_CURVE_WITH_KNOTS('',2,(#4615,#4616,#4617),.UNSPECIFIED.,.F.,
 .F.,(3,3),(0.,1.),.UNSPECIFIED.);
#172=B_SPLINE_CURVE_WITH_KNOTS('',2,(#4618,#4619,#4620),.UNSPECIFIED.,.F.,
 .F.,(3,3),(0.,1.),.UNSPECIFIED.);
#173=B_SPLINE_CURVE_WITH_KNOTS('',2,(#4632,#4633,#4634),.UNSPECIFIED.,.F.,
 .F.,(3,3),(0.,1.),.UNSPECIFIED.);
#174=B_SPLINE_CURVE_WITH_KNOTS('',2,(#4635,#4636,#4637),.UNSPECIFIED.,.F.,
 .F.,(3,3),(0.,1.),.UNSPECIFIED.);
#175=B_SPLINE_CURVE_WITH_KNOTS('',3,(#4646,#4647,#4648,#4649),
 .UNSPECIFIED.,.F.,.F.,(4,4),(0.,1.),.UNSPECIFIED.);
#176=B_SPLINE_CURVE_WITH_KNOTS('',2,(#4652,#4653,#4654),.UNSPECIFIED.,.F.,
 .F.,(3,3),(0.,1.),.UNSPECIFIED.);
#177=B_SPLINE_CURVE_WITH_KNOTS('',2,(#4655,#4656,#4657),.UNSPECIFIED.,.F.,
 .F.,(3,3),(0.,1.),.UNSPECIFIED.);
#178=B_SPLINE_CURVE_WITH_KNOTS('',3,(#4659,#4660,#4661,#4662),
 .UNSPECIFIED.,.F.,.F.,(4,4),(0.,1.),.UNSPECIFIED.);
#179=B_SPLINE_CURVE_WITH_KNOTS('',2,(#4678,#4679,#4680),.UNSPECIFIED.,.F.,
 .F.,(3,3),(0.,1.),.UNSPECIFIED.);
#180=B_SPLINE_CURVE_WITH_KNOTS('',2,(#4681,#4682,#4683),.UNSPECIFIED.,.F.,
 .F.,(3,3),(0.,1.),.UNSPECIFIED.);
#181=B_SPLINE_CURVE_WITH_KNOTS('',3,(#4692,#4693,#4694,#4695),
 .UNSPECIFIED.,.F.,.F.,(4,4),(0.,1.),.UNSPECIFIED.);
#182=B_SPLINE_CURVE_WITH_KNOTS('',2,(#4698,#4699,#4700),.UNSPECIFIED.,.F.,
 .F.,(3,3),(0.,1.),.UNSPECIFIED.);
#183=B_SPLINE_CURVE_WITH_KNOTS('',2,(#4701,#4702,#4703),.UNSPECIFIED.,.F.,
 .F.,(3,3),(0.,1.),.UNSPECIFIED.);
#184=B_SPLINE_CURVE_WITH_KNOTS('',2,(#4715,#4716,#4717),.UNSPECIFIED.,.F.,
 .F.,(3,3),(0.,1.),.UNSPECIFIED.);
#185=B_SPLINE_CURVE_WITH_KNOTS('',2,(#4776,#4777,#4778),.UNSPECIFIED.,.F.,
 .F.,(3,3),(0.,1.),.UNSPECIFIED.);
#186=B_SPLINE_CURVE_WITH_KNOTS('',2,(#4780,#4781,#4782),.UNSPECIFIED.,.F.,
 .F.,(3,3),(0.,1.),.UNSPECIFIED.);
#187=B_SPLINE_CURVE_WITH_KNOTS('',2,(#4784,#4785,#4786),.UNSPECIFIED.,.F.,
 .F.,(3,3),(0.,1.),.UNSPECIFIED.);
#188=B_SPLINE_CURVE_WITH_KNOTS('',2,(#4788,#4789,#4790),.UNSPECIFIED.,.F.,
 .F.,(3,3),(0.,1.),.UNSPECIFIED.);
#189=B_SPLINE_CURVE_WITH_KNOTS('',2,(#4792,#4793,#4794),.UNSPECIFIED.,.F.,
 .F.,(3,3),(0.,1.),.UNSPECIFIED.);
#190=B_SPLINE_CURVE_WITH_KNOTS('',2,(#4796,#4797,#4798),.UNSPECIFIED.,.F.,
 .F.,(3,3),(0.,1.),.UNSPECIFIED.);
#191=B_SPLINE_CURVE_WITH_KNOTS('',2,(#4800,#4801,#4802),.UNSPECIFIED.,.F.,
 .F.,(3,3),(0.,1.),.UNSPECIFIED.);
#192=B_SPLINE_CURVE_WITH_KNOTS('',2,(#4806,#4807,#4808),.UNSPECIFIED.,.F.,
 .F.,(3,3),(0.,1.),.UNSPECIFIED.);
#193=B_SPLINE_CURVE_WITH_KNOTS('',2,(#4810,#4811,#4812),.UNSPECIFIED.,.F.,
 .F.,(3,3),(0.,1.),.UNSPECIFIED.);
#194=B_SPLINE_CURVE_WITH_KNOTS('',2,(#4814,#4815,#4816),.UNSPECIFIED.,.F.,
 .F.,(3,3),(0.,1.),.UNSPECIFIED.);
#195=B_SPLINE_CURVE_WITH_KNOTS('',2,(#4818,#4819,#4820),.UNSPECIFIED.,.F.,
 .F.,(3,3),(0.,1.),.UNSPECIFIED.);
#196=B_SPLINE_CURVE_WITH_KNOTS('',2,(#4822,#4823,#4824),.UNSPECIFIED.,.F.,
 .F.,(3,3),(0.,1.),.UNSPECIFIED.);
#197=B_SPLINE_CURVE_WITH_KNOTS('',2,(#4826,#4827,#4828),.UNSPECIFIED.,.F.,
 .F.,(3,3),(0.,1.),.UNSPECIFIED.);
#198=B_SPLINE_CURVE_WITH_KNOTS('',2,(#4841,#4842,#4843),.UNSPECIFIED.,.F.,
 .F.,(3,3),(0.,1.),.UNSPECIFIED.);
#199=B_SPLINE_CURVE_WITH_KNOTS('',2,(#4846,#4847,#4848),.UNSPECIFIED.,.F.,
 .F.,(3,3),(0.,1.),.UNSPECIFIED.);
#200=B_SPLINE_CURVE_WITH_KNOTS('',2,(#4850,#4851,#4852),.UNSPECIFIED.,.F.,
 .F.,(3,3),(0.,1.),.UNSPECIFIED.);
#201=B_SPLINE_CURVE_WITH_KNOTS('',2,(#4854,#4855,#4856),.UNSPECIFIED.,.F.,
 .F.,(3,3),(0.,1.),.UNSPECIFIED.);
#202=B_SPLINE_CURVE_WITH_KNOTS('',2,(#4858,#4859,#4860),.UNSPECIFIED.,.F.,
 .F.,(3,3),(0.,1.),.UNSPECIFIED.);
#203=B_SPLINE_CURVE_WITH_KNOTS('',2,(#4862,#4863,#4864),.UNSPECIFIED.,.F.,
 .F.,(3,3),(0.,1.),.UNSPECIFIED.);
#204=B_SPLINE_CURVE_WITH_KNOTS('',2,(#4866,#4867,#4868),.UNSPECIFIED.,.F.,
 .F.,(3,3),(0.,1.),.UNSPECIFIED.);
#205=B_SPLINE_CURVE_WITH_KNOTS('',2,(#4870,#4871,#4872),.UNSPECIFIED.,.F.,
 .F.,(3,3),(0.,1.),.UNSPECIFIED.);
#206=B_SPLINE_CURVE_WITH_KNOTS('',2,(#4925,#4926,#4927),.UNSPECIFIED.,.F.,
 .F.,(3,3),(0.,1.),.UNSPECIFIED.);
#207=B_SPLINE_CURVE_WITH_KNOTS('',3,(#4931,#4932,#4933,#4934),
 .UNSPECIFIED.,.F.,.F.,(4,4),(0.,1.),.UNSPECIFIED.);
#208=B_SPLINE_CURVE_WITH_KNOTS('',2,(#4949,#4950,#4951),.UNSPECIFIED.,.F.,
 .F.,(3,3),(0.,1.),.UNSPECIFIED.);
#209=B_SPLINE_CURVE_WITH_KNOTS('',2,(#4962,#4963,#4964),.UNSPECIFIED.,.F.,
 .F.,(3,3),(0.,1.),.UNSPECIFIED.);
#210=B_SPLINE_CURVE_WITH_KNOTS('',2,(#4975,#4976,#4977),.UNSPECIFIED.,.F.,
 .F.,(3,3),(0.,1.),.UNSPECIFIED.);
#211=B_SPLINE_CURVE_WITH_KNOTS('',2,(#4988,#4989,#4990),.UNSPECIFIED.,.F.,
 .F.,(3,3),(0.,1.),.UNSPECIFIED.);
#212=B_SPLINE_CURVE_WITH_KNOTS('',2,(#5001,#5002,#5003),.UNSPECIFIED.,.F.,
 .F.,(3,3),(0.,1.),.UNSPECIFIED.);
#213=B_SPLINE_CURVE_WITH_KNOTS('',2,(#5014,#5015,#5016),.UNSPECIFIED.,.F.,
 .F.,(3,3),(0.,1.),.UNSPECIFIED.);
#214=B_SPLINE_CURVE_WITH_KNOTS('',2,(#5027,#5028,#5029),.UNSPECIFIED.,.F.,
 .F.,(3,3),(0.,1.),.UNSPECIFIED.);
#215=B_SPLINE_CURVE_WITH_KNOTS('',2,(#5042,#5043,#5044),.UNSPECIFIED.,.F.,
 .F.,(3,3),(0.,1.),.UNSPECIFIED.);
#216=B_SPLINE_CURVE_WITH_KNOTS('',2,(#5055,#5056,#5057),.UNSPECIFIED.,.F.,
 .F.,(3,3),(0.,1.),.UNSPECIFIED.);
#217=B_SPLINE_CURVE_WITH_KNOTS('',2,(#5068,#5069,#5070),.UNSPECIFIED.,.F.,
 .F.,(3,3),(0.,1.),.UNSPECIFIED.);
#218=B_SPLINE_CURVE_WITH_KNOTS('',2,(#5081,#5082,#5083),.UNSPECIFIED.,.F.,
 .F.,(3,3),(0.,1.),.UNSPECIFIED.);
#219=B_SPLINE_CURVE_WITH_KNOTS('',2,(#5092,#5093,#5094),.UNSPECIFIED.,.F.,
 .F.,(3,3),(0.,1.),.UNSPECIFIED.);
#220=B_SPLINE_CURVE_WITH_KNOTS('',2,(#5130,#5131,#5132),.UNSPECIFIED.,.F.,
 .F.,(3,3),(0.,1.),.UNSPECIFIED.);
#221=B_SPLINE_CURVE_WITH_KNOTS('',2,(#5145,#5146,#5147),.UNSPECIFIED.,.F.,
 .F.,(3,3),(0.,1.),.UNSPECIFIED.);
#222=B_SPLINE_CURVE_WITH_KNOTS('',2,(#5158,#5159,#5160),.UNSPECIFIED.,.F.,
 .F.,(3,3),(0.,1.),.UNSPECIFIED.);
#223=B_SPLINE_CURVE_WITH_KNOTS('',2,(#5171,#5172,#5173),.UNSPECIFIED.,.F.,
 .F.,(3,3),(0.,1.),.UNSPECIFIED.);
#224=B_SPLINE_CURVE_WITH_KNOTS('',2,(#5184,#5185,#5186),.UNSPECIFIED.,.F.,
 .F.,(3,3),(0.,1.),.UNSPECIFIED.);
#225=B_SPLINE_CURVE_WITH_KNOTS('',2,(#5197,#5198,#5199),.UNSPECIFIED.,.F.,
 .F.,(3,3),(0.,1.),.UNSPECIFIED.);
#226=B_SPLINE_CURVE_WITH_KNOTS('',2,(#5210,#5211,#5212),.UNSPECIFIED.,.F.,
 .F.,(3,3),(0.,1.),.UNSPECIFIED.);
#227=B_SPLINE_CURVE_WITH_KNOTS('',2,(#5224,#5225,#5226),.UNSPECIFIED.,.F.,
 .F.,(3,3),(0.,1.),.UNSPECIFIED.);
#228=B_SPLINE_CURVE_WITH_KNOTS('',2,(#5230,#5231,#5232),.UNSPECIFIED.,.F.,
 .F.,(3,3),(0.,1.),.UNSPECIFIED.);
#229=B_SPLINE_CURVE_WITH_KNOTS('',2,(#5244,#5245,#5246),.UNSPECIFIED.,.F.,
 .F.,(3,3),(0.,1.),.UNSPECIFIED.);
#230=B_SPLINE_CURVE_WITH_KNOTS('',2,(#5247,#5248,#5249),.UNSPECIFIED.,.F.,
 .F.,(3,3),(0.,1.),.UNSPECIFIED.);
#231=B_SPLINE_CURVE_WITH_KNOTS('',2,(#5261,#5262,#5263),.UNSPECIFIED.,.F.,
 .F.,(3,3),(0.,1.),.UNSPECIFIED.);
#232=B_SPLINE_CURVE_WITH_KNOTS('',2,(#5264,#5265,#5266),.UNSPECIFIED.,.F.,
 .F.,(3,3),(0.,1.),.UNSPECIFIED.);
#233=B_SPLINE_CURVE_WITH_KNOTS('',2,(#5278,#5279,#5280),.UNSPECIFIED.,.F.,
 .F.,(3,3),(0.,1.),.UNSPECIFIED.);
#234=B_SPLINE_CURVE_WITH_KNOTS('',2,(#5281,#5282,#5283),.UNSPECIFIED.,.F.,
 .F.,(3,3),(0.,1.),.UNSPECIFIED.);
#235=B_SPLINE_CURVE_WITH_KNOTS('',2,(#5295,#5296,#5297),.UNSPECIFIED.,.F.,
 .F.,(3,3),(0.,1.),.UNSPECIFIED.);
#236=B_SPLINE_CURVE_WITH_KNOTS('',2,(#5298,#5299,#5300),.UNSPECIFIED.,.F.,
 .F.,(3,3),(0.,1.),.UNSPECIFIED.);
#237=B_SPLINE_CURVE_WITH_KNOTS('',2,(#5312,#5313,#5314),.UNSPECIFIED.,.F.,
 .F.,(3,3),(0.,1.),.UNSPECIFIED.);
#238=B_SPLINE_CURVE_WITH_KNOTS('',2,(#5315,#5316,#5317),.UNSPECIFIED.,.F.,
 .F.,(3,3),(0.,1.),.UNSPECIFIED.);
#239=B_SPLINE_CURVE_WITH_KNOTS('',2,(#5329,#5330,#5331),.UNSPECIFIED.,.F.,
 .F.,(3,3),(0.,1.),.UNSPECIFIED.);
#240=B_SPLINE_CURVE_WITH_KNOTS('',2,(#5332,#5333,#5334),.UNSPECIFIED.,.F.,
 .F.,(3,3),(0.,1.),.UNSPECIFIED.);
#241=B_SPLINE_CURVE_WITH_KNOTS('',2,(#5346,#5347,#5348),.UNSPECIFIED.,.F.,
 .F.,(3,3),(0.,1.),.UNSPECIFIED.);
#242=B_SPLINE_CURVE_WITH_KNOTS('',2,(#5349,#5350,#5351),.UNSPECIFIED.,.F.,
 .F.,(3,3),(0.,1.),.UNSPECIFIED.);
#243=B_SPLINE_CURVE_WITH_KNOTS('',2,(#5363,#5364,#5365),.UNSPECIFIED.,.F.,
 .F.,(3,3),(0.,1.),.UNSPECIFIED.);
#244=B_SPLINE_CURVE_WITH_KNOTS('',2,(#5366,#5367,#5368),.UNSPECIFIED.,.F.,
 .F.,(3,3),(0.,1.),.UNSPECIFIED.);
#245=B_SPLINE_CURVE_WITH_KNOTS('',2,(#5380,#5381,#5382),.UNSPECIFIED.,.F.,
 .F.,(3,3),(0.,1.),.UNSPECIFIED.);
#246=B_SPLINE_CURVE_WITH_KNOTS('',2,(#5383,#5384,#5385),.UNSPECIFIED.,.F.,
 .F.,(3,3),(0.,1.),.UNSPECIFIED.);
#247=B_SPLINE_CURVE_WITH_KNOTS('',2,(#5397,#5398,#5399),.UNSPECIFIED.,.F.,
 .F.,(3,3),(0.,1.),.UNSPECIFIED.);
#248=B_SPLINE_CURVE_WITH_KNOTS('',2,(#5400,#5401,#5402),.UNSPECIFIED.,.F.,
 .F.,(3,3),(0.,1.),.UNSPECIFIED.);
#249=B_SPLINE_CURVE_WITH_KNOTS('',2,(#5411,#5412,#5413),.UNSPECIFIED.,.F.,
 .F.,(3,3),(0.,1.),.UNSPECIFIED.);
#250=B_SPLINE_CURVE_WITH_KNOTS('',2,(#5414,#5415,#5416),.UNSPECIFIED.,.F.,
 .F.,(3,3),(0.,1.),.UNSPECIFIED.);
#251=B_SPLINE_CURVE_WITH_KNOTS('',2,(#5425,#5426,#5427),.UNSPECIFIED.,.F.,
 .F.,(3,3),(0.,1.),.UNSPECIFIED.);
#252=B_SPLINE_CURVE_WITH_KNOTS('',2,(#5509,#5510,#5511),.UNSPECIFIED.,.F.,
 .F.,(3,3),(0.,1.),.UNSPECIFIED.);
#253=B_SPLINE_CURVE_WITH_KNOTS('',2,(#5513,#5514,#5515),.UNSPECIFIED.,.F.,
 .F.,(3,3),(0.,1.),.UNSPECIFIED.);
#254=B_SPLINE_CURVE_WITH_KNOTS('',2,(#5517,#5518,#5519),.UNSPECIFIED.,.F.,
 .F.,(3,3),(0.,1.),.UNSPECIFIED.);
#255=B_SPLINE_CURVE_WITH_KNOTS('',2,(#5521,#5522,#5523),.UNSPECIFIED.,.F.,
 .F.,(3,3),(0.,1.),.UNSPECIFIED.);
#256=B_SPLINE_CURVE_WITH_KNOTS('',2,(#5525,#5526,#5527),.UNSPECIFIED.,.F.,
 .F.,(3,3),(0.,1.),.UNSPECIFIED.);
#257=B_SPLINE_CURVE_WITH_KNOTS('',2,(#5529,#5530,#5531),.UNSPECIFIED.,.F.,
 .F.,(3,3),(0.,1.),.UNSPECIFIED.);
#258=B_SPLINE_CURVE_WITH_KNOTS('',2,(#5533,#5534,#5535),.UNSPECIFIED.,.F.,
 .F.,(3,3),(0.,1.),.UNSPECIFIED.);
#259=B_SPLINE_CURVE_WITH_KNOTS('',2,(#5537,#5538,#5539),.UNSPECIFIED.,.F.,
 .F.,(3,3),(0.,1.),.UNSPECIFIED.);
#260=B_SPLINE_CURVE_WITH_KNOTS('',2,(#5541,#5542,#5543),.UNSPECIFIED.,.F.,
 .F.,(3,3),(0.,1.),.UNSPECIFIED.);
#261=B_SPLINE_CURVE_WITH_KNOTS('',2,(#5545,#5546,#5547),.UNSPECIFIED.,.F.,
 .F.,(3,3),(0.,1.),.UNSPECIFIED.);
#262=B_SPLINE_CURVE_WITH_KNOTS('',2,(#5551,#5552,#5553),.UNSPECIFIED.,.F.,
 .F.,(3,3),(0.,1.),.UNSPECIFIED.);
#263=B_SPLINE_CURVE_WITH_KNOTS('',2,(#5555,#5556,#5557),.UNSPECIFIED.,.F.,
 .F.,(3,3),(0.,1.),.UNSPECIFIED.);
#264=B_SPLINE_CURVE_WITH_KNOTS('',2,(#5559,#5560,#5561),.UNSPECIFIED.,.F.,
 .F.,(3,3),(0.,1.),.UNSPECIFIED.);
#265=B_SPLINE_CURVE_WITH_KNOTS('',2,(#5562,#5563,#5564),.UNSPECIFIED.,.F.,
 .F.,(3,3),(0.,1.),.UNSPECIFIED.);
#266=B_SPLINE_CURVE_WITH_KNOTS('',2,(#5567,#5568,#5569),.UNSPECIFIED.,.F.,
 .F.,(3,3),(0.,1.),.UNSPECIFIED.);
#267=B_SPLINE_CURVE_WITH_KNOTS('',2,(#5571,#5572,#5573),.UNSPECIFIED.,.F.,
 .F.,(3,3),(0.,1.),.UNSPECIFIED.);
#268=B_SPLINE_CURVE_WITH_KNOTS('',2,(#5575,#5576,#5577),.UNSPECIFIED.,.F.,
 .F.,(3,3),(0.,1.),.UNSPECIFIED.);
#269=B_SPLINE_CURVE_WITH_KNOTS('',2,(#5579,#5580,#5581),.UNSPECIFIED.,.F.,
 .F.,(3,3),(0.,1.),.UNSPECIFIED.);
#270=B_SPLINE_CURVE_WITH_KNOTS('',2,(#5583,#5584,#5585),.UNSPECIFIED.,.F.,
 .F.,(3,3),(0.,1.),.UNSPECIFIED.);
#271=B_SPLINE_CURVE_WITH_KNOTS('',2,(#5587,#5588,#5589),.UNSPECIFIED.,.F.,
 .F.,(3,3),(0.,1.),.UNSPECIFIED.);
#272=B_SPLINE_CURVE_WITH_KNOTS('',2,(#5591,#5592,#5593),.UNSPECIFIED.,.F.,
 .F.,(3,3),(0.,1.),.UNSPECIFIED.);
#273=B_SPLINE_CURVE_WITH_KNOTS('',2,(#5597,#5598,#5599),.UNSPECIFIED.,.F.,
 .F.,(3,3),(0.,1.),.UNSPECIFIED.);
#274=B_SPLINE_CURVE_WITH_KNOTS('',2,(#5601,#5602,#5603),.UNSPECIFIED.,.F.,
 .F.,(3,3),(0.,1.),.UNSPECIFIED.);
#275=B_SPLINE_CURVE_WITH_KNOTS('',2,(#5605,#5606,#5607),.UNSPECIFIED.,.F.,
 .F.,(3,3),(0.,1.),.UNSPECIFIED.);
#276=B_SPLINE_CURVE_WITH_KNOTS('',2,(#5609,#5610,#5611),.UNSPECIFIED.,.F.,
 .F.,(3,3),(0.,1.),.UNSPECIFIED.);
#277=B_SPLINE_CURVE_WITH_KNOTS('',2,(#5615,#5616,#5617),.UNSPECIFIED.,.F.,
 .F.,(3,3),(0.,1.),.UNSPECIFIED.);
#278=B_SPLINE_CURVE_WITH_KNOTS('',2,(#5619,#5620,#5621),.UNSPECIFIED.,.F.,
 .F.,(3,3),(0.,1.),.UNSPECIFIED.);
#279=B_SPLINE_CURVE_WITH_KNOTS('',3,(#5665,#5666,#5667,#5668),
 .UNSPECIFIED.,.F.,.F.,(4,4),(4.16666666447349E-7,1.),.UNSPECIFIED.);
#280=B_SPLINE_CURVE_WITH_KNOTS('',3,(#5672,#5673,#5674,#5675),
 .UNSPECIFIED.,.F.,.F.,(4,4),(0.,1.),.UNSPECIFIED.);
#281=B_SPLINE_CURVE_WITH_KNOTS('',3,(#5677,#5678,#5679,#5680),
 .UNSPECIFIED.,.F.,.F.,(4,4),(0.,1.),.UNSPECIFIED.);
#282=B_SPLINE_CURVE_WITH_KNOTS('',2,(#5693,#5694,#5695),.UNSPECIFIED.,.F.,
 .F.,(3,3),(0.,1.),.UNSPECIFIED.);
#283=B_SPLINE_CURVE_WITH_KNOTS('',2,(#5706,#5707,#5708),.UNSPECIFIED.,.F.,
 .F.,(3,3),(0.,1.),.UNSPECIFIED.);
#284=B_SPLINE_CURVE_WITH_KNOTS('',2,(#5719,#5720,#5721),.UNSPECIFIED.,.F.,
 .F.,(3,3),(0.,1.),.UNSPECIFIED.);
#285=B_SPLINE_CURVE_WITH_KNOTS('',2,(#5732,#5733,#5734),.UNSPECIFIED.,.F.,
 .F.,(3,3),(0.,1.),.UNSPECIFIED.);
#286=B_SPLINE_CURVE_WITH_KNOTS('',2,(#5747,#5748,#5749),.UNSPECIFIED.,.F.,
 .F.,(3,3),(0.,1.),.UNSPECIFIED.);
#287=B_SPLINE_CURVE_WITH_KNOTS('',2,(#5760,#5761,#5762),.UNSPECIFIED.,.F.,
 .F.,(3,3),(0.,1.),.UNSPECIFIED.);
#288=B_SPLINE_CURVE_WITH_KNOTS('',2,(#5773,#5774,#5775),.UNSPECIFIED.,.F.,
 .F.,(3,3),(0.,1.),.UNSPECIFIED.);
#289=B_SPLINE_CURVE_WITH_KNOTS('',2,(#5786,#5787,#5788),.UNSPECIFIED.,.F.,
 .F.,(3,3),(0.,1.),.UNSPECIFIED.);
#290=B_SPLINE_CURVE_WITH_KNOTS('',2,(#5799,#5800,#5801),.UNSPECIFIED.,.F.,
 .F.,(3,3),(0.,1.),.UNSPECIFIED.);
#291=B_SPLINE_CURVE_WITH_KNOTS('',2,(#5812,#5813,#5814),.UNSPECIFIED.,.F.,
 .F.,(3,3),(0.,1.),.UNSPECIFIED.);
#292=B_SPLINE_CURVE_WITH_KNOTS('',2,(#5825,#5826,#5827),.UNSPECIFIED.,.F.,
 .F.,(3,3),(0.,1.),.UNSPECIFIED.);
#293=B_SPLINE_CURVE_WITH_KNOTS('',2,(#5838,#5839,#5840),.UNSPECIFIED.,.F.,
 .F.,(3,3),(0.,1.),.UNSPECIFIED.);
#294=B_SPLINE_CURVE_WITH_KNOTS('',2,(#5852,#5853,#5854),.UNSPECIFIED.,.F.,
 .F.,(3,3),(0.,1.),.UNSPECIFIED.);
#295=B_SPLINE_CURVE_WITH_KNOTS('',2,(#5858,#5859,#5860),.UNSPECIFIED.,.F.,
 .F.,(3,3),(0.,1.),.UNSPECIFIED.);
#296=B_SPLINE_CURVE_WITH_KNOTS('',2,(#5872,#5873,#5874),.UNSPECIFIED.,.F.,
 .F.,(3,3),(0.,1.),.UNSPECIFIED.);
#297=B_SPLINE_CURVE_WITH_KNOTS('',2,(#5875,#5876,#5877),.UNSPECIFIED.,.F.,
 .F.,(3,3),(0.,1.),.UNSPECIFIED.);
#298=B_SPLINE_CURVE_WITH_KNOTS('',2,(#5889,#5890,#5891),.UNSPECIFIED.,.F.,
 .F.,(3,3),(0.,1.),.UNSPECIFIED.);
#299=B_SPLINE_CURVE_WITH_KNOTS('',2,(#5892,#5893,#5894),.UNSPECIFIED.,.F.,
 .F.,(3,3),(0.,1.),.UNSPECIFIED.);
#300=B_SPLINE_CURVE_WITH_KNOTS('',2,(#5906,#5907,#5908),.UNSPECIFIED.,.F.,
 .F.,(3,3),(0.,1.),.UNSPECIFIED.);
#301=B_SPLINE_CURVE_WITH_KNOTS('',2,(#5909,#5910,#5911),.UNSPECIFIED.,.F.,
 .F.,(3,3),(0.,1.),.UNSPECIFIED.);
#302=B_SPLINE_CURVE_WITH_KNOTS('',2,(#5923,#5924,#5925),.UNSPECIFIED.,.F.,
 .F.,(3,3),(0.,1.),.UNSPECIFIED.);
#303=B_SPLINE_CURVE_WITH_KNOTS('',2,(#5926,#5927,#5928),.UNSPECIFIED.,.F.,
 .F.,(3,3),(0.,1.),.UNSPECIFIED.);
#304=B_SPLINE_CURVE_WITH_KNOTS('',2,(#5940,#5941,#5942),.UNSPECIFIED.,.F.,
 .F.,(3,3),(0.,1.),.UNSPECIFIED.);
#305=B_SPLINE_CURVE_WITH_KNOTS('',2,(#5943,#5944,#5945),.UNSPECIFIED.,.F.,
 .F.,(3,3),(0.,1.),.UNSPECIFIED.);
#306=B_SPLINE_CURVE_WITH_KNOTS('',2,(#5957,#5958,#5959),.UNSPECIFIED.,.F.,
 .F.,(3,3),(0.,1.),.UNSPECIFIED.);
#307=B_SPLINE_CURVE_WITH_KNOTS('',2,(#5960,#5961,#5962),.UNSPECIFIED.,.F.,
 .F.,(3,3),(0.,1.),.UNSPECIFIED.);
#308=B_SPLINE_CURVE_WITH_KNOTS('',2,(#5971,#5972,#5973),.UNSPECIFIED.,.F.,
 .F.,(3,3),(0.,1.),.UNSPECIFIED.);
#309=B_SPLINE_CURVE_WITH_KNOTS('',2,(#5974,#5975,#5976),.UNSPECIFIED.,.F.,
 .F.,(3,3),(0.,1.),.UNSPECIFIED.);
#310=B_SPLINE_CURVE_WITH_KNOTS('',2,(#5985,#5986,#5987),.UNSPECIFIED.,.F.,
 .F.,(3,3),(0.,1.),.UNSPECIFIED.);
#311=B_SPLINE_CURVE_WITH_KNOTS('',2,(#6002,#6003,#6004),.UNSPECIFIED.,.F.,
 .F.,(3,3),(0.,1.),.UNSPECIFIED.);
#312=B_SPLINE_CURVE_WITH_KNOTS('',2,(#6017,#6018,#6019),.UNSPECIFIED.,.F.,
 .F.,(3,3),(0.,1.),.UNSPECIFIED.);
#313=B_SPLINE_CURVE_WITH_KNOTS('',2,(#6030,#6031,#6032),.UNSPECIFIED.,.F.,
 .F.,(3,3),(0.,1.),.UNSPECIFIED.);
#314=B_SPLINE_CURVE_WITH_KNOTS('',3,(#6041,#6042,#6043,#6044),
 .UNSPECIFIED.,.F.,.F.,(4,4),(0.,1.),.UNSPECIFIED.);
#315=B_SPLINE_CURVE_WITH_KNOTS('',2,(#6046,#6047,#6048),.UNSPECIFIED.,.F.,
 .F.,(3,3),(0.,1.),.UNSPECIFIED.);
#316=B_SPLINE_CURVE_WITH_KNOTS('',3,(#6050,#6051,#6052,#6053),
 .UNSPECIFIED.,.F.,.F.,(4,4),(0.,1.),.UNSPECIFIED.);
#317=B_SPLINE_CURVE_WITH_KNOTS('',2,(#6066,#6067,#6068),.UNSPECIFIED.,.F.,
 .F.,(3,3),(0.,1.),.UNSPECIFIED.);
#318=B_SPLINE_CURVE_WITH_KNOTS('',2,(#6079,#6080,#6081),.UNSPECIFIED.,.F.,
 .F.,(3,3),(0.,1.),.UNSPECIFIED.);
#319=B_SPLINE_CURVE_WITH_KNOTS('',2,(#6092,#6093,#6094),.UNSPECIFIED.,.F.,
 .F.,(3,3),(0.,1.),.UNSPECIFIED.);
#320=B_SPLINE_CURVE_WITH_KNOTS('',2,(#6105,#6106,#6107),.UNSPECIFIED.,.F.,
 .F.,(3,3),(0.,1.),.UNSPECIFIED.);
#321=B_SPLINE_CURVE_WITH_KNOTS('',2,(#6118,#6119,#6120),.UNSPECIFIED.,.F.,
 .F.,(3,3),(0.,1.),.UNSPECIFIED.);
#322=B_SPLINE_CURVE_WITH_KNOTS('',2,(#6133,#6134,#6135),.UNSPECIFIED.,.F.,
 .F.,(3,3),(0.,1.),.UNSPECIFIED.);
#323=B_SPLINE_CURVE_WITH_KNOTS('',2,(#6146,#6147,#6148),.UNSPECIFIED.,.F.,
 .F.,(3,3),(0.,1.),.UNSPECIFIED.);
#324=B_SPLINE_CURVE_WITH_KNOTS('',2,(#6159,#6160,#6161),.UNSPECIFIED.,.F.,
 .F.,(3,3),(0.,1.),.UNSPECIFIED.);
#325=B_SPLINE_CURVE_WITH_KNOTS('',2,(#6172,#6173,#6174),.UNSPECIFIED.,.F.,
 .F.,(3,3),(0.,1.),.UNSPECIFIED.);
#326=B_SPLINE_CURVE_WITH_KNOTS('',2,(#6186,#6187,#6188),.UNSPECIFIED.,.F.,
 .F.,(3,3),(0.,1.),.UNSPECIFIED.);
#327=B_SPLINE_CURVE_WITH_KNOTS('',3,(#6190,#6191,#6192,#6193),
 .UNSPECIFIED.,.F.,.F.,(4,4),(0.,1.),.UNSPECIFIED.);
#328=B_SPLINE_CURVE_WITH_KNOTS('',2,(#6195,#6196,#6197),.UNSPECIFIED.,.F.,
 .F.,(3,3),(0.,1.),.UNSPECIFIED.);
#329=B_SPLINE_CURVE_WITH_KNOTS('',2,(#6209,#6210,#6211),.UNSPECIFIED.,.F.,
 .F.,(3,3),(0.,1.),.UNSPECIFIED.);
#330=B_SPLINE_CURVE_WITH_KNOTS('',2,(#6212,#6213,#6214),.UNSPECIFIED.,.F.,
 .F.,(3,3),(0.,1.),.UNSPECIFIED.);
#331=B_SPLINE_CURVE_WITH_KNOTS('',2,(#6226,#6227,#6228),.UNSPECIFIED.,.F.,
 .F.,(3,3),(0.,1.),.UNSPECIFIED.);
#332=B_SPLINE_CURVE_WITH_KNOTS('',2,(#6229,#6230,#6231),.UNSPECIFIED.,.F.,
 .F.,(3,3),(0.,1.),.UNSPECIFIED.);
#333=B_SPLINE_CURVE_WITH_KNOTS('',3,(#6240,#6241,#6242,#6243),
 .UNSPECIFIED.,.F.,.F.,(4,4),(0.,1.),.UNSPECIFIED.);
#334=B_SPLINE_CURVE_WITH_KNOTS('',2,(#6246,#6247,#6248),.UNSPECIFIED.,.F.,
 .F.,(3,3),(0.,1.),.UNSPECIFIED.);
#335=B_SPLINE_CURVE_WITH_KNOTS('',2,(#6249,#6250,#6251),.UNSPECIFIED.,.F.,
 .F.,(3,3),(0.,1.),.UNSPECIFIED.);
#336=B_SPLINE_CURVE_WITH_KNOTS('',3,(#6253,#6254,#6255,#6256),
 .UNSPECIFIED.,.F.,.F.,(4,4),(0.,1.),.UNSPECIFIED.);
#337=B_SPLINE_CURVE_WITH_KNOTS('',2,(#6272,#6273,#6274),.UNSPECIFIED.,.F.,
 .F.,(3,3),(0.,1.),.UNSPECIFIED.);
#338=B_SPLINE_CURVE_WITH_KNOTS('',2,(#6275,#6276,#6277),.UNSPECIFIED.,.F.,
 .F.,(3,3),(0.,1.),.UNSPECIFIED.);
#339=B_SPLINE_CURVE_WITH_KNOTS('',3,(#6286,#6287,#6288,#6289),
 .UNSPECIFIED.,.F.,.F.,(4,4),(0.,1.),.UNSPECIFIED.);
#340=B_SPLINE_CURVE_WITH_KNOTS('',2,(#6292,#6293,#6294),.UNSPECIFIED.,.F.,
 .F.,(3,3),(0.,1.),.UNSPECIFIED.);
#341=B_SPLINE_CURVE_WITH_KNOTS('',2,(#6295,#6296,#6297),.UNSPECIFIED.,.F.,
 .F.,(3,3),(0.,1.),.UNSPECIFIED.);
#342=B_SPLINE_CURVE_WITH_KNOTS('',2,(#6309,#6310,#6311),.UNSPECIFIED.,.F.,
 .F.,(3,3),(0.,1.),.UNSPECIFIED.);
#343=CIRCLE('',#3500,0.0356328925209271);
#344=CIRCLE('',#3501,0.00707208107831326);
#345=CIRCLE('',#3502,0.00468392282925576);
#346=CIRCLE('',#3503,0.00366111442873026);
#347=CIRCLE('',#3504,0.0034179559684554);
#348=CIRCLE('',#3505,0.00491271360811753);
#349=CIRCLE('',#3506,0.0045);
#350=CIRCLE('',#3507,0.00111447386093133);
#351=CIRCLE('',#3515,0.00454790245417143);
#352=CIRCLE('',#3517,0.00354818578042729);
#353=CIRCLE('',#3519,0.00491271360811753);
#354=CIRCLE('',#3521,0.0034179559684554);
#355=CIRCLE('',#3523,0.00366111442873026);
#356=CIRCLE('',#3525,0.00468392282925576);
#357=CIRCLE('',#3527,0.00707208107831326);
#358=CIRCLE('',#3529,0.0356328925209271);
#359=CIRCLE('',#3537,0.00111447386093133);
#360=CIRCLE('',#3539,0.000481814258135008);
#361=CIRCLE('',#3540,0.000481814258135008);
#362=CIRCLE('',#3542,0.000531544935211714);
#363=CIRCLE('',#3543,0.000531544935211714);
#364=CIRCLE('',#3556,0.005);
#365=CIRCLE('',#3557,0.000628047375276565);
#366=CIRCLE('',#3565,0.00362081759459102);
#367=CIRCLE('',#3567,0.0026225844428562);
#368=CIRCLE('',#3569,0.000628047375276565);
#369=CIRCLE('',#3601,0.0045);
#370=CIRCLE('',#3602,0.000793251535017619);
#371=CIRCLE('',#3603,0.00106996831454702);
#372=CIRCLE('',#3604,0.00111447386093135);
#373=CIRCLE('',#3612,0.00407206612329442);
#374=CIRCLE('',#3614,0.00307270326894687);
#375=CIRCLE('',#3616,0.00106996831454702);
#376=CIRCLE('',#3618,0.000793251535017619);
#377=CIRCLE('',#3623,0.00111447386093135);
#378=CIRCLE('',#3625,0.000481814258134958);
#379=CIRCLE('',#3626,0.000481814258134958);
#380=CIRCLE('',#3628,0.000531544935248861);
#381=CIRCLE('',#3629,0.000531544935248861);
#382=ORIENTED_EDGE('',*,*,#1396,.F.);
#383=ORIENTED_EDGE('',*,*,#1397,.F.);
#384=ORIENTED_EDGE('',*,*,#1398,.F.);
#385=ORIENTED_EDGE('',*,*,#1399,.T.);
#386=ORIENTED_EDGE('',*,*,#1400,.T.);
#387=ORIENTED_EDGE('',*,*,#1401,.T.);
#388=ORIENTED_EDGE('',*,*,#1402,.T.);
#389=ORIENTED_EDGE('',*,*,#1403,.F.);
#390=ORIENTED_EDGE('',*,*,#1404,.T.);
#391=ORIENTED_EDGE('',*,*,#1405,.T.);
#392=ORIENTED_EDGE('',*,*,#1406,.T.);
#393=ORIENTED_EDGE('',*,*,#1407,.F.);
#394=ORIENTED_EDGE('',*,*,#1408,.T.);
#395=ORIENTED_EDGE('',*,*,#1409,.F.);
#396=ORIENTED_EDGE('',*,*,#1410,.T.);
#397=ORIENTED_EDGE('',*,*,#1411,.T.);
#398=ORIENTED_EDGE('',*,*,#1412,.T.);
#399=ORIENTED_EDGE('',*,*,#1413,.T.);
#400=ORIENTED_EDGE('',*,*,#1414,.F.);
#401=ORIENTED_EDGE('',*,*,#1415,.T.);
#402=ORIENTED_EDGE('',*,*,#1416,.T.);
#403=ORIENTED_EDGE('',*,*,#1417,.T.);
#404=ORIENTED_EDGE('',*,*,#1418,.T.);
#405=ORIENTED_EDGE('',*,*,#1419,.T.);
#406=ORIENTED_EDGE('',*,*,#1420,.T.);
#407=ORIENTED_EDGE('',*,*,#1421,.T.);
#408=ORIENTED_EDGE('',*,*,#1422,.T.);
#409=ORIENTED_EDGE('',*,*,#1423,.F.);
#410=ORIENTED_EDGE('',*,*,#1424,.T.);
#411=ORIENTED_EDGE('',*,*,#1425,.T.);
#412=ORIENTED_EDGE('',*,*,#1426,.T.);
#413=ORIENTED_EDGE('',*,*,#1427,.T.);
#414=ORIENTED_EDGE('',*,*,#1428,.T.);
#415=ORIENTED_EDGE('',*,*,#1429,.T.);
#416=ORIENTED_EDGE('',*,*,#1430,.T.);
#417=ORIENTED_EDGE('',*,*,#1431,.T.);
#418=ORIENTED_EDGE('',*,*,#1432,.T.);
#419=ORIENTED_EDGE('',*,*,#1433,.F.);
#420=ORIENTED_EDGE('',*,*,#1409,.T.);
#421=ORIENTED_EDGE('',*,*,#1433,.T.);
#422=ORIENTED_EDGE('',*,*,#1434,.T.);
#423=ORIENTED_EDGE('',*,*,#1435,.F.);
#424=ORIENTED_EDGE('',*,*,#1410,.F.);
#425=ORIENTED_EDGE('',*,*,#1435,.T.);
#426=ORIENTED_EDGE('',*,*,#1436,.T.);
#427=ORIENTED_EDGE('',*,*,#1437,.F.);
#428=ORIENTED_EDGE('',*,*,#1411,.F.);
#429=ORIENTED_EDGE('',*,*,#1437,.T.);
#430=ORIENTED_EDGE('',*,*,#1438,.T.);
#431=ORIENTED_EDGE('',*,*,#1439,.F.);
#432=ORIENTED_EDGE('',*,*,#1412,.F.);
#433=ORIENTED_EDGE('',*,*,#1439,.T.);
#434=ORIENTED_EDGE('',*,*,#1440,.T.);
#435=ORIENTED_EDGE('',*,*,#1441,.F.);
#436=ORIENTED_EDGE('',*,*,#1413,.F.);
#437=ORIENTED_EDGE('',*,*,#1441,.T.);
#438=ORIENTED_EDGE('',*,*,#1442,.T.);
#439=ORIENTED_EDGE('',*,*,#1431,.F.);
#440=ORIENTED_EDGE('',*,*,#1414,.T.);
#441=ORIENTED_EDGE('',*,*,#1443,.T.);
#442=ORIENTED_EDGE('',*,*,#1444,.T.);
#443=ORIENTED_EDGE('',*,*,#1445,.T.);
#444=ORIENTED_EDGE('',*,*,#1446,.T.);
#445=ORIENTED_EDGE('',*,*,#1447,.T.);
#446=ORIENTED_EDGE('',*,*,#1448,.T.);
#447=ORIENTED_EDGE('',*,*,#1449,.T.);
#448=ORIENTED_EDGE('',*,*,#1450,.T.);
#449=ORIENTED_EDGE('',*,*,#1408,.F.);
#450=ORIENTED_EDGE('',*,*,#1451,.F.);
#451=ORIENTED_EDGE('',*,*,#1452,.T.);
#452=ORIENTED_EDGE('',*,*,#1453,.T.);
#453=ORIENTED_EDGE('',*,*,#1406,.F.);
#454=ORIENTED_EDGE('',*,*,#1454,.F.);
#455=ORIENTED_EDGE('',*,*,#1455,.T.);
#456=ORIENTED_EDGE('',*,*,#1451,.T.);
#457=ORIENTED_EDGE('',*,*,#1405,.F.);
#458=ORIENTED_EDGE('',*,*,#1456,.F.);
#459=ORIENTED_EDGE('',*,*,#1457,.T.);
#460=ORIENTED_EDGE('',*,*,#1454,.T.);
#461=ORIENTED_EDGE('',*,*,#1404,.F.);
#462=ORIENTED_EDGE('',*,*,#1458,.F.);
#463=ORIENTED_EDGE('',*,*,#1459,.T.);
#464=ORIENTED_EDGE('',*,*,#1460,.T.);
#465=ORIENTED_EDGE('',*,*,#1402,.F.);
#466=ORIENTED_EDGE('',*,*,#1461,.F.);
#467=ORIENTED_EDGE('',*,*,#1462,.T.);
#468=ORIENTED_EDGE('',*,*,#1458,.T.);
#469=ORIENTED_EDGE('',*,*,#1401,.F.);
#470=ORIENTED_EDGE('',*,*,#1463,.F.);
#471=ORIENTED_EDGE('',*,*,#1464,.T.);
#472=ORIENTED_EDGE('',*,*,#1461,.T.);
#473=ORIENTED_EDGE('',*,*,#1400,.F.);
#474=ORIENTED_EDGE('',*,*,#1465,.F.);
#475=ORIENTED_EDGE('',*,*,#1466,.T.);
#476=ORIENTED_EDGE('',*,*,#1463,.T.);
#477=ORIENTED_EDGE('',*,*,#1399,.F.);
#478=ORIENTED_EDGE('',*,*,#1396,.T.);
#479=ORIENTED_EDGE('',*,*,#1467,.F.);
#480=ORIENTED_EDGE('',*,*,#1468,.T.);
#481=ORIENTED_EDGE('',*,*,#1469,.T.);
#482=ORIENTED_EDGE('',*,*,#1407,.T.);
#483=ORIENTED_EDGE('',*,*,#1453,.F.);
#484=ORIENTED_EDGE('',*,*,#1470,.T.);
#485=ORIENTED_EDGE('',*,*,#1467,.T.);
#486=ORIENTED_EDGE('',*,*,#1403,.T.);
#487=ORIENTED_EDGE('',*,*,#1460,.F.);
#488=ORIENTED_EDGE('',*,*,#1471,.T.);
#489=ORIENTED_EDGE('',*,*,#1456,.T.);
#490=ORIENTED_EDGE('',*,*,#1398,.T.);
#491=ORIENTED_EDGE('',*,*,#1472,.F.);
#492=ORIENTED_EDGE('',*,*,#1473,.T.);
#493=ORIENTED_EDGE('',*,*,#1465,.T.);
#494=ORIENTED_EDGE('',*,*,#1397,.T.);
#495=ORIENTED_EDGE('',*,*,#1469,.F.);
#496=ORIENTED_EDGE('',*,*,#1474,.T.);
#497=ORIENTED_EDGE('',*,*,#1472,.T.);
#498=ORIENTED_EDGE('',*,*,#1473,.F.);
#499=ORIENTED_EDGE('',*,*,#1474,.F.);
#500=ORIENTED_EDGE('',*,*,#1468,.F.);
#501=ORIENTED_EDGE('',*,*,#1470,.F.);
#502=ORIENTED_EDGE('',*,*,#1452,.F.);
#503=ORIENTED_EDGE('',*,*,#1455,.F.);
#504=ORIENTED_EDGE('',*,*,#1457,.F.);
#505=ORIENTED_EDGE('',*,*,#1471,.F.);
#506=ORIENTED_EDGE('',*,*,#1459,.F.);
#507=ORIENTED_EDGE('',*,*,#1462,.F.);
#508=ORIENTED_EDGE('',*,*,#1464,.F.);
#509=ORIENTED_EDGE('',*,*,#1466,.F.);
#510=ORIENTED_EDGE('',*,*,#1475,.F.);
#511=ORIENTED_EDGE('',*,*,#1476,.T.);
#512=ORIENTED_EDGE('',*,*,#1477,.T.);
#513=ORIENTED_EDGE('',*,*,#1416,.F.);
#514=ORIENTED_EDGE('',*,*,#1478,.F.);
#515=ORIENTED_EDGE('',*,*,#1479,.T.);
#516=ORIENTED_EDGE('',*,*,#1475,.T.);
#517=ORIENTED_EDGE('',*,*,#1415,.F.);
#518=ORIENTED_EDGE('',*,*,#1480,.F.);
#519=ORIENTED_EDGE('',*,*,#1481,.T.);
#520=ORIENTED_EDGE('',*,*,#1478,.T.);
#521=ORIENTED_EDGE('',*,*,#1430,.F.);
#522=ORIENTED_EDGE('',*,*,#1482,.F.);
#523=ORIENTED_EDGE('',*,*,#1483,.T.);
#524=ORIENTED_EDGE('',*,*,#1480,.T.);
#525=ORIENTED_EDGE('',*,*,#1429,.F.);
#526=ORIENTED_EDGE('',*,*,#1484,.F.);
#527=ORIENTED_EDGE('',*,*,#1485,.T.);
#528=ORIENTED_EDGE('',*,*,#1482,.T.);
#529=ORIENTED_EDGE('',*,*,#1428,.F.);
#530=ORIENTED_EDGE('',*,*,#1486,.F.);
#531=ORIENTED_EDGE('',*,*,#1487,.T.);
#532=ORIENTED_EDGE('',*,*,#1484,.T.);
#533=ORIENTED_EDGE('',*,*,#1427,.F.);
#534=ORIENTED_EDGE('',*,*,#1488,.F.);
#535=ORIENTED_EDGE('',*,*,#1489,.T.);
#536=ORIENTED_EDGE('',*,*,#1486,.T.);
#537=ORIENTED_EDGE('',*,*,#1426,.F.);
#538=ORIENTED_EDGE('',*,*,#1490,.F.);
#539=ORIENTED_EDGE('',*,*,#1491,.T.);
#540=ORIENTED_EDGE('',*,*,#1488,.T.);
#541=ORIENTED_EDGE('',*,*,#1425,.F.);
#542=ORIENTED_EDGE('',*,*,#1492,.F.);
#543=ORIENTED_EDGE('',*,*,#1493,.T.);
#544=ORIENTED_EDGE('',*,*,#1490,.T.);
#545=ORIENTED_EDGE('',*,*,#1424,.F.);
#546=ORIENTED_EDGE('',*,*,#1494,.F.);
#547=ORIENTED_EDGE('',*,*,#1495,.T.);
#548=ORIENTED_EDGE('',*,*,#1496,.T.);
#549=ORIENTED_EDGE('',*,*,#1422,.F.);
#550=ORIENTED_EDGE('',*,*,#1497,.F.);
#551=ORIENTED_EDGE('',*,*,#1498,.T.);
#552=ORIENTED_EDGE('',*,*,#1494,.T.);
#553=ORIENTED_EDGE('',*,*,#1421,.F.);
#554=ORIENTED_EDGE('',*,*,#1499,.F.);
#555=ORIENTED_EDGE('',*,*,#1500,.T.);
#556=ORIENTED_EDGE('',*,*,#1497,.T.);
#557=ORIENTED_EDGE('',*,*,#1420,.F.);
#558=ORIENTED_EDGE('',*,*,#1501,.F.);
#559=ORIENTED_EDGE('',*,*,#1502,.T.);
#560=ORIENTED_EDGE('',*,*,#1499,.T.);
#561=ORIENTED_EDGE('',*,*,#1419,.F.);
#562=ORIENTED_EDGE('',*,*,#1503,.F.);
#563=ORIENTED_EDGE('',*,*,#1504,.T.);
#564=ORIENTED_EDGE('',*,*,#1501,.T.);
#565=ORIENTED_EDGE('',*,*,#1418,.F.);
#566=ORIENTED_EDGE('',*,*,#1505,.F.);
#567=ORIENTED_EDGE('',*,*,#1506,.T.);
#568=ORIENTED_EDGE('',*,*,#1507,.T.);
#569=ORIENTED_EDGE('',*,*,#1508,.F.);
#570=ORIENTED_EDGE('',*,*,#1509,.F.);
#571=ORIENTED_EDGE('',*,*,#1510,.T.);
#572=ORIENTED_EDGE('',*,*,#1505,.T.);
#573=ORIENTED_EDGE('',*,*,#1511,.F.);
#574=ORIENTED_EDGE('',*,*,#1512,.F.);
#575=ORIENTED_EDGE('',*,*,#1513,.T.);
#576=ORIENTED_EDGE('',*,*,#1509,.T.);
#577=ORIENTED_EDGE('',*,*,#1514,.F.);
#578=ORIENTED_EDGE('',*,*,#1515,.F.);
#579=ORIENTED_EDGE('',*,*,#1516,.T.);
#580=ORIENTED_EDGE('',*,*,#1512,.T.);
#581=ORIENTED_EDGE('',*,*,#1517,.F.);
#582=ORIENTED_EDGE('',*,*,#1518,.F.);
#583=ORIENTED_EDGE('',*,*,#1519,.T.);
#584=ORIENTED_EDGE('',*,*,#1515,.T.);
#585=ORIENTED_EDGE('',*,*,#1520,.F.);
#586=ORIENTED_EDGE('',*,*,#1521,.F.);
#587=ORIENTED_EDGE('',*,*,#1522,.T.);
#588=ORIENTED_EDGE('',*,*,#1518,.T.);
#589=ORIENTED_EDGE('',*,*,#1523,.F.);
#590=ORIENTED_EDGE('',*,*,#1524,.F.);
#591=ORIENTED_EDGE('',*,*,#1525,.T.);
#592=ORIENTED_EDGE('',*,*,#1521,.T.);
#593=ORIENTED_EDGE('',*,*,#1526,.F.);
#594=ORIENTED_EDGE('',*,*,#1507,.F.);
#595=ORIENTED_EDGE('',*,*,#1527,.T.);
#596=ORIENTED_EDGE('',*,*,#1524,.T.);
#597=ORIENTED_EDGE('',*,*,#1528,.F.);
#598=ORIENTED_EDGE('',*,*,#1477,.F.);
#599=ORIENTED_EDGE('',*,*,#1529,.T.);
#600=ORIENTED_EDGE('',*,*,#1503,.T.);
#601=ORIENTED_EDGE('',*,*,#1417,.F.);
#602=ORIENTED_EDGE('',*,*,#1423,.T.);
#603=ORIENTED_EDGE('',*,*,#1496,.F.);
#604=ORIENTED_EDGE('',*,*,#1530,.T.);
#605=ORIENTED_EDGE('',*,*,#1492,.T.);
#606=ORIENTED_EDGE('',*,*,#1525,.F.);
#607=ORIENTED_EDGE('',*,*,#1527,.F.);
#608=ORIENTED_EDGE('',*,*,#1506,.F.);
#609=ORIENTED_EDGE('',*,*,#1510,.F.);
#610=ORIENTED_EDGE('',*,*,#1513,.F.);
#611=ORIENTED_EDGE('',*,*,#1516,.F.);
#612=ORIENTED_EDGE('',*,*,#1519,.F.);
#613=ORIENTED_EDGE('',*,*,#1522,.F.);
#614=ORIENTED_EDGE('',*,*,#1504,.F.);
#615=ORIENTED_EDGE('',*,*,#1529,.F.);
#616=ORIENTED_EDGE('',*,*,#1476,.F.);
#617=ORIENTED_EDGE('',*,*,#1479,.F.);
#618=ORIENTED_EDGE('',*,*,#1481,.F.);
#619=ORIENTED_EDGE('',*,*,#1483,.F.);
#620=ORIENTED_EDGE('',*,*,#1485,.F.);
#621=ORIENTED_EDGE('',*,*,#1487,.F.);
#622=ORIENTED_EDGE('',*,*,#1489,.F.);
#623=ORIENTED_EDGE('',*,*,#1491,.F.);
#624=ORIENTED_EDGE('',*,*,#1493,.F.);
#625=ORIENTED_EDGE('',*,*,#1530,.F.);
#626=ORIENTED_EDGE('',*,*,#1495,.F.);
#627=ORIENTED_EDGE('',*,*,#1498,.F.);
#628=ORIENTED_EDGE('',*,*,#1500,.F.);
#629=ORIENTED_EDGE('',*,*,#1502,.F.);
#630=ORIENTED_EDGE('',*,*,#1511,.T.);
#631=ORIENTED_EDGE('',*,*,#1508,.T.);
#632=ORIENTED_EDGE('',*,*,#1528,.T.);
#633=ORIENTED_EDGE('',*,*,#1526,.T.);
#634=ORIENTED_EDGE('',*,*,#1523,.T.);
#635=ORIENTED_EDGE('',*,*,#1520,.T.);
#636=ORIENTED_EDGE('',*,*,#1517,.T.);
#637=ORIENTED_EDGE('',*,*,#1514,.T.);
#638=ORIENTED_EDGE('',*,*,#1450,.F.);
#639=ORIENTED_EDGE('',*,*,#1443,.F.);
#640=ORIENTED_EDGE('',*,*,#1531,.F.);
#641=ORIENTED_EDGE('',*,*,#1436,.F.);
#642=ORIENTED_EDGE('',*,*,#1532,.F.);
#643=ORIENTED_EDGE('',*,*,#1448,.F.);
#644=ORIENTED_EDGE('',*,*,#1532,.T.);
#645=ORIENTED_EDGE('',*,*,#1434,.F.);
#646=ORIENTED_EDGE('',*,*,#1533,.F.);
#647=ORIENTED_EDGE('',*,*,#1449,.F.);
#648=ORIENTED_EDGE('',*,*,#1531,.T.);
#649=ORIENTED_EDGE('',*,*,#1447,.F.);
#650=ORIENTED_EDGE('',*,*,#1534,.F.);
#651=ORIENTED_EDGE('',*,*,#1438,.F.);
#652=ORIENTED_EDGE('',*,*,#1533,.T.);
#653=ORIENTED_EDGE('',*,*,#1432,.F.);
#654=ORIENTED_EDGE('',*,*,#1535,.F.);
#655=ORIENTED_EDGE('',*,*,#1444,.F.);
#656=ORIENTED_EDGE('',*,*,#1534,.T.);
#657=ORIENTED_EDGE('',*,*,#1446,.F.);
#658=ORIENTED_EDGE('',*,*,#1536,.F.);
#659=ORIENTED_EDGE('',*,*,#1440,.F.);
#660=ORIENTED_EDGE('',*,*,#1535,.T.);
#661=ORIENTED_EDGE('',*,*,#1442,.F.);
#662=ORIENTED_EDGE('',*,*,#1536,.T.);
#663=ORIENTED_EDGE('',*,*,#1445,.F.);
#664=ORIENTED_EDGE('',*,*,#1537,.F.);
#665=ORIENTED_EDGE('',*,*,#1538,.F.);
#666=ORIENTED_EDGE('',*,*,#1539,.F.);
#667=ORIENTED_EDGE('',*,*,#1540,.F.);
#668=ORIENTED_EDGE('',*,*,#1541,.F.);
#669=ORIENTED_EDGE('',*,*,#1542,.F.);
#670=ORIENTED_EDGE('',*,*,#1543,.F.);
#671=ORIENTED_EDGE('',*,*,#1544,.F.);
#672=ORIENTED_EDGE('',*,*,#1545,.F.);
#673=ORIENTED_EDGE('',*,*,#1546,.F.);
#674=ORIENTED_EDGE('',*,*,#1547,.F.);
#675=ORIENTED_EDGE('',*,*,#1548,.T.);
#676=ORIENTED_EDGE('',*,*,#1549,.F.);
#677=ORIENTED_EDGE('',*,*,#1550,.T.);
#678=ORIENTED_EDGE('',*,*,#1551,.T.);
#679=ORIENTED_EDGE('',*,*,#1552,.T.);
#680=ORIENTED_EDGE('',*,*,#1553,.T.);
#681=ORIENTED_EDGE('',*,*,#1554,.F.);
#682=ORIENTED_EDGE('',*,*,#1555,.F.);
#683=ORIENTED_EDGE('',*,*,#1556,.T.);
#684=ORIENTED_EDGE('',*,*,#1557,.T.);
#685=ORIENTED_EDGE('',*,*,#1558,.T.);
#686=ORIENTED_EDGE('',*,*,#1559,.T.);
#687=ORIENTED_EDGE('',*,*,#1560,.T.);
#688=ORIENTED_EDGE('',*,*,#1561,.T.);
#689=ORIENTED_EDGE('',*,*,#1562,.T.);
#690=ORIENTED_EDGE('',*,*,#1563,.F.);
#691=ORIENTED_EDGE('',*,*,#1564,.T.);
#692=ORIENTED_EDGE('',*,*,#1565,.T.);
#693=ORIENTED_EDGE('',*,*,#1566,.T.);
#694=ORIENTED_EDGE('',*,*,#1567,.T.);
#695=ORIENTED_EDGE('',*,*,#1568,.T.);
#696=ORIENTED_EDGE('',*,*,#1569,.T.);
#697=ORIENTED_EDGE('',*,*,#1570,.T.);
#698=ORIENTED_EDGE('',*,*,#1571,.F.);
#699=ORIENTED_EDGE('',*,*,#1572,.F.);
#700=ORIENTED_EDGE('',*,*,#1573,.F.);
#701=ORIENTED_EDGE('',*,*,#1574,.F.);
#702=ORIENTED_EDGE('',*,*,#1575,.F.);
#703=ORIENTED_EDGE('',*,*,#1576,.T.);
#704=ORIENTED_EDGE('',*,*,#1577,.T.);
#705=ORIENTED_EDGE('',*,*,#1578,.T.);
#706=ORIENTED_EDGE('',*,*,#1579,.T.);
#707=ORIENTED_EDGE('',*,*,#1580,.T.);
#708=ORIENTED_EDGE('',*,*,#1581,.T.);
#709=ORIENTED_EDGE('',*,*,#1582,.T.);
#710=ORIENTED_EDGE('',*,*,#1583,.T.);
#711=ORIENTED_EDGE('',*,*,#1584,.T.);
#712=ORIENTED_EDGE('',*,*,#1585,.T.);
#713=ORIENTED_EDGE('',*,*,#1586,.F.);
#714=ORIENTED_EDGE('',*,*,#1549,.T.);
#715=ORIENTED_EDGE('',*,*,#1586,.T.);
#716=ORIENTED_EDGE('',*,*,#1587,.T.);
#717=ORIENTED_EDGE('',*,*,#1588,.F.);
#718=ORIENTED_EDGE('',*,*,#1550,.F.);
#719=ORIENTED_EDGE('',*,*,#1588,.T.);
#720=ORIENTED_EDGE('',*,*,#1589,.T.);
#721=ORIENTED_EDGE('',*,*,#1590,.F.);
#722=ORIENTED_EDGE('',*,*,#1551,.F.);
#723=ORIENTED_EDGE('',*,*,#1590,.T.);
#724=ORIENTED_EDGE('',*,*,#1591,.T.);
#725=ORIENTED_EDGE('',*,*,#1592,.F.);
#726=ORIENTED_EDGE('',*,*,#1552,.F.);
#727=ORIENTED_EDGE('',*,*,#1592,.T.);
#728=ORIENTED_EDGE('',*,*,#1593,.T.);
#729=ORIENTED_EDGE('',*,*,#1594,.F.);
#730=ORIENTED_EDGE('',*,*,#1553,.F.);
#731=ORIENTED_EDGE('',*,*,#1594,.T.);
#732=ORIENTED_EDGE('',*,*,#1595,.T.);
#733=ORIENTED_EDGE('',*,*,#1584,.F.);
#734=ORIENTED_EDGE('',*,*,#1554,.T.);
#735=ORIENTED_EDGE('',*,*,#1596,.T.);
#736=ORIENTED_EDGE('',*,*,#1597,.T.);
#737=ORIENTED_EDGE('',*,*,#1598,.T.);
#738=ORIENTED_EDGE('',*,*,#1599,.T.);
#739=ORIENTED_EDGE('',*,*,#1600,.T.);
#740=ORIENTED_EDGE('',*,*,#1601,.T.);
#741=ORIENTED_EDGE('',*,*,#1602,.T.);
#742=ORIENTED_EDGE('',*,*,#1603,.T.);
#743=ORIENTED_EDGE('',*,*,#1548,.F.);
#744=ORIENTED_EDGE('',*,*,#1604,.F.);
#745=ORIENTED_EDGE('',*,*,#1605,.T.);
#746=ORIENTED_EDGE('',*,*,#1606,.T.);
#747=ORIENTED_EDGE('',*,*,#1556,.F.);
#748=ORIENTED_EDGE('',*,*,#1607,.F.);
#749=ORIENTED_EDGE('',*,*,#1608,.T.);
#750=ORIENTED_EDGE('',*,*,#1609,.T.);
#751=ORIENTED_EDGE('',*,*,#1570,.F.);
#752=ORIENTED_EDGE('',*,*,#1610,.F.);
#753=ORIENTED_EDGE('',*,*,#1611,.T.);
#754=ORIENTED_EDGE('',*,*,#1607,.T.);
#755=ORIENTED_EDGE('',*,*,#1569,.F.);
#756=ORIENTED_EDGE('',*,*,#1612,.F.);
#757=ORIENTED_EDGE('',*,*,#1613,.T.);
#758=ORIENTED_EDGE('',*,*,#1610,.T.);
#759=ORIENTED_EDGE('',*,*,#1568,.F.);
#760=ORIENTED_EDGE('',*,*,#1614,.F.);
#761=ORIENTED_EDGE('',*,*,#1615,.T.);
#762=ORIENTED_EDGE('',*,*,#1612,.T.);
#763=ORIENTED_EDGE('',*,*,#1567,.F.);
#764=ORIENTED_EDGE('',*,*,#1616,.F.);
#765=ORIENTED_EDGE('',*,*,#1617,.T.);
#766=ORIENTED_EDGE('',*,*,#1614,.T.);
#767=ORIENTED_EDGE('',*,*,#1566,.F.);
#768=ORIENTED_EDGE('',*,*,#1618,.F.);
#769=ORIENTED_EDGE('',*,*,#1619,.T.);
#770=ORIENTED_EDGE('',*,*,#1616,.T.);
#771=ORIENTED_EDGE('',*,*,#1565,.F.);
#772=ORIENTED_EDGE('',*,*,#1620,.F.);
#773=ORIENTED_EDGE('',*,*,#1621,.T.);
#774=ORIENTED_EDGE('',*,*,#1618,.T.);
#775=ORIENTED_EDGE('',*,*,#1564,.F.);
#776=ORIENTED_EDGE('',*,*,#1622,.F.);
#777=ORIENTED_EDGE('',*,*,#1623,.T.);
#778=ORIENTED_EDGE('',*,*,#1624,.T.);
#779=ORIENTED_EDGE('',*,*,#1562,.F.);
#780=ORIENTED_EDGE('',*,*,#1625,.F.);
#781=ORIENTED_EDGE('',*,*,#1626,.T.);
#782=ORIENTED_EDGE('',*,*,#1622,.T.);
#783=ORIENTED_EDGE('',*,*,#1561,.F.);
#784=ORIENTED_EDGE('',*,*,#1627,.F.);
#785=ORIENTED_EDGE('',*,*,#1628,.T.);
#786=ORIENTED_EDGE('',*,*,#1625,.T.);
#787=ORIENTED_EDGE('',*,*,#1560,.F.);
#788=ORIENTED_EDGE('',*,*,#1629,.F.);
#789=ORIENTED_EDGE('',*,*,#1630,.T.);
#790=ORIENTED_EDGE('',*,*,#1627,.T.);
#791=ORIENTED_EDGE('',*,*,#1559,.F.);
#792=ORIENTED_EDGE('',*,*,#1631,.F.);
#793=ORIENTED_EDGE('',*,*,#1632,.T.);
#794=ORIENTED_EDGE('',*,*,#1629,.T.);
#795=ORIENTED_EDGE('',*,*,#1558,.F.);
#796=ORIENTED_EDGE('',*,*,#1606,.F.);
#797=ORIENTED_EDGE('',*,*,#1633,.T.);
#798=ORIENTED_EDGE('',*,*,#1631,.T.);
#799=ORIENTED_EDGE('',*,*,#1557,.F.);
#800=ORIENTED_EDGE('',*,*,#1555,.T.);
#801=ORIENTED_EDGE('',*,*,#1634,.F.);
#802=ORIENTED_EDGE('',*,*,#1635,.T.);
#803=ORIENTED_EDGE('',*,*,#1604,.T.);
#804=ORIENTED_EDGE('',*,*,#1575,.T.);
#805=ORIENTED_EDGE('',*,*,#1636,.F.);
#806=ORIENTED_EDGE('',*,*,#1637,.T.);
#807=ORIENTED_EDGE('',*,*,#1634,.T.);
#808=ORIENTED_EDGE('',*,*,#1574,.T.);
#809=ORIENTED_EDGE('',*,*,#1638,.F.);
#810=ORIENTED_EDGE('',*,*,#1639,.T.);
#811=ORIENTED_EDGE('',*,*,#1636,.T.);
#812=ORIENTED_EDGE('',*,*,#1573,.T.);
#813=ORIENTED_EDGE('',*,*,#1640,.F.);
#814=ORIENTED_EDGE('',*,*,#1641,.T.);
#815=ORIENTED_EDGE('',*,*,#1638,.T.);
#816=ORIENTED_EDGE('',*,*,#1572,.T.);
#817=ORIENTED_EDGE('',*,*,#1642,.F.);
#818=ORIENTED_EDGE('',*,*,#1643,.T.);
#819=ORIENTED_EDGE('',*,*,#1640,.T.);
#820=ORIENTED_EDGE('',*,*,#1571,.T.);
#821=ORIENTED_EDGE('',*,*,#1609,.F.);
#822=ORIENTED_EDGE('',*,*,#1644,.T.);
#823=ORIENTED_EDGE('',*,*,#1642,.T.);
#824=ORIENTED_EDGE('',*,*,#1563,.T.);
#825=ORIENTED_EDGE('',*,*,#1624,.F.);
#826=ORIENTED_EDGE('',*,*,#1645,.T.);
#827=ORIENTED_EDGE('',*,*,#1620,.T.);
#828=ORIENTED_EDGE('',*,*,#1632,.F.);
#829=ORIENTED_EDGE('',*,*,#1633,.F.);
#830=ORIENTED_EDGE('',*,*,#1605,.F.);
#831=ORIENTED_EDGE('',*,*,#1635,.F.);
#832=ORIENTED_EDGE('',*,*,#1637,.F.);
#833=ORIENTED_EDGE('',*,*,#1639,.F.);
#834=ORIENTED_EDGE('',*,*,#1641,.F.);
#835=ORIENTED_EDGE('',*,*,#1643,.F.);
#836=ORIENTED_EDGE('',*,*,#1644,.F.);
#837=ORIENTED_EDGE('',*,*,#1608,.F.);
#838=ORIENTED_EDGE('',*,*,#1611,.F.);
#839=ORIENTED_EDGE('',*,*,#1613,.F.);
#840=ORIENTED_EDGE('',*,*,#1615,.F.);
#841=ORIENTED_EDGE('',*,*,#1617,.F.);
#842=ORIENTED_EDGE('',*,*,#1619,.F.);
#843=ORIENTED_EDGE('',*,*,#1621,.F.);
#844=ORIENTED_EDGE('',*,*,#1645,.F.);
#845=ORIENTED_EDGE('',*,*,#1623,.F.);
#846=ORIENTED_EDGE('',*,*,#1626,.F.);
#847=ORIENTED_EDGE('',*,*,#1628,.F.);
#848=ORIENTED_EDGE('',*,*,#1630,.F.);
#849=ORIENTED_EDGE('',*,*,#1646,.F.);
#850=ORIENTED_EDGE('',*,*,#1647,.T.);
#851=ORIENTED_EDGE('',*,*,#1648,.T.);
#852=ORIENTED_EDGE('',*,*,#1577,.F.);
#853=ORIENTED_EDGE('',*,*,#1649,.F.);
#854=ORIENTED_EDGE('',*,*,#1650,.T.);
#855=ORIENTED_EDGE('',*,*,#1646,.T.);
#856=ORIENTED_EDGE('',*,*,#1576,.F.);
#857=ORIENTED_EDGE('',*,*,#1651,.F.);
#858=ORIENTED_EDGE('',*,*,#1652,.T.);
#859=ORIENTED_EDGE('',*,*,#1649,.T.);
#860=ORIENTED_EDGE('',*,*,#1583,.F.);
#861=ORIENTED_EDGE('',*,*,#1653,.F.);
#862=ORIENTED_EDGE('',*,*,#1654,.T.);
#863=ORIENTED_EDGE('',*,*,#1651,.T.);
#864=ORIENTED_EDGE('',*,*,#1582,.F.);
#865=ORIENTED_EDGE('',*,*,#1655,.F.);
#866=ORIENTED_EDGE('',*,*,#1656,.T.);
#867=ORIENTED_EDGE('',*,*,#1653,.T.);
#868=ORIENTED_EDGE('',*,*,#1581,.F.);
#869=ORIENTED_EDGE('',*,*,#1657,.F.);
#870=ORIENTED_EDGE('',*,*,#1658,.T.);
#871=ORIENTED_EDGE('',*,*,#1655,.T.);
#872=ORIENTED_EDGE('',*,*,#1580,.F.);
#873=ORIENTED_EDGE('',*,*,#1659,.F.);
#874=ORIENTED_EDGE('',*,*,#1660,.T.);
#875=ORIENTED_EDGE('',*,*,#1657,.T.);
#876=ORIENTED_EDGE('',*,*,#1579,.F.);
#877=ORIENTED_EDGE('',*,*,#1661,.F.);
#878=ORIENTED_EDGE('',*,*,#1662,.T.);
#879=ORIENTED_EDGE('',*,*,#1663,.T.);
#880=ORIENTED_EDGE('',*,*,#1664,.F.);
#881=ORIENTED_EDGE('',*,*,#1665,.F.);
#882=ORIENTED_EDGE('',*,*,#1666,.T.);
#883=ORIENTED_EDGE('',*,*,#1661,.T.);
#884=ORIENTED_EDGE('',*,*,#1667,.F.);
#885=ORIENTED_EDGE('',*,*,#1668,.F.);
#886=ORIENTED_EDGE('',*,*,#1669,.T.);
#887=ORIENTED_EDGE('',*,*,#1665,.T.);
#888=ORIENTED_EDGE('',*,*,#1670,.F.);
#889=ORIENTED_EDGE('',*,*,#1671,.F.);
#890=ORIENTED_EDGE('',*,*,#1672,.T.);
#891=ORIENTED_EDGE('',*,*,#1668,.T.);
#892=ORIENTED_EDGE('',*,*,#1673,.F.);
#893=ORIENTED_EDGE('',*,*,#1674,.F.);
#894=ORIENTED_EDGE('',*,*,#1675,.T.);
#895=ORIENTED_EDGE('',*,*,#1671,.T.);
#896=ORIENTED_EDGE('',*,*,#1676,.F.);
#897=ORIENTED_EDGE('',*,*,#1677,.F.);
#898=ORIENTED_EDGE('',*,*,#1678,.T.);
#899=ORIENTED_EDGE('',*,*,#1674,.T.);
#900=ORIENTED_EDGE('',*,*,#1679,.F.);
#901=ORIENTED_EDGE('',*,*,#1680,.F.);
#902=ORIENTED_EDGE('',*,*,#1681,.T.);
#903=ORIENTED_EDGE('',*,*,#1677,.T.);
#904=ORIENTED_EDGE('',*,*,#1682,.F.);
#905=ORIENTED_EDGE('',*,*,#1683,.F.);
#906=ORIENTED_EDGE('',*,*,#1684,.T.);
#907=ORIENTED_EDGE('',*,*,#1680,.T.);
#908=ORIENTED_EDGE('',*,*,#1685,.F.);
#909=ORIENTED_EDGE('',*,*,#1686,.F.);
#910=ORIENTED_EDGE('',*,*,#1687,.T.);
#911=ORIENTED_EDGE('',*,*,#1683,.T.);
#912=ORIENTED_EDGE('',*,*,#1688,.F.);
#913=ORIENTED_EDGE('',*,*,#1689,.F.);
#914=ORIENTED_EDGE('',*,*,#1690,.T.);
#915=ORIENTED_EDGE('',*,*,#1686,.T.);
#916=ORIENTED_EDGE('',*,*,#1691,.F.);
#917=ORIENTED_EDGE('',*,*,#1692,.F.);
#918=ORIENTED_EDGE('',*,*,#1693,.T.);
#919=ORIENTED_EDGE('',*,*,#1689,.T.);
#920=ORIENTED_EDGE('',*,*,#1694,.F.);
#921=ORIENTED_EDGE('',*,*,#1663,.F.);
#922=ORIENTED_EDGE('',*,*,#1695,.T.);
#923=ORIENTED_EDGE('',*,*,#1692,.T.);
#924=ORIENTED_EDGE('',*,*,#1696,.F.);
#925=ORIENTED_EDGE('',*,*,#1648,.F.);
#926=ORIENTED_EDGE('',*,*,#1697,.T.);
#927=ORIENTED_EDGE('',*,*,#1659,.T.);
#928=ORIENTED_EDGE('',*,*,#1578,.F.);
#929=ORIENTED_EDGE('',*,*,#1693,.F.);
#930=ORIENTED_EDGE('',*,*,#1695,.F.);
#931=ORIENTED_EDGE('',*,*,#1662,.F.);
#932=ORIENTED_EDGE('',*,*,#1666,.F.);
#933=ORIENTED_EDGE('',*,*,#1669,.F.);
#934=ORIENTED_EDGE('',*,*,#1672,.F.);
#935=ORIENTED_EDGE('',*,*,#1675,.F.);
#936=ORIENTED_EDGE('',*,*,#1678,.F.);
#937=ORIENTED_EDGE('',*,*,#1681,.F.);
#938=ORIENTED_EDGE('',*,*,#1684,.F.);
#939=ORIENTED_EDGE('',*,*,#1687,.F.);
#940=ORIENTED_EDGE('',*,*,#1690,.F.);
#941=ORIENTED_EDGE('',*,*,#1660,.F.);
#942=ORIENTED_EDGE('',*,*,#1697,.F.);
#943=ORIENTED_EDGE('',*,*,#1647,.F.);
#944=ORIENTED_EDGE('',*,*,#1650,.F.);
#945=ORIENTED_EDGE('',*,*,#1652,.F.);
#946=ORIENTED_EDGE('',*,*,#1654,.F.);
#947=ORIENTED_EDGE('',*,*,#1656,.F.);
#948=ORIENTED_EDGE('',*,*,#1658,.F.);
#949=ORIENTED_EDGE('',*,*,#1667,.T.);
#950=ORIENTED_EDGE('',*,*,#1664,.T.);
#951=ORIENTED_EDGE('',*,*,#1696,.T.);
#952=ORIENTED_EDGE('',*,*,#1694,.T.);
#953=ORIENTED_EDGE('',*,*,#1691,.T.);
#954=ORIENTED_EDGE('',*,*,#1688,.T.);
#955=ORIENTED_EDGE('',*,*,#1685,.T.);
#956=ORIENTED_EDGE('',*,*,#1682,.T.);
#957=ORIENTED_EDGE('',*,*,#1679,.T.);
#958=ORIENTED_EDGE('',*,*,#1676,.T.);
#959=ORIENTED_EDGE('',*,*,#1673,.T.);
#960=ORIENTED_EDGE('',*,*,#1670,.T.);
#961=ORIENTED_EDGE('',*,*,#1537,.T.);
#962=ORIENTED_EDGE('',*,*,#1698,.F.);
#963=ORIENTED_EDGE('',*,*,#1699,.T.);
#964=ORIENTED_EDGE('',*,*,#1700,.T.);
#965=ORIENTED_EDGE('',*,*,#1547,.T.);
#966=ORIENTED_EDGE('',*,*,#1701,.F.);
#967=ORIENTED_EDGE('',*,*,#1702,.T.);
#968=ORIENTED_EDGE('',*,*,#1698,.T.);
#969=ORIENTED_EDGE('',*,*,#1546,.T.);
#970=ORIENTED_EDGE('',*,*,#1703,.F.);
#971=ORIENTED_EDGE('',*,*,#1704,.T.);
#972=ORIENTED_EDGE('',*,*,#1701,.T.);
#973=ORIENTED_EDGE('',*,*,#1545,.T.);
#974=ORIENTED_EDGE('',*,*,#1705,.F.);
#975=ORIENTED_EDGE('',*,*,#1706,.T.);
#976=ORIENTED_EDGE('',*,*,#1703,.T.);
#977=ORIENTED_EDGE('',*,*,#1544,.T.);
#978=ORIENTED_EDGE('',*,*,#1707,.F.);
#979=ORIENTED_EDGE('',*,*,#1708,.T.);
#980=ORIENTED_EDGE('',*,*,#1705,.T.);
#981=ORIENTED_EDGE('',*,*,#1543,.T.);
#982=ORIENTED_EDGE('',*,*,#1709,.F.);
#983=ORIENTED_EDGE('',*,*,#1710,.T.);
#984=ORIENTED_EDGE('',*,*,#1707,.T.);
#985=ORIENTED_EDGE('',*,*,#1542,.T.);
#986=ORIENTED_EDGE('',*,*,#1711,.F.);
#987=ORIENTED_EDGE('',*,*,#1712,.T.);
#988=ORIENTED_EDGE('',*,*,#1709,.T.);
#989=ORIENTED_EDGE('',*,*,#1541,.T.);
#990=ORIENTED_EDGE('',*,*,#1713,.F.);
#991=ORIENTED_EDGE('',*,*,#1714,.T.);
#992=ORIENTED_EDGE('',*,*,#1711,.T.);
#993=ORIENTED_EDGE('',*,*,#1540,.T.);
#994=ORIENTED_EDGE('',*,*,#1715,.F.);
#995=ORIENTED_EDGE('',*,*,#1716,.T.);
#996=ORIENTED_EDGE('',*,*,#1713,.T.);
#997=ORIENTED_EDGE('',*,*,#1539,.T.);
#998=ORIENTED_EDGE('',*,*,#1717,.F.);
#999=ORIENTED_EDGE('',*,*,#1718,.T.);
#1000=ORIENTED_EDGE('',*,*,#1715,.T.);
#1001=ORIENTED_EDGE('',*,*,#1538,.T.);
#1002=ORIENTED_EDGE('',*,*,#1700,.F.);
#1003=ORIENTED_EDGE('',*,*,#1719,.T.);
#1004=ORIENTED_EDGE('',*,*,#1717,.T.);
#1005=ORIENTED_EDGE('',*,*,#1718,.F.);
#1006=ORIENTED_EDGE('',*,*,#1719,.F.);
#1007=ORIENTED_EDGE('',*,*,#1699,.F.);
#1008=ORIENTED_EDGE('',*,*,#1702,.F.);
#1009=ORIENTED_EDGE('',*,*,#1704,.F.);
#1010=ORIENTED_EDGE('',*,*,#1706,.F.);
#1011=ORIENTED_EDGE('',*,*,#1708,.F.);
#1012=ORIENTED_EDGE('',*,*,#1710,.F.);
#1013=ORIENTED_EDGE('',*,*,#1712,.F.);
#1014=ORIENTED_EDGE('',*,*,#1714,.F.);
#1015=ORIENTED_EDGE('',*,*,#1716,.F.);
#1016=ORIENTED_EDGE('',*,*,#1603,.F.);
#1017=ORIENTED_EDGE('',*,*,#1596,.F.);
#1018=ORIENTED_EDGE('',*,*,#1720,.F.);
#1019=ORIENTED_EDGE('',*,*,#1589,.F.);
#1020=ORIENTED_EDGE('',*,*,#1721,.F.);
#1021=ORIENTED_EDGE('',*,*,#1601,.F.);
#1022=ORIENTED_EDGE('',*,*,#1721,.T.);
#1023=ORIENTED_EDGE('',*,*,#1587,.F.);
#1024=ORIENTED_EDGE('',*,*,#1722,.F.);
#1025=ORIENTED_EDGE('',*,*,#1602,.F.);
#1026=ORIENTED_EDGE('',*,*,#1720,.T.);
#1027=ORIENTED_EDGE('',*,*,#1600,.F.);
#1028=ORIENTED_EDGE('',*,*,#1723,.F.);
#1029=ORIENTED_EDGE('',*,*,#1591,.F.);
#1030=ORIENTED_EDGE('',*,*,#1722,.T.);
#1031=ORIENTED_EDGE('',*,*,#1585,.F.);
#1032=ORIENTED_EDGE('',*,*,#1724,.F.);
#1033=ORIENTED_EDGE('',*,*,#1597,.F.);
#1034=ORIENTED_EDGE('',*,*,#1723,.T.);
#1035=ORIENTED_EDGE('',*,*,#1599,.F.);
#1036=ORIENTED_EDGE('',*,*,#1725,.F.);
#1037=ORIENTED_EDGE('',*,*,#1593,.F.);
#1038=ORIENTED_EDGE('',*,*,#1724,.T.);
#1039=ORIENTED_EDGE('',*,*,#1595,.F.);
#1040=ORIENTED_EDGE('',*,*,#1725,.T.);
#1041=ORIENTED_EDGE('',*,*,#1598,.F.);
#1042=ORIENTED_EDGE('',*,*,#1726,.T.);
#1043=ORIENTED_EDGE('',*,*,#1727,.F.);
#1044=ORIENTED_EDGE('',*,*,#1728,.T.);
#1045=ORIENTED_EDGE('',*,*,#1729,.T.);
#1046=ORIENTED_EDGE('',*,*,#1730,.T.);
#1047=ORIENTED_EDGE('',*,*,#1731,.T.);
#1048=ORIENTED_EDGE('',*,*,#1732,.F.);
#1049=ORIENTED_EDGE('',*,*,#1733,.T.);
#1050=ORIENTED_EDGE('',*,*,#1734,.T.);
#1051=ORIENTED_EDGE('',*,*,#1735,.T.);
#1052=ORIENTED_EDGE('',*,*,#1736,.T.);
#1053=ORIENTED_EDGE('',*,*,#1737,.T.);
#1054=ORIENTED_EDGE('',*,*,#1738,.T.);
#1055=ORIENTED_EDGE('',*,*,#1739,.T.);
#1056=ORIENTED_EDGE('',*,*,#1740,.T.);
#1057=ORIENTED_EDGE('',*,*,#1741,.T.);
#1058=ORIENTED_EDGE('',*,*,#1742,.T.);
#1059=ORIENTED_EDGE('',*,*,#1743,.T.);
#1060=ORIENTED_EDGE('',*,*,#1744,.T.);
#1061=ORIENTED_EDGE('',*,*,#1745,.F.);
#1062=ORIENTED_EDGE('',*,*,#1746,.T.);
#1063=ORIENTED_EDGE('',*,*,#1747,.T.);
#1064=ORIENTED_EDGE('',*,*,#1748,.T.);
#1065=ORIENTED_EDGE('',*,*,#1749,.T.);
#1066=ORIENTED_EDGE('',*,*,#1750,.T.);
#1067=ORIENTED_EDGE('',*,*,#1751,.T.);
#1068=ORIENTED_EDGE('',*,*,#1752,.T.);
#1069=ORIENTED_EDGE('',*,*,#1753,.T.);
#1070=ORIENTED_EDGE('',*,*,#1754,.T.);
#1071=ORIENTED_EDGE('',*,*,#1755,.T.);
#1072=ORIENTED_EDGE('',*,*,#1756,.T.);
#1073=ORIENTED_EDGE('',*,*,#1757,.F.);
#1074=ORIENTED_EDGE('',*,*,#1758,.T.);
#1075=ORIENTED_EDGE('',*,*,#1759,.T.);
#1076=ORIENTED_EDGE('',*,*,#1760,.T.);
#1077=ORIENTED_EDGE('',*,*,#1761,.T.);
#1078=ORIENTED_EDGE('',*,*,#1762,.T.);
#1079=ORIENTED_EDGE('',*,*,#1763,.T.);
#1080=ORIENTED_EDGE('',*,*,#1764,.T.);
#1081=ORIENTED_EDGE('',*,*,#1765,.T.);
#1082=ORIENTED_EDGE('',*,*,#1766,.T.);
#1083=ORIENTED_EDGE('',*,*,#1767,.F.);
#1084=ORIENTED_EDGE('',*,*,#1727,.T.);
#1085=ORIENTED_EDGE('',*,*,#1767,.T.);
#1086=ORIENTED_EDGE('',*,*,#1768,.T.);
#1087=ORIENTED_EDGE('',*,*,#1769,.F.);
#1088=ORIENTED_EDGE('',*,*,#1728,.F.);
#1089=ORIENTED_EDGE('',*,*,#1769,.T.);
#1090=ORIENTED_EDGE('',*,*,#1770,.T.);
#1091=ORIENTED_EDGE('',*,*,#1771,.F.);
#1092=ORIENTED_EDGE('',*,*,#1729,.F.);
#1093=ORIENTED_EDGE('',*,*,#1771,.T.);
#1094=ORIENTED_EDGE('',*,*,#1772,.T.);
#1095=ORIENTED_EDGE('',*,*,#1773,.F.);
#1096=ORIENTED_EDGE('',*,*,#1730,.F.);
#1097=ORIENTED_EDGE('',*,*,#1773,.T.);
#1098=ORIENTED_EDGE('',*,*,#1774,.T.);
#1099=ORIENTED_EDGE('',*,*,#1775,.F.);
#1100=ORIENTED_EDGE('',*,*,#1731,.F.);
#1101=ORIENTED_EDGE('',*,*,#1775,.T.);
#1102=ORIENTED_EDGE('',*,*,#1776,.T.);
#1103=ORIENTED_EDGE('',*,*,#1765,.F.);
#1104=ORIENTED_EDGE('',*,*,#1732,.T.);
#1105=ORIENTED_EDGE('',*,*,#1777,.T.);
#1106=ORIENTED_EDGE('',*,*,#1778,.T.);
#1107=ORIENTED_EDGE('',*,*,#1779,.T.);
#1108=ORIENTED_EDGE('',*,*,#1780,.T.);
#1109=ORIENTED_EDGE('',*,*,#1781,.T.);
#1110=ORIENTED_EDGE('',*,*,#1782,.T.);
#1111=ORIENTED_EDGE('',*,*,#1783,.T.);
#1112=ORIENTED_EDGE('',*,*,#1784,.T.);
#1113=ORIENTED_EDGE('',*,*,#1726,.F.);
#1114=ORIENTED_EDGE('',*,*,#1785,.F.);
#1115=ORIENTED_EDGE('',*,*,#1786,.T.);
#1116=ORIENTED_EDGE('',*,*,#1787,.T.);
#1117=ORIENTED_EDGE('',*,*,#1734,.F.);
#1118=ORIENTED_EDGE('',*,*,#1788,.F.);
#1119=ORIENTED_EDGE('',*,*,#1789,.T.);
#1120=ORIENTED_EDGE('',*,*,#1785,.T.);
#1121=ORIENTED_EDGE('',*,*,#1733,.F.);
#1122=ORIENTED_EDGE('',*,*,#1790,.F.);
#1123=ORIENTED_EDGE('',*,*,#1791,.T.);
#1124=ORIENTED_EDGE('',*,*,#1788,.T.);
#1125=ORIENTED_EDGE('',*,*,#1748,.F.);
#1126=ORIENTED_EDGE('',*,*,#1792,.F.);
#1127=ORIENTED_EDGE('',*,*,#1793,.T.);
#1128=ORIENTED_EDGE('',*,*,#1790,.T.);
#1129=ORIENTED_EDGE('',*,*,#1747,.F.);
#1130=ORIENTED_EDGE('',*,*,#1794,.F.);
#1131=ORIENTED_EDGE('',*,*,#1795,.T.);
#1132=ORIENTED_EDGE('',*,*,#1792,.T.);
#1133=ORIENTED_EDGE('',*,*,#1746,.F.);
#1134=ORIENTED_EDGE('',*,*,#1796,.F.);
#1135=ORIENTED_EDGE('',*,*,#1797,.T.);
#1136=ORIENTED_EDGE('',*,*,#1798,.T.);
#1137=ORIENTED_EDGE('',*,*,#1744,.F.);
#1138=ORIENTED_EDGE('',*,*,#1799,.F.);
#1139=ORIENTED_EDGE('',*,*,#1800,.T.);
#1140=ORIENTED_EDGE('',*,*,#1796,.T.);
#1141=ORIENTED_EDGE('',*,*,#1743,.F.);
#1142=ORIENTED_EDGE('',*,*,#1801,.F.);
#1143=ORIENTED_EDGE('',*,*,#1802,.T.);
#1144=ORIENTED_EDGE('',*,*,#1799,.T.);
#1145=ORIENTED_EDGE('',*,*,#1742,.F.);
#1146=ORIENTED_EDGE('',*,*,#1803,.F.);
#1147=ORIENTED_EDGE('',*,*,#1804,.T.);
#1148=ORIENTED_EDGE('',*,*,#1801,.T.);
#1149=ORIENTED_EDGE('',*,*,#1741,.F.);
#1150=ORIENTED_EDGE('',*,*,#1805,.F.);
#1151=ORIENTED_EDGE('',*,*,#1806,.T.);
#1152=ORIENTED_EDGE('',*,*,#1803,.T.);
#1153=ORIENTED_EDGE('',*,*,#1740,.F.);
#1154=ORIENTED_EDGE('',*,*,#1807,.F.);
#1155=ORIENTED_EDGE('',*,*,#1808,.T.);
#1156=ORIENTED_EDGE('',*,*,#1805,.T.);
#1157=ORIENTED_EDGE('',*,*,#1739,.F.);
#1158=ORIENTED_EDGE('',*,*,#1809,.F.);
#1159=ORIENTED_EDGE('',*,*,#1810,.T.);
#1160=ORIENTED_EDGE('',*,*,#1807,.T.);
#1161=ORIENTED_EDGE('',*,*,#1738,.F.);
#1162=ORIENTED_EDGE('',*,*,#1811,.F.);
#1163=ORIENTED_EDGE('',*,*,#1812,.T.);
#1164=ORIENTED_EDGE('',*,*,#1809,.T.);
#1165=ORIENTED_EDGE('',*,*,#1737,.F.);
#1166=ORIENTED_EDGE('',*,*,#1813,.F.);
#1167=ORIENTED_EDGE('',*,*,#1814,.T.);
#1168=ORIENTED_EDGE('',*,*,#1811,.T.);
#1169=ORIENTED_EDGE('',*,*,#1736,.F.);
#1170=ORIENTED_EDGE('',*,*,#1815,.F.);
#1171=ORIENTED_EDGE('',*,*,#1816,.T.);
#1172=ORIENTED_EDGE('',*,*,#1817,.T.);
#1173=ORIENTED_EDGE('',*,*,#1818,.F.);
#1174=ORIENTED_EDGE('',*,*,#1819,.F.);
#1175=ORIENTED_EDGE('',*,*,#1820,.T.);
#1176=ORIENTED_EDGE('',*,*,#1815,.T.);
#1177=ORIENTED_EDGE('',*,*,#1821,.F.);
#1178=ORIENTED_EDGE('',*,*,#1822,.F.);
#1179=ORIENTED_EDGE('',*,*,#1823,.T.);
#1180=ORIENTED_EDGE('',*,*,#1819,.T.);
#1181=ORIENTED_EDGE('',*,*,#1824,.F.);
#1182=ORIENTED_EDGE('',*,*,#1825,.F.);
#1183=ORIENTED_EDGE('',*,*,#1826,.T.);
#1184=ORIENTED_EDGE('',*,*,#1822,.T.);
#1185=ORIENTED_EDGE('',*,*,#1827,.F.);
#1186=ORIENTED_EDGE('',*,*,#1828,.F.);
#1187=ORIENTED_EDGE('',*,*,#1829,.T.);
#1188=ORIENTED_EDGE('',*,*,#1825,.T.);
#1189=ORIENTED_EDGE('',*,*,#1830,.F.);
#1190=ORIENTED_EDGE('',*,*,#1831,.F.);
#1191=ORIENTED_EDGE('',*,*,#1832,.T.);
#1192=ORIENTED_EDGE('',*,*,#1828,.T.);
#1193=ORIENTED_EDGE('',*,*,#1833,.F.);
#1194=ORIENTED_EDGE('',*,*,#1834,.F.);
#1195=ORIENTED_EDGE('',*,*,#1835,.T.);
#1196=ORIENTED_EDGE('',*,*,#1831,.T.);
#1197=ORIENTED_EDGE('',*,*,#1836,.F.);
#1198=ORIENTED_EDGE('',*,*,#1817,.F.);
#1199=ORIENTED_EDGE('',*,*,#1837,.T.);
#1200=ORIENTED_EDGE('',*,*,#1834,.T.);
#1201=ORIENTED_EDGE('',*,*,#1838,.F.);
#1202=ORIENTED_EDGE('',*,*,#1787,.F.);
#1203=ORIENTED_EDGE('',*,*,#1839,.T.);
#1204=ORIENTED_EDGE('',*,*,#1813,.T.);
#1205=ORIENTED_EDGE('',*,*,#1735,.F.);
#1206=ORIENTED_EDGE('',*,*,#1745,.T.);
#1207=ORIENTED_EDGE('',*,*,#1798,.F.);
#1208=ORIENTED_EDGE('',*,*,#1840,.T.);
#1209=ORIENTED_EDGE('',*,*,#1794,.T.);
#1210=ORIENTED_EDGE('',*,*,#1835,.F.);
#1211=ORIENTED_EDGE('',*,*,#1837,.F.);
#1212=ORIENTED_EDGE('',*,*,#1816,.F.);
#1213=ORIENTED_EDGE('',*,*,#1820,.F.);
#1214=ORIENTED_EDGE('',*,*,#1823,.F.);
#1215=ORIENTED_EDGE('',*,*,#1826,.F.);
#1216=ORIENTED_EDGE('',*,*,#1829,.F.);
#1217=ORIENTED_EDGE('',*,*,#1832,.F.);
#1218=ORIENTED_EDGE('',*,*,#1814,.F.);
#1219=ORIENTED_EDGE('',*,*,#1839,.F.);
#1220=ORIENTED_EDGE('',*,*,#1786,.F.);
#1221=ORIENTED_EDGE('',*,*,#1789,.F.);
#1222=ORIENTED_EDGE('',*,*,#1791,.F.);
#1223=ORIENTED_EDGE('',*,*,#1793,.F.);
#1224=ORIENTED_EDGE('',*,*,#1795,.F.);
#1225=ORIENTED_EDGE('',*,*,#1840,.F.);
#1226=ORIENTED_EDGE('',*,*,#1797,.F.);
#1227=ORIENTED_EDGE('',*,*,#1800,.F.);
#1228=ORIENTED_EDGE('',*,*,#1802,.F.);
#1229=ORIENTED_EDGE('',*,*,#1804,.F.);
#1230=ORIENTED_EDGE('',*,*,#1806,.F.);
#1231=ORIENTED_EDGE('',*,*,#1808,.F.);
#1232=ORIENTED_EDGE('',*,*,#1810,.F.);
#1233=ORIENTED_EDGE('',*,*,#1812,.F.);
#1234=ORIENTED_EDGE('',*,*,#1821,.T.);
#1235=ORIENTED_EDGE('',*,*,#1818,.T.);
#1236=ORIENTED_EDGE('',*,*,#1838,.T.);
#1237=ORIENTED_EDGE('',*,*,#1836,.T.);
#1238=ORIENTED_EDGE('',*,*,#1833,.T.);
#1239=ORIENTED_EDGE('',*,*,#1830,.T.);
#1240=ORIENTED_EDGE('',*,*,#1827,.T.);
#1241=ORIENTED_EDGE('',*,*,#1824,.T.);
#1242=ORIENTED_EDGE('',*,*,#1841,.F.);
#1243=ORIENTED_EDGE('',*,*,#1842,.T.);
#1244=ORIENTED_EDGE('',*,*,#1843,.T.);
#1245=ORIENTED_EDGE('',*,*,#1750,.F.);
#1246=ORIENTED_EDGE('',*,*,#1844,.F.);
#1247=ORIENTED_EDGE('',*,*,#1845,.T.);
#1248=ORIENTED_EDGE('',*,*,#1841,.T.);
#1249=ORIENTED_EDGE('',*,*,#1749,.F.);
#1250=ORIENTED_EDGE('',*,*,#1846,.F.);
#1251=ORIENTED_EDGE('',*,*,#1847,.T.);
#1252=ORIENTED_EDGE('',*,*,#1844,.T.);
#1253=ORIENTED_EDGE('',*,*,#1764,.F.);
#1254=ORIENTED_EDGE('',*,*,#1848,.F.);
#1255=ORIENTED_EDGE('',*,*,#1849,.T.);
#1256=ORIENTED_EDGE('',*,*,#1846,.T.);
#1257=ORIENTED_EDGE('',*,*,#1763,.F.);
#1258=ORIENTED_EDGE('',*,*,#1850,.F.);
#1259=ORIENTED_EDGE('',*,*,#1851,.T.);
#1260=ORIENTED_EDGE('',*,*,#1848,.T.);
#1261=ORIENTED_EDGE('',*,*,#1762,.F.);
#1262=ORIENTED_EDGE('',*,*,#1852,.F.);
#1263=ORIENTED_EDGE('',*,*,#1853,.T.);
#1264=ORIENTED_EDGE('',*,*,#1850,.T.);
#1265=ORIENTED_EDGE('',*,*,#1761,.F.);
#1266=ORIENTED_EDGE('',*,*,#1854,.F.);
#1267=ORIENTED_EDGE('',*,*,#1855,.T.);
#1268=ORIENTED_EDGE('',*,*,#1852,.T.);
#1269=ORIENTED_EDGE('',*,*,#1760,.F.);
#1270=ORIENTED_EDGE('',*,*,#1856,.F.);
#1271=ORIENTED_EDGE('',*,*,#1857,.T.);
#1272=ORIENTED_EDGE('',*,*,#1854,.T.);
#1273=ORIENTED_EDGE('',*,*,#1759,.F.);
#1274=ORIENTED_EDGE('',*,*,#1858,.F.);
#1275=ORIENTED_EDGE('',*,*,#1859,.T.);
#1276=ORIENTED_EDGE('',*,*,#1856,.T.);
#1277=ORIENTED_EDGE('',*,*,#1758,.F.);
#1278=ORIENTED_EDGE('',*,*,#1860,.F.);
#1279=ORIENTED_EDGE('',*,*,#1861,.T.);
#1280=ORIENTED_EDGE('',*,*,#1862,.T.);
#1281=ORIENTED_EDGE('',*,*,#1756,.F.);
#1282=ORIENTED_EDGE('',*,*,#1863,.F.);
#1283=ORIENTED_EDGE('',*,*,#1864,.T.);
#1284=ORIENTED_EDGE('',*,*,#1860,.T.);
#1285=ORIENTED_EDGE('',*,*,#1755,.F.);
#1286=ORIENTED_EDGE('',*,*,#1865,.F.);
#1287=ORIENTED_EDGE('',*,*,#1866,.T.);
#1288=ORIENTED_EDGE('',*,*,#1863,.T.);
#1289=ORIENTED_EDGE('',*,*,#1754,.F.);
#1290=ORIENTED_EDGE('',*,*,#1867,.F.);
#1291=ORIENTED_EDGE('',*,*,#1868,.T.);
#1292=ORIENTED_EDGE('',*,*,#1865,.T.);
#1293=ORIENTED_EDGE('',*,*,#1753,.F.);
#1294=ORIENTED_EDGE('',*,*,#1869,.F.);
#1295=ORIENTED_EDGE('',*,*,#1870,.T.);
#1296=ORIENTED_EDGE('',*,*,#1867,.T.);
#1297=ORIENTED_EDGE('',*,*,#1752,.F.);
#1298=ORIENTED_EDGE('',*,*,#1871,.F.);
#1299=ORIENTED_EDGE('',*,*,#1872,.T.);
#1300=ORIENTED_EDGE('',*,*,#1873,.T.);
#1301=ORIENTED_EDGE('',*,*,#1874,.F.);
#1302=ORIENTED_EDGE('',*,*,#1875,.F.);
#1303=ORIENTED_EDGE('',*,*,#1876,.T.);
#1304=ORIENTED_EDGE('',*,*,#1871,.T.);
#1305=ORIENTED_EDGE('',*,*,#1877,.F.);
#1306=ORIENTED_EDGE('',*,*,#1878,.F.);
#1307=ORIENTED_EDGE('',*,*,#1879,.T.);
#1308=ORIENTED_EDGE('',*,*,#1875,.T.);
#1309=ORIENTED_EDGE('',*,*,#1880,.F.);
#1310=ORIENTED_EDGE('',*,*,#1881,.F.);
#1311=ORIENTED_EDGE('',*,*,#1882,.T.);
#1312=ORIENTED_EDGE('',*,*,#1878,.T.);
#1313=ORIENTED_EDGE('',*,*,#1883,.F.);
#1314=ORIENTED_EDGE('',*,*,#1884,.F.);
#1315=ORIENTED_EDGE('',*,*,#1885,.T.);
#1316=ORIENTED_EDGE('',*,*,#1881,.T.);
#1317=ORIENTED_EDGE('',*,*,#1886,.F.);
#1318=ORIENTED_EDGE('',*,*,#1887,.F.);
#1319=ORIENTED_EDGE('',*,*,#1888,.T.);
#1320=ORIENTED_EDGE('',*,*,#1884,.T.);
#1321=ORIENTED_EDGE('',*,*,#1889,.F.);
#1322=ORIENTED_EDGE('',*,*,#1890,.F.);
#1323=ORIENTED_EDGE('',*,*,#1891,.T.);
#1324=ORIENTED_EDGE('',*,*,#1887,.T.);
#1325=ORIENTED_EDGE('',*,*,#1892,.F.);
#1326=ORIENTED_EDGE('',*,*,#1873,.F.);
#1327=ORIENTED_EDGE('',*,*,#1893,.T.);
#1328=ORIENTED_EDGE('',*,*,#1890,.T.);
#1329=ORIENTED_EDGE('',*,*,#1894,.F.);
#1330=ORIENTED_EDGE('',*,*,#1843,.F.);
#1331=ORIENTED_EDGE('',*,*,#1895,.T.);
#1332=ORIENTED_EDGE('',*,*,#1869,.T.);
#1333=ORIENTED_EDGE('',*,*,#1751,.F.);
#1334=ORIENTED_EDGE('',*,*,#1757,.T.);
#1335=ORIENTED_EDGE('',*,*,#1862,.F.);
#1336=ORIENTED_EDGE('',*,*,#1896,.T.);
#1337=ORIENTED_EDGE('',*,*,#1858,.T.);
#1338=ORIENTED_EDGE('',*,*,#1891,.F.);
#1339=ORIENTED_EDGE('',*,*,#1893,.F.);
#1340=ORIENTED_EDGE('',*,*,#1872,.F.);
#1341=ORIENTED_EDGE('',*,*,#1876,.F.);
#1342=ORIENTED_EDGE('',*,*,#1879,.F.);
#1343=ORIENTED_EDGE('',*,*,#1882,.F.);
#1344=ORIENTED_EDGE('',*,*,#1885,.F.);
#1345=ORIENTED_EDGE('',*,*,#1888,.F.);
#1346=ORIENTED_EDGE('',*,*,#1870,.F.);
#1347=ORIENTED_EDGE('',*,*,#1895,.F.);
#1348=ORIENTED_EDGE('',*,*,#1842,.F.);
#1349=ORIENTED_EDGE('',*,*,#1845,.F.);
#1350=ORIENTED_EDGE('',*,*,#1847,.F.);
#1351=ORIENTED_EDGE('',*,*,#1849,.F.);
#1352=ORIENTED_EDGE('',*,*,#1851,.F.);
#1353=ORIENTED_EDGE('',*,*,#1853,.F.);
#1354=ORIENTED_EDGE('',*,*,#1855,.F.);
#1355=ORIENTED_EDGE('',*,*,#1857,.F.);
#1356=ORIENTED_EDGE('',*,*,#1859,.F.);
#1357=ORIENTED_EDGE('',*,*,#1896,.F.);
#1358=ORIENTED_EDGE('',*,*,#1861,.F.);
#1359=ORIENTED_EDGE('',*,*,#1864,.F.);
#1360=ORIENTED_EDGE('',*,*,#1866,.F.);
#1361=ORIENTED_EDGE('',*,*,#1868,.F.);
#1362=ORIENTED_EDGE('',*,*,#1877,.T.);
#1363=ORIENTED_EDGE('',*,*,#1874,.T.);
#1364=ORIENTED_EDGE('',*,*,#1894,.T.);
#1365=ORIENTED_EDGE('',*,*,#1892,.T.);
#1366=ORIENTED_EDGE('',*,*,#1889,.T.);
#1367=ORIENTED_EDGE('',*,*,#1886,.T.);
#1368=ORIENTED_EDGE('',*,*,#1883,.T.);
#1369=ORIENTED_EDGE('',*,*,#1880,.T.);
#1370=ORIENTED_EDGE('',*,*,#1784,.F.);
#1371=ORIENTED_EDGE('',*,*,#1777,.F.);
#1372=ORIENTED_EDGE('',*,*,#1897,.F.);
#1373=ORIENTED_EDGE('',*,*,#1770,.F.);
#1374=ORIENTED_EDGE('',*,*,#1898,.F.);
#1375=ORIENTED_EDGE('',*,*,#1782,.F.);
#1376=ORIENTED_EDGE('',*,*,#1898,.T.);
#1377=ORIENTED_EDGE('',*,*,#1768,.F.);
#1378=ORIENTED_EDGE('',*,*,#1899,.F.);
#1379=ORIENTED_EDGE('',*,*,#1783,.F.);
#1380=ORIENTED_EDGE('',*,*,#1897,.T.);
#1381=ORIENTED_EDGE('',*,*,#1781,.F.);
#1382=ORIENTED_EDGE('',*,*,#1900,.F.);
#1383=ORIENTED_EDGE('',*,*,#1772,.F.);
#1384=ORIENTED_EDGE('',*,*,#1899,.T.);
#1385=ORIENTED_EDGE('',*,*,#1766,.F.);
#1386=ORIENTED_EDGE('',*,*,#1901,.F.);
#1387=ORIENTED_EDGE('',*,*,#1778,.F.);
#1388=ORIENTED_EDGE('',*,*,#1900,.T.);
#1389=ORIENTED_EDGE('',*,*,#1780,.F.);
#1390=ORIENTED_EDGE('',*,*,#1902,.F.);
#1391=ORIENTED_EDGE('',*,*,#1774,.F.);
#1392=ORIENTED_EDGE('',*,*,#1901,.T.);
#1393=ORIENTED_EDGE('',*,*,#1776,.F.);
#1394=ORIENTED_EDGE('',*,*,#1902,.T.);
#1395=ORIENTED_EDGE('',*,*,#1779,.F.);
#1396=EDGE_CURVE('',#1903,#1904,#2238,.F.);
#1397=EDGE_CURVE('',#1905,#1903,#2239,.F.);
#1398=EDGE_CURVE('',#1906,#1905,#2240,.F.);
#1399=EDGE_CURVE('',#1906,#1907,#343,.T.);
#1400=EDGE_CURVE('',#1907,#1908,#344,.T.);
#1401=EDGE_CURVE('',#1908,#1909,#345,.T.);
#1402=EDGE_CURVE('',#1909,#1910,#346,.T.);
#1403=EDGE_CURVE('',#1911,#1910,#2241,.F.);
#1404=EDGE_CURVE('',#1911,#1912,#347,.F.);
#1405=EDGE_CURVE('',#1912,#1913,#348,.F.);
#1406=EDGE_CURVE('',#1913,#1914,#132,.T.);
#1407=EDGE_CURVE('',#1904,#1914,#2242,.F.);
#1408=EDGE_CURVE('',#1915,#1915,#349,.F.);
#1409=EDGE_CURVE('',#1916,#1917,#2243,.T.);
#1410=EDGE_CURVE('',#1916,#1918,#2244,.T.);
#1411=EDGE_CURVE('',#1918,#1919,#2245,.T.);
#1412=EDGE_CURVE('',#1919,#1920,#2246,.T.);
#1413=EDGE_CURVE('',#1920,#1921,#2247,.T.);
#1414=EDGE_CURVE('',#1917,#1921,#2248,.T.);
#1415=EDGE_CURVE('',#1922,#1923,#133,.T.);
#1416=EDGE_CURVE('',#1923,#1924,#134,.T.);
#1417=EDGE_CURVE('',#1924,#1925,#135,.T.);
#1418=EDGE_CURVE('',#1925,#1926,#136,.T.);
#1419=EDGE_CURVE('',#1926,#1927,#137,.T.);
#1420=EDGE_CURVE('',#1927,#1928,#138,.T.);
#1421=EDGE_CURVE('',#1928,#1929,#139,.T.);
#1422=EDGE_CURVE('',#1929,#1930,#140,.T.);
#1423=EDGE_CURVE('',#1931,#1930,#2249,.F.);
#1424=EDGE_CURVE('',#1931,#1932,#141,.T.);
#1425=EDGE_CURVE('',#1932,#1933,#142,.T.);
#1426=EDGE_CURVE('',#1933,#1934,#143,.T.);
#1427=EDGE_CURVE('',#1934,#1935,#144,.T.);
#1428=EDGE_CURVE('',#1935,#1936,#350,.F.);
#1429=EDGE_CURVE('',#1936,#1937,#145,.T.);
#1430=EDGE_CURVE('',#1937,#1922,#146,.T.);
#1431=EDGE_CURVE('',#1917,#1938,#2250,.T.);
#1432=EDGE_CURVE('',#1938,#1939,#2251,.T.);
#1433=EDGE_CURVE('',#1916,#1939,#2252,.T.);
#1434=EDGE_CURVE('',#1939,#1940,#2253,.T.);
#1435=EDGE_CURVE('',#1918,#1940,#2254,.T.);
#1436=EDGE_CURVE('',#1940,#1941,#2255,.T.);
#1437=EDGE_CURVE('',#1919,#1941,#2256,.T.);
#1438=EDGE_CURVE('',#1941,#1942,#2257,.T.);
#1439=EDGE_CURVE('',#1920,#1942,#2258,.T.);
#1440=EDGE_CURVE('',#1942,#1943,#2259,.T.);
#1441=EDGE_CURVE('',#1921,#1943,#2260,.T.);
#1442=EDGE_CURVE('',#1943,#1938,#2261,.T.);
#1443=EDGE_CURVE('',#1944,#1944,#351,.T.);
#1444=EDGE_CURVE('',#1945,#1946,#2262,.T.);
#1445=EDGE_CURVE('',#1946,#1947,#2263,.T.);
#1446=EDGE_CURVE('',#1947,#1948,#2264,.T.);
#1447=EDGE_CURVE('',#1948,#1949,#2265,.T.);
#1448=EDGE_CURVE('',#1949,#1950,#2266,.T.);
#1449=EDGE_CURVE('',#1950,#1945,#2267,.T.);
#1450=EDGE_CURVE('',#1951,#1951,#352,.F.);
#1451=EDGE_CURVE('',#1952,#1913,#147,.T.);
#1452=EDGE_CURVE('',#1952,#1953,#148,.T.);
#1453=EDGE_CURVE('',#1953,#1914,#2268,.T.);
#1454=EDGE_CURVE('',#1954,#1912,#149,.F.);
#1455=EDGE_CURVE('',#1954,#1952,#353,.F.);
#1456=EDGE_CURVE('',#1955,#1911,#2269,.T.);
#1457=EDGE_CURVE('',#1955,#1954,#354,.F.);
#1458=EDGE_CURVE('',#1956,#1909,#150,.F.);
#1459=EDGE_CURVE('',#1956,#1957,#355,.T.);
#1460=EDGE_CURVE('',#1957,#1910,#2270,.T.);
#1461=EDGE_CURVE('',#1958,#1908,#151,.F.);
#1462=EDGE_CURVE('',#1958,#1956,#356,.T.);
#1463=EDGE_CURVE('',#1959,#1907,#152,.F.);
#1464=EDGE_CURVE('',#1959,#1958,#357,.T.);
#1465=EDGE_CURVE('',#1960,#1906,#2271,.T.);
#1466=EDGE_CURVE('',#1960,#1959,#358,.T.);
#1467=EDGE_CURVE('',#1961,#1904,#2272,.T.);
#1468=EDGE_CURVE('',#1961,#1962,#2273,.T.);
#1469=EDGE_CURVE('',#1962,#1903,#2274,.T.);
#1470=EDGE_CURVE('',#1953,#1961,#2275,.F.);
#1471=EDGE_CURVE('',#1957,#1955,#2276,.F.);
#1472=EDGE_CURVE('',#1963,#1905,#2277,.T.);
#1473=EDGE_CURVE('',#1963,#1960,#2278,.F.);
#1474=EDGE_CURVE('',#1962,#1963,#2279,.T.);
#1475=EDGE_CURVE('',#1964,#1923,#2280,.T.);
#1476=EDGE_CURVE('',#1964,#1965,#153,.T.);
#1477=EDGE_CURVE('',#1965,#1924,#2281,.T.);
#1478=EDGE_CURVE('',#1966,#1922,#2282,.T.);
#1479=EDGE_CURVE('',#1966,#1964,#154,.T.);
#1480=EDGE_CURVE('',#1967,#1937,#2283,.T.);
#1481=EDGE_CURVE('',#1967,#1966,#155,.T.);
#1482=EDGE_CURVE('',#1968,#1936,#156,.T.);
#1483=EDGE_CURVE('',#1968,#1967,#157,.T.);
#1484=EDGE_CURVE('',#1969,#1935,#158,.F.);
#1485=EDGE_CURVE('',#1969,#1968,#359,.F.);
#1486=EDGE_CURVE('',#1970,#1934,#2284,.T.);
#1487=EDGE_CURVE('',#1970,#1969,#159,.T.);
#1488=EDGE_CURVE('',#1971,#1933,#2285,.T.);
#1489=EDGE_CURVE('',#1971,#1970,#160,.T.);
#1490=EDGE_CURVE('',#1972,#1932,#2286,.T.);
#1491=EDGE_CURVE('',#1972,#1971,#161,.T.);
#1492=EDGE_CURVE('',#1973,#1931,#2287,.T.);
#1493=EDGE_CURVE('',#1973,#1972,#162,.T.);
#1494=EDGE_CURVE('',#1974,#1929,#2288,.T.);
#1495=EDGE_CURVE('',#1974,#1975,#163,.T.);
#1496=EDGE_CURVE('',#1975,#1930,#2289,.T.);
#1497=EDGE_CURVE('',#1976,#1928,#2290,.T.);
#1498=EDGE_CURVE('',#1976,#1974,#164,.T.);
#1499=EDGE_CURVE('',#1977,#1927,#2291,.T.);
#1500=EDGE_CURVE('',#1977,#1976,#165,.T.);
#1501=EDGE_CURVE('',#1978,#1926,#2292,.T.);
#1502=EDGE_CURVE('',#1978,#1977,#166,.T.);
#1503=EDGE_CURVE('',#1979,#1925,#2293,.T.);
#1504=EDGE_CURVE('',#1979,#1978,#167,.T.);
#1505=EDGE_CURVE('',#1980,#1981,#2294,.T.);
#1506=EDGE_CURVE('',#1980,#1982,#168,.T.);
#1507=EDGE_CURVE('',#1982,#1983,#169,.F.);
#1508=EDGE_CURVE('',#1981,#1983,#170,.T.);
#1509=EDGE_CURVE('',#1984,#1985,#2295,.T.);
#1510=EDGE_CURVE('',#1984,#1980,#171,.T.);
#1511=EDGE_CURVE('',#1985,#1981,#172,.T.);
#1512=EDGE_CURVE('',#1986,#1987,#2296,.T.);
#1513=EDGE_CURVE('',#1986,#1984,#173,.T.);
#1514=EDGE_CURVE('',#1987,#1985,#174,.T.);
#1515=EDGE_CURVE('',#1988,#1989,#175,.T.);
#1516=EDGE_CURVE('',#1988,#1986,#176,.T.);
#1517=EDGE_CURVE('',#1989,#1987,#177,.T.);
#1518=EDGE_CURVE('',#1990,#1991,#178,.F.);
#1519=EDGE_CURVE('',#1990,#1988,#360,.T.);
#1520=EDGE_CURVE('',#1991,#1989,#361,.T.);
#1521=EDGE_CURVE('',#1992,#1993,#2297,.T.);
#1522=EDGE_CURVE('',#1992,#1990,#179,.T.);
#1523=EDGE_CURVE('',#1993,#1991,#180,.T.);
#1524=EDGE_CURVE('',#1994,#1995,#181,.T.);
#1525=EDGE_CURVE('',#1994,#1992,#182,.T.);
#1526=EDGE_CURVE('',#1995,#1993,#183,.T.);
#1527=EDGE_CURVE('',#1982,#1994,#362,.T.);
#1528=EDGE_CURVE('',#1983,#1995,#363,.T.);
#1529=EDGE_CURVE('',#1965,#1979,#184,.T.);
#1530=EDGE_CURVE('',#1975,#1973,#2298,.T.);
#1531=EDGE_CURVE('',#1941,#1949,#2299,.F.);
#1532=EDGE_CURVE('',#1950,#1940,#2300,.T.);
#1533=EDGE_CURVE('',#1945,#1939,#2301,.T.);
#1534=EDGE_CURVE('',#1942,#1948,#2302,.F.);
#1535=EDGE_CURVE('',#1946,#1938,#2303,.F.);
#1536=EDGE_CURVE('',#1943,#1947,#2304,.T.);
#1537=EDGE_CURVE('',#1996,#1997,#2305,.F.);
#1538=EDGE_CURVE('',#1998,#1996,#2306,.F.);
#1539=EDGE_CURVE('',#1999,#1998,#2307,.F.);
#1540=EDGE_CURVE('',#2000,#1999,#2308,.F.);
#1541=EDGE_CURVE('',#2001,#2000,#2309,.F.);
#1542=EDGE_CURVE('',#2002,#2001,#2310,.F.);
#1543=EDGE_CURVE('',#2003,#2002,#2311,.F.);
#1544=EDGE_CURVE('',#2004,#2003,#2312,.F.);
#1545=EDGE_CURVE('',#2005,#2004,#2313,.F.);
#1546=EDGE_CURVE('',#2006,#2005,#2314,.F.);
#1547=EDGE_CURVE('',#1997,#2006,#2315,.F.);
#1548=EDGE_CURVE('',#2007,#2007,#364,.F.);
#1549=EDGE_CURVE('',#2008,#2009,#2316,.T.);
#1550=EDGE_CURVE('',#2008,#2010,#2317,.T.);
#1551=EDGE_CURVE('',#2010,#2011,#2318,.T.);
#1552=EDGE_CURVE('',#2011,#2012,#2319,.T.);
#1553=EDGE_CURVE('',#2012,#2013,#2320,.T.);
#1554=EDGE_CURVE('',#2009,#2013,#2321,.T.);
#1555=EDGE_CURVE('',#2014,#2015,#2322,.F.);
#1556=EDGE_CURVE('',#2014,#2016,#185,.T.);
#1557=EDGE_CURVE('',#2016,#2017,#186,.T.);
#1558=EDGE_CURVE('',#2017,#2018,#187,.T.);
#1559=EDGE_CURVE('',#2018,#2019,#188,.T.);
#1560=EDGE_CURVE('',#2019,#2020,#189,.T.);
#1561=EDGE_CURVE('',#2020,#2021,#190,.T.);
#1562=EDGE_CURVE('',#2021,#2022,#191,.T.);
#1563=EDGE_CURVE('',#2023,#2022,#2323,.F.);
#1564=EDGE_CURVE('',#2023,#2024,#192,.T.);
#1565=EDGE_CURVE('',#2024,#2025,#193,.T.);
#1566=EDGE_CURVE('',#2025,#2026,#194,.T.);
#1567=EDGE_CURVE('',#2026,#2027,#195,.T.);
#1568=EDGE_CURVE('',#2027,#2028,#196,.T.);
#1569=EDGE_CURVE('',#2028,#2029,#197,.T.);
#1570=EDGE_CURVE('',#2029,#2030,#365,.T.);
#1571=EDGE_CURVE('',#2031,#2030,#2324,.F.);
#1572=EDGE_CURVE('',#2032,#2031,#2325,.F.);
#1573=EDGE_CURVE('',#2033,#2032,#2326,.F.);
#1574=EDGE_CURVE('',#2034,#2033,#2327,.F.);
#1575=EDGE_CURVE('',#2015,#2034,#2328,.F.);
#1576=EDGE_CURVE('',#2035,#2036,#198,.T.);
#1577=EDGE_CURVE('',#2036,#2037,#199,.T.);
#1578=EDGE_CURVE('',#2037,#2038,#200,.T.);
#1579=EDGE_CURVE('',#2038,#2039,#201,.T.);
#1580=EDGE_CURVE('',#2039,#2040,#202,.T.);
#1581=EDGE_CURVE('',#2040,#2041,#203,.T.);
#1582=EDGE_CURVE('',#2041,#2042,#204,.T.);
#1583=EDGE_CURVE('',#2042,#2035,#205,.T.);
#1584=EDGE_CURVE('',#2009,#2043,#2329,.T.);
#1585=EDGE_CURVE('',#2043,#2044,#2330,.T.);
#1586=EDGE_CURVE('',#2008,#2044,#2331,.T.);
#1587=EDGE_CURVE('',#2044,#2045,#2332,.T.);
#1588=EDGE_CURVE('',#2010,#2045,#2333,.T.);
#1589=EDGE_CURVE('',#2045,#2046,#2334,.T.);
#1590=EDGE_CURVE('',#2011,#2046,#2335,.T.);
#1591=EDGE_CURVE('',#2046,#2047,#2336,.T.);
#1592=EDGE_CURVE('',#2012,#2047,#2337,.T.);
#1593=EDGE_CURVE('',#2047,#2048,#2338,.T.);
#1594=EDGE_CURVE('',#2013,#2048,#2339,.T.);
#1595=EDGE_CURVE('',#2048,#2043,#2340,.T.);
#1596=EDGE_CURVE('',#2049,#2049,#366,.T.);
#1597=EDGE_CURVE('',#2050,#2051,#2341,.T.);
#1598=EDGE_CURVE('',#2051,#2052,#2342,.T.);
#1599=EDGE_CURVE('',#2052,#2053,#2343,.T.);
#1600=EDGE_CURVE('',#2053,#2054,#2344,.T.);
#1601=EDGE_CURVE('',#2054,#2055,#2345,.T.);
#1602=EDGE_CURVE('',#2055,#2050,#2346,.T.);
#1603=EDGE_CURVE('',#2056,#2056,#367,.F.);
#1604=EDGE_CURVE('',#2057,#2014,#2347,.T.);
#1605=EDGE_CURVE('',#2057,#2058,#206,.T.);
#1606=EDGE_CURVE('',#2058,#2016,#2348,.T.);
#1607=EDGE_CURVE('',#2059,#2029,#207,.F.);
#1608=EDGE_CURVE('',#2059,#2060,#368,.T.);
#1609=EDGE_CURVE('',#2060,#2030,#2349,.T.);
#1610=EDGE_CURVE('',#2061,#2028,#2350,.T.);
#1611=EDGE_CURVE('',#2061,#2059,#208,.T.);
#1612=EDGE_CURVE('',#2062,#2027,#2351,.T.);
#1613=EDGE_CURVE('',#2062,#2061,#209,.T.);
#1614=EDGE_CURVE('',#2063,#2026,#2352,.T.);
#1615=EDGE_CURVE('',#2063,#2062,#210,.T.);
#1616=EDGE_CURVE('',#2064,#2025,#2353,.T.);
#1617=EDGE_CURVE('',#2064,#2063,#211,.T.);
#1618=EDGE_CURVE('',#2065,#2024,#2354,.T.);
#1619=EDGE_CURVE('',#2065,#2064,#212,.T.);
#1620=EDGE_CURVE('',#2066,#2023,#2355,.T.);
#1621=EDGE_CURVE('',#2066,#2065,#213,.T.);
#1622=EDGE_CURVE('',#2067,#2021,#2356,.T.);
#1623=EDGE_CURVE('',#2067,#2068,#214,.T.);
#1624=EDGE_CURVE('',#2068,#2022,#2357,.T.);
#1625=EDGE_CURVE('',#2069,#2020,#2358,.T.);
#1626=EDGE_CURVE('',#2069,#2067,#215,.T.);
#1627=EDGE_CURVE('',#2070,#2019,#2359,.T.);
#1628=EDGE_CURVE('',#2070,#2069,#216,.T.);
#1629=EDGE_CURVE('',#2071,#2018,#2360,.T.);
#1630=EDGE_CURVE('',#2071,#2070,#217,.T.);
#1631=EDGE_CURVE('',#2072,#2017,#2361,.T.);
#1632=EDGE_CURVE('',#2072,#2071,#218,.T.);
#1633=EDGE_CURVE('',#2058,#2072,#219,.T.);
#1634=EDGE_CURVE('',#2073,#2015,#2362,.T.);
#1635=EDGE_CURVE('',#2073,#2057,#2363,.T.);
#1636=EDGE_CURVE('',#2074,#2034,#2364,.T.);
#1637=EDGE_CURVE('',#2074,#2073,#2365,.F.);
#1638=EDGE_CURVE('',#2075,#2033,#2366,.T.);
#1639=EDGE_CURVE('',#2075,#2074,#2367,.F.);
#1640=EDGE_CURVE('',#2076,#2032,#2368,.T.);
#1641=EDGE_CURVE('',#2076,#2075,#2369,.T.);
#1642=EDGE_CURVE('',#2077,#2031,#2370,.T.);
#1643=EDGE_CURVE('',#2077,#2076,#2371,.T.);
#1644=EDGE_CURVE('',#2060,#2077,#2372,.F.);
#1645=EDGE_CURVE('',#2068,#2066,#2373,.T.);
#1646=EDGE_CURVE('',#2078,#2036,#2374,.T.);
#1647=EDGE_CURVE('',#2078,#2079,#220,.T.);
#1648=EDGE_CURVE('',#2079,#2037,#2375,.T.);
#1649=EDGE_CURVE('',#2080,#2035,#2376,.T.);
#1650=EDGE_CURVE('',#2080,#2078,#221,.T.);
#1651=EDGE_CURVE('',#2081,#2042,#2377,.T.);
#1652=EDGE_CURVE('',#2081,#2080,#222,.T.);
#1653=EDGE_CURVE('',#2082,#2041,#2378,.T.);
#1654=EDGE_CURVE('',#2082,#2081,#223,.T.);
#1655=EDGE_CURVE('',#2083,#2040,#2379,.T.);
#1656=EDGE_CURVE('',#2083,#2082,#224,.T.);
#1657=EDGE_CURVE('',#2084,#2039,#2380,.T.);
#1658=EDGE_CURVE('',#2084,#2083,#225,.T.);
#1659=EDGE_CURVE('',#2085,#2038,#2381,.T.);
#1660=EDGE_CURVE('',#2085,#2084,#226,.T.);
#1661=EDGE_CURVE('',#2086,#2087,#2382,.T.);
#1662=EDGE_CURVE('',#2086,#2088,#227,.T.);
#1663=EDGE_CURVE('',#2088,#2089,#2383,.T.);
#1664=EDGE_CURVE('',#2087,#2089,#228,.T.);
#1665=EDGE_CURVE('',#2090,#2091,#2384,.T.);
#1666=EDGE_CURVE('',#2090,#2086,#229,.T.);
#1667=EDGE_CURVE('',#2091,#2087,#230,.T.);
#1668=EDGE_CURVE('',#2092,#2093,#2385,.T.);
#1669=EDGE_CURVE('',#2092,#2090,#231,.T.);
#1670=EDGE_CURVE('',#2093,#2091,#232,.T.);
#1671=EDGE_CURVE('',#2094,#2095,#2386,.T.);
#1672=EDGE_CURVE('',#2094,#2092,#233,.T.);
#1673=EDGE_CURVE('',#2095,#2093,#234,.T.);
#1674=EDGE_CURVE('',#2096,#2097,#2387,.T.);
#1675=EDGE_CURVE('',#2096,#2094,#235,.T.);
#1676=EDGE_CURVE('',#2097,#2095,#236,.T.);
#1677=EDGE_CURVE('',#2098,#2099,#2388,.T.);
#1678=EDGE_CURVE('',#2098,#2096,#237,.T.);
#1679=EDGE_CURVE('',#2099,#2097,#238,.T.);
#1680=EDGE_CURVE('',#2100,#2101,#2389,.T.);
#1681=EDGE_CURVE('',#2100,#2098,#239,.T.);
#1682=EDGE_CURVE('',#2101,#2099,#240,.T.);
#1683=EDGE_CURVE('',#2102,#2103,#2390,.T.);
#1684=EDGE_CURVE('',#2102,#2100,#241,.T.);
#1685=EDGE_CURVE('',#2103,#2101,#242,.T.);
#1686=EDGE_CURVE('',#2104,#2105,#2391,.T.);
#1687=EDGE_CURVE('',#2104,#2102,#243,.T.);
#1688=EDGE_CURVE('',#2105,#2103,#244,.T.);
#1689=EDGE_CURVE('',#2106,#2107,#2392,.T.);
#1690=EDGE_CURVE('',#2106,#2104,#245,.T.);
#1691=EDGE_CURVE('',#2107,#2105,#246,.T.);
#1692=EDGE_CURVE('',#2108,#2109,#2393,.T.);
#1693=EDGE_CURVE('',#2108,#2106,#247,.T.);
#1694=EDGE_CURVE('',#2109,#2107,#248,.T.);
#1695=EDGE_CURVE('',#2088,#2108,#249,.T.);
#1696=EDGE_CURVE('',#2089,#2109,#250,.T.);
#1697=EDGE_CURVE('',#2079,#2085,#251,.T.);
#1698=EDGE_CURVE('',#2110,#1997,#2394,.T.);
#1699=EDGE_CURVE('',#2110,#2111,#2395,.T.);
#1700=EDGE_CURVE('',#2111,#1996,#2396,.T.);
#1701=EDGE_CURVE('',#2112,#2006,#2397,.T.);
#1702=EDGE_CURVE('',#2112,#2110,#2398,.F.);
#1703=EDGE_CURVE('',#2113,#2005,#2399,.T.);
#1704=EDGE_CURVE('',#2113,#2112,#2400,.T.);
#1705=EDGE_CURVE('',#2114,#2004,#2401,.T.);
#1706=EDGE_CURVE('',#2114,#2113,#2402,.T.);
#1707=EDGE_CURVE('',#2115,#2003,#2403,.T.);
#1708=EDGE_CURVE('',#2115,#2114,#2404,.T.);
#1709=EDGE_CURVE('',#2116,#2002,#2405,.T.);
#1710=EDGE_CURVE('',#2116,#2115,#2406,.T.);
#1711=EDGE_CURVE('',#2117,#2001,#2407,.T.);
#1712=EDGE_CURVE('',#2117,#2116,#2408,.T.);
#1713=EDGE_CURVE('',#2118,#2000,#2409,.T.);
#1714=EDGE_CURVE('',#2118,#2117,#2410,.T.);
#1715=EDGE_CURVE('',#2119,#1999,#2411,.T.);
#1716=EDGE_CURVE('',#2119,#2118,#2412,.T.);
#1717=EDGE_CURVE('',#2120,#1998,#2413,.T.);
#1718=EDGE_CURVE('',#2120,#2119,#2414,.F.);
#1719=EDGE_CURVE('',#2111,#2120,#2415,.F.);
#1720=EDGE_CURVE('',#2046,#2054,#2416,.F.);
#1721=EDGE_CURVE('',#2055,#2045,#2417,.T.);
#1722=EDGE_CURVE('',#2050,#2044,#2418,.T.);
#1723=EDGE_CURVE('',#2047,#2053,#2419,.F.);
#1724=EDGE_CURVE('',#2051,#2043,#2420,.F.);
#1725=EDGE_CURVE('',#2048,#2052,#2421,.T.);
#1726=EDGE_CURVE('',#2121,#2121,#369,.F.);
#1727=EDGE_CURVE('',#2122,#2123,#2422,.T.);
#1728=EDGE_CURVE('',#2122,#2124,#2423,.T.);
#1729=EDGE_CURVE('',#2124,#2125,#2424,.T.);
#1730=EDGE_CURVE('',#2125,#2126,#2425,.T.);
#1731=EDGE_CURVE('',#2126,#2127,#2426,.T.);
#1732=EDGE_CURVE('',#2123,#2127,#2427,.T.);
#1733=EDGE_CURVE('',#2128,#2129,#370,.F.);
#1734=EDGE_CURVE('',#2129,#2130,#371,.F.);
#1735=EDGE_CURVE('',#2130,#2131,#252,.T.);
#1736=EDGE_CURVE('',#2131,#2132,#253,.T.);
#1737=EDGE_CURVE('',#2132,#2133,#254,.T.);
#1738=EDGE_CURVE('',#2133,#2134,#255,.T.);
#1739=EDGE_CURVE('',#2134,#2135,#256,.T.);
#1740=EDGE_CURVE('',#2135,#2136,#257,.T.);
#1741=EDGE_CURVE('',#2136,#2137,#258,.T.);
#1742=EDGE_CURVE('',#2137,#2138,#259,.T.);
#1743=EDGE_CURVE('',#2138,#2139,#260,.T.);
#1744=EDGE_CURVE('',#2139,#2140,#261,.T.);
#1745=EDGE_CURVE('',#2141,#2140,#2428,.F.);
#1746=EDGE_CURVE('',#2141,#2142,#262,.T.);
#1747=EDGE_CURVE('',#2142,#2143,#263,.T.);
#1748=EDGE_CURVE('',#2143,#2128,#264,.T.);
#1749=EDGE_CURVE('',#2144,#2145,#265,.T.);
#1750=EDGE_CURVE('',#2145,#2146,#266,.T.);
#1751=EDGE_CURVE('',#2146,#2147,#267,.T.);
#1752=EDGE_CURVE('',#2147,#2148,#268,.T.);
#1753=EDGE_CURVE('',#2148,#2149,#269,.T.);
#1754=EDGE_CURVE('',#2149,#2150,#270,.T.);
#1755=EDGE_CURVE('',#2150,#2151,#271,.T.);
#1756=EDGE_CURVE('',#2151,#2152,#272,.T.);
#1757=EDGE_CURVE('',#2153,#2152,#2429,.F.);
#1758=EDGE_CURVE('',#2153,#2154,#273,.T.);
#1759=EDGE_CURVE('',#2154,#2155,#274,.T.);
#1760=EDGE_CURVE('',#2155,#2156,#275,.T.);
#1761=EDGE_CURVE('',#2156,#2157,#276,.T.);
#1762=EDGE_CURVE('',#2157,#2158,#372,.F.);
#1763=EDGE_CURVE('',#2158,#2159,#277,.T.);
#1764=EDGE_CURVE('',#2159,#2144,#278,.T.);
#1765=EDGE_CURVE('',#2123,#2160,#2430,.T.);
#1766=EDGE_CURVE('',#2160,#2161,#2431,.T.);
#1767=EDGE_CURVE('',#2122,#2161,#2432,.T.);
#1768=EDGE_CURVE('',#2161,#2162,#2433,.T.);
#1769=EDGE_CURVE('',#2124,#2162,#2434,.T.);
#1770=EDGE_CURVE('',#2162,#2163,#2435,.T.);
#1771=EDGE_CURVE('',#2125,#2163,#2436,.T.);
#1772=EDGE_CURVE('',#2163,#2164,#2437,.T.);
#1773=EDGE_CURVE('',#2126,#2164,#2438,.T.);
#1774=EDGE_CURVE('',#2164,#2165,#2439,.T.);
#1775=EDGE_CURVE('',#2127,#2165,#2440,.T.);
#1776=EDGE_CURVE('',#2165,#2160,#2441,.T.);
#1777=EDGE_CURVE('',#2166,#2166,#373,.T.);
#1778=EDGE_CURVE('',#2167,#2168,#2442,.T.);
#1779=EDGE_CURVE('',#2168,#2169,#2443,.T.);
#1780=EDGE_CURVE('',#2169,#2170,#2444,.T.);
#1781=EDGE_CURVE('',#2170,#2171,#2445,.T.);
#1782=EDGE_CURVE('',#2171,#2172,#2446,.T.);
#1783=EDGE_CURVE('',#2172,#2167,#2447,.T.);
#1784=EDGE_CURVE('',#2173,#2173,#374,.F.);
#1785=EDGE_CURVE('',#2174,#2129,#279,.F.);
#1786=EDGE_CURVE('',#2174,#2175,#375,.F.);
#1787=EDGE_CURVE('',#2175,#2130,#280,.T.);
#1788=EDGE_CURVE('',#2176,#2128,#281,.F.);
#1789=EDGE_CURVE('',#2176,#2174,#376,.F.);
#1790=EDGE_CURVE('',#2177,#2143,#2448,.T.);
#1791=EDGE_CURVE('',#2177,#2176,#282,.T.);
#1792=EDGE_CURVE('',#2178,#2142,#2449,.T.);
#1793=EDGE_CURVE('',#2178,#2177,#283,.T.);
#1794=EDGE_CURVE('',#2179,#2141,#2450,.T.);
#1795=EDGE_CURVE('',#2179,#2178,#284,.T.);
#1796=EDGE_CURVE('',#2180,#2139,#2451,.T.);
#1797=EDGE_CURVE('',#2180,#2181,#285,.T.);
#1798=EDGE_CURVE('',#2181,#2140,#2452,.T.);
#1799=EDGE_CURVE('',#2182,#2138,#2453,.T.);
#1800=EDGE_CURVE('',#2182,#2180,#286,.T.);
#1801=EDGE_CURVE('',#2183,#2137,#2454,.T.);
#1802=EDGE_CURVE('',#2183,#2182,#287,.T.);
#1803=EDGE_CURVE('',#2184,#2136,#2455,.T.);
#1804=EDGE_CURVE('',#2184,#2183,#288,.T.);
#1805=EDGE_CURVE('',#2185,#2135,#2456,.T.);
#1806=EDGE_CURVE('',#2185,#2184,#289,.T.);
#1807=EDGE_CURVE('',#2186,#2134,#2457,.T.);
#1808=EDGE_CURVE('',#2186,#2185,#290,.T.);
#1809=EDGE_CURVE('',#2187,#2133,#2458,.T.);
#1810=EDGE_CURVE('',#2187,#2186,#291,.T.);
#1811=EDGE_CURVE('',#2188,#2132,#2459,.T.);
#1812=EDGE_CURVE('',#2188,#2187,#292,.T.);
#1813=EDGE_CURVE('',#2189,#2131,#2460,.T.);
#1814=EDGE_CURVE('',#2189,#2188,#293,.T.);
#1815=EDGE_CURVE('',#2190,#2191,#2461,.T.);
#1816=EDGE_CURVE('',#2190,#2192,#294,.T.);
#1817=EDGE_CURVE('',#2192,#2193,#2462,.T.);
#1818=EDGE_CURVE('',#2191,#2193,#295,.T.);
#1819=EDGE_CURVE('',#2194,#2195,#2463,.T.);
#1820=EDGE_CURVE('',#2194,#2190,#296,.T.);
#1821=EDGE_CURVE('',#2195,#2191,#297,.T.);
#1822=EDGE_CURVE('',#2196,#2197,#2464,.T.);
#1823=EDGE_CURVE('',#2196,#2194,#298,.T.);
#1824=EDGE_CURVE('',#2197,#2195,#299,.T.);
#1825=EDGE_CURVE('',#2198,#2199,#2465,.T.);
#1826=EDGE_CURVE('',#2198,#2196,#300,.T.);
#1827=EDGE_CURVE('',#2199,#2197,#301,.T.);
#1828=EDGE_CURVE('',#2200,#2201,#2466,.T.);
#1829=EDGE_CURVE('',#2200,#2198,#302,.T.);
#1830=EDGE_CURVE('',#2201,#2199,#303,.T.);
#1831=EDGE_CURVE('',#2202,#2203,#2467,.T.);
#1832=EDGE_CURVE('',#2202,#2200,#304,.T.);
#1833=EDGE_CURVE('',#2203,#2201,#305,.T.);
#1834=EDGE_CURVE('',#2204,#2205,#2468,.T.);
#1835=EDGE_CURVE('',#2204,#2202,#306,.T.);
#1836=EDGE_CURVE('',#2205,#2203,#307,.T.);
#1837=EDGE_CURVE('',#2192,#2204,#308,.T.);
#1838=EDGE_CURVE('',#2193,#2205,#309,.T.);
#1839=EDGE_CURVE('',#2175,#2189,#310,.T.);
#1840=EDGE_CURVE('',#2181,#2179,#2469,.T.);
#1841=EDGE_CURVE('',#2206,#2145,#2470,.T.);
#1842=EDGE_CURVE('',#2206,#2207,#311,.T.);
#1843=EDGE_CURVE('',#2207,#2146,#2471,.T.);
#1844=EDGE_CURVE('',#2208,#2144,#2472,.T.);
#1845=EDGE_CURVE('',#2208,#2206,#312,.T.);
#1846=EDGE_CURVE('',#2209,#2159,#2473,.T.);
#1847=EDGE_CURVE('',#2209,#2208,#313,.T.);
#1848=EDGE_CURVE('',#2210,#2158,#314,.T.);
#1849=EDGE_CURVE('',#2210,#2209,#315,.T.);
#1850=EDGE_CURVE('',#2211,#2157,#316,.F.);
#1851=EDGE_CURVE('',#2211,#2210,#377,.F.);
#1852=EDGE_CURVE('',#2212,#2156,#2474,.T.);
#1853=EDGE_CURVE('',#2212,#2211,#317,.T.);
#1854=EDGE_CURVE('',#2213,#2155,#2475,.T.);
#1855=EDGE_CURVE('',#2213,#2212,#318,.T.);
#1856=EDGE_CURVE('',#2214,#2154,#2476,.T.);
#1857=EDGE_CURVE('',#2214,#2213,#319,.T.);
#1858=EDGE_CURVE('',#2215,#2153,#2477,.T.);
#1859=EDGE_CURVE('',#2215,#2214,#320,.T.);
#1860=EDGE_CURVE('',#2216,#2151,#2478,.T.);
#1861=EDGE_CURVE('',#2216,#2217,#321,.T.);
#1862=EDGE_CURVE('',#2217,#2152,#2479,.T.);
#1863=EDGE_CURVE('',#2218,#2150,#2480,.T.);
#1864=EDGE_CURVE('',#2218,#2216,#322,.T.);
#1865=EDGE_CURVE('',#2219,#2149,#2481,.T.);
#1866=EDGE_CURVE('',#2219,#2218,#323,.T.);
#1867=EDGE_CURVE('',#2220,#2148,#2482,.T.);
#1868=EDGE_CURVE('',#2220,#2219,#324,.T.);
#1869=EDGE_CURVE('',#2221,#2147,#2483,.T.);
#1870=EDGE_CURVE('',#2221,#2220,#325,.T.);
#1871=EDGE_CURVE('',#2222,#2223,#2484,.T.);
#1872=EDGE_CURVE('',#2222,#2224,#326,.T.);
#1873=EDGE_CURVE('',#2224,#2225,#327,.F.);
#1874=EDGE_CURVE('',#2223,#2225,#328,.T.);
#1875=EDGE_CURVE('',#2226,#2227,#2485,.T.);
#1876=EDGE_CURVE('',#2226,#2222,#329,.T.);
#1877=EDGE_CURVE('',#2227,#2223,#330,.T.);
#1878=EDGE_CURVE('',#2228,#2229,#2486,.T.);
#1879=EDGE_CURVE('',#2228,#2226,#331,.T.);
#1880=EDGE_CURVE('',#2229,#2227,#332,.T.);
#1881=EDGE_CURVE('',#2230,#2231,#333,.T.);
#1882=EDGE_CURVE('',#2230,#2228,#334,.T.);
#1883=EDGE_CURVE('',#2231,#2229,#335,.T.);
#1884=EDGE_CURVE('',#2232,#2233,#336,.F.);
#1885=EDGE_CURVE('',#2232,#2230,#378,.T.);
#1886=EDGE_CURVE('',#2233,#2231,#379,.T.);
#1887=EDGE_CURVE('',#2234,#2235,#2487,.T.);
#1888=EDGE_CURVE('',#2234,#2232,#337,.T.);
#1889=EDGE_CURVE('',#2235,#2233,#338,.T.);
#1890=EDGE_CURVE('',#2236,#2237,#339,.T.);
#1891=EDGE_CURVE('',#2236,#2234,#340,.T.);
#1892=EDGE_CURVE('',#2237,#2235,#341,.T.);
#1893=EDGE_CURVE('',#2224,#2236,#380,.T.);
#1894=EDGE_CURVE('',#2225,#2237,#381,.T.);
#1895=EDGE_CURVE('',#2207,#2221,#342,.T.);
#1896=EDGE_CURVE('',#2217,#2215,#2488,.T.);
#1897=EDGE_CURVE('',#2163,#2171,#2489,.F.);
#1898=EDGE_CURVE('',#2172,#2162,#2490,.T.);
#1899=EDGE_CURVE('',#2167,#2161,#2491,.T.);
#1900=EDGE_CURVE('',#2164,#2170,#2492,.F.);
#1901=EDGE_CURVE('',#2168,#2160,#2493,.F.);
#1902=EDGE_CURVE('',#2165,#2169,#2494,.T.);
#1903=VERTEX_POINT('',#4184);
#1904=VERTEX_POINT('',#4185);
#1905=VERTEX_POINT('',#4187);
#1906=VERTEX_POINT('',#4189);
#1907=VERTEX_POINT('',#4191);
#1908=VERTEX_POINT('',#4193);
#1909=VERTEX_POINT('',#4195);
#1910=VERTEX_POINT('',#4197);
#1911=VERTEX_POINT('',#4199);
#1912=VERTEX_POINT('',#4201);
#1913=VERTEX_POINT('',#4203);
#1914=VERTEX_POINT('',#4207);
#1915=VERTEX_POINT('',#4210);
#1916=VERTEX_POINT('',#4212);
#1917=VERTEX_POINT('',#4213);
#1918=VERTEX_POINT('',#4215);
#1919=VERTEX_POINT('',#4217);
#1920=VERTEX_POINT('',#4219);
#1921=VERTEX_POINT('',#4221);
#1922=VERTEX_POINT('',#4226);
#1923=VERTEX_POINT('',#4227);
#1924=VERTEX_POINT('',#4231);
#1925=VERTEX_POINT('',#4235);
#1926=VERTEX_POINT('',#4239);
#1927=VERTEX_POINT('',#4243);
#1928=VERTEX_POINT('',#4247);
#1929=VERTEX_POINT('',#4251);
#1930=VERTEX_POINT('',#4255);
#1931=VERTEX_POINT('',#4257);
#1932=VERTEX_POINT('',#4261);
#1933=VERTEX_POINT('',#4265);
#1934=VERTEX_POINT('',#4269);
#1935=VERTEX_POINT('',#4273);
#1936=VERTEX_POINT('',#4275);
#1937=VERTEX_POINT('',#4279);
#1938=VERTEX_POINT('',#4285);
#1939=VERTEX_POINT('',#4287);
#1940=VERTEX_POINT('',#4291);
#1941=VERTEX_POINT('',#4295);
#1942=VERTEX_POINT('',#4299);
#1943=VERTEX_POINT('',#4303);
#1944=VERTEX_POINT('',#4309);
#1945=VERTEX_POINT('',#4311);
#1946=VERTEX_POINT('',#4312);
#1947=VERTEX_POINT('',#4314);
#1948=VERTEX_POINT('',#4316);
#1949=VERTEX_POINT('',#4318);
#1950=VERTEX_POINT('',#4320);
#1951=VERTEX_POINT('',#4324);
#1952=VERTEX_POINT('',#4337);
#1953=VERTEX_POINT('',#4341);
#1954=VERTEX_POINT('',#4348);
#1955=VERTEX_POINT('',#4352);
#1956=VERTEX_POINT('',#4359);
#1957=VERTEX_POINT('',#4361);
#1958=VERTEX_POINT('',#4368);
#1959=VERTEX_POINT('',#4375);
#1960=VERTEX_POINT('',#4379);
#1961=VERTEX_POINT('',#4383);
#1962=VERTEX_POINT('',#4385);
#1963=VERTEX_POINT('',#4393);
#1964=VERTEX_POINT('',#4407);
#1965=VERTEX_POINT('',#4411);
#1966=VERTEX_POINT('',#4422);
#1967=VERTEX_POINT('',#4435);
#1968=VERTEX_POINT('',#4451);
#1969=VERTEX_POINT('',#4460);
#1970=VERTEX_POINT('',#4471);
#1971=VERTEX_POINT('',#4484);
#1972=VERTEX_POINT('',#4497);
#1973=VERTEX_POINT('',#4510);
#1974=VERTEX_POINT('',#4523);
#1975=VERTEX_POINT('',#4527);
#1976=VERTEX_POINT('',#4538);
#1977=VERTEX_POINT('',#4551);
#1978=VERTEX_POINT('',#4564);
#1979=VERTEX_POINT('',#4577);
#1980=VERTEX_POINT('',#4590);
#1981=VERTEX_POINT('',#4591);
#1982=VERTEX_POINT('',#4595);
#1983=VERTEX_POINT('',#4600);
#1984=VERTEX_POINT('',#4613);
#1985=VERTEX_POINT('',#4614);
#1986=VERTEX_POINT('',#4630);
#1987=VERTEX_POINT('',#4631);
#1988=VERTEX_POINT('',#4650);
#1989=VERTEX_POINT('',#4651);
#1990=VERTEX_POINT('',#4663);
#1991=VERTEX_POINT('',#4664);
#1992=VERTEX_POINT('',#4676);
#1993=VERTEX_POINT('',#4677);
#1994=VERTEX_POINT('',#4696);
#1995=VERTEX_POINT('',#4697);
#1996=VERTEX_POINT('',#4738);
#1997=VERTEX_POINT('',#4739);
#1998=VERTEX_POINT('',#4741);
#1999=VERTEX_POINT('',#4743);
#2000=VERTEX_POINT('',#4745);
#2001=VERTEX_POINT('',#4747);
#2002=VERTEX_POINT('',#4749);
#2003=VERTEX_POINT('',#4751);
#2004=VERTEX_POINT('',#4753);
#2005=VERTEX_POINT('',#4755);
#2006=VERTEX_POINT('',#4757);
#2007=VERTEX_POINT('',#4760);
#2008=VERTEX_POINT('',#4762);
#2009=VERTEX_POINT('',#4763);
#2010=VERTEX_POINT('',#4765);
#2011=VERTEX_POINT('',#4767);
#2012=VERTEX_POINT('',#4769);
#2013=VERTEX_POINT('',#4771);
#2014=VERTEX_POINT('',#4774);
#2015=VERTEX_POINT('',#4775);
#2016=VERTEX_POINT('',#4779);
#2017=VERTEX_POINT('',#4783);
#2018=VERTEX_POINT('',#4787);
#2019=VERTEX_POINT('',#4791);
#2020=VERTEX_POINT('',#4795);
#2021=VERTEX_POINT('',#4799);
#2022=VERTEX_POINT('',#4803);
#2023=VERTEX_POINT('',#4805);
#2024=VERTEX_POINT('',#4809);
#2025=VERTEX_POINT('',#4813);
#2026=VERTEX_POINT('',#4817);
#2027=VERTEX_POINT('',#4821);
#2028=VERTEX_POINT('',#4825);
#2029=VERTEX_POINT('',#4829);
#2030=VERTEX_POINT('',#4831);
#2031=VERTEX_POINT('',#4833);
#2032=VERTEX_POINT('',#4835);
#2033=VERTEX_POINT('',#4837);
#2034=VERTEX_POINT('',#4839);
#2035=VERTEX_POINT('',#4844);
#2036=VERTEX_POINT('',#4845);
#2037=VERTEX_POINT('',#4849);
#2038=VERTEX_POINT('',#4853);
#2039=VERTEX_POINT('',#4857);
#2040=VERTEX_POINT('',#4861);
#2041=VERTEX_POINT('',#4865);
#2042=VERTEX_POINT('',#4869);
#2043=VERTEX_POINT('',#4875);
#2044=VERTEX_POINT('',#4877);
#2045=VERTEX_POINT('',#4881);
#2046=VERTEX_POINT('',#4885);
#2047=VERTEX_POINT('',#4889);
#2048=VERTEX_POINT('',#4893);
#2049=VERTEX_POINT('',#4899);
#2050=VERTEX_POINT('',#4901);
#2051=VERTEX_POINT('',#4902);
#2052=VERTEX_POINT('',#4904);
#2053=VERTEX_POINT('',#4906);
#2054=VERTEX_POINT('',#4908);
#2055=VERTEX_POINT('',#4910);
#2056=VERTEX_POINT('',#4914);
#2057=VERTEX_POINT('',#4924);
#2058=VERTEX_POINT('',#4928);
#2059=VERTEX_POINT('',#4935);
#2060=VERTEX_POINT('',#4937);
#2061=VERTEX_POINT('',#4948);
#2062=VERTEX_POINT('',#4961);
#2063=VERTEX_POINT('',#4974);
#2064=VERTEX_POINT('',#4987);
#2065=VERTEX_POINT('',#5000);
#2066=VERTEX_POINT('',#5013);
#2067=VERTEX_POINT('',#5026);
#2068=VERTEX_POINT('',#5030);
#2069=VERTEX_POINT('',#5041);
#2070=VERTEX_POINT('',#5054);
#2071=VERTEX_POINT('',#5067);
#2072=VERTEX_POINT('',#5080);
#2073=VERTEX_POINT('',#5097);
#2074=VERTEX_POINT('',#5101);
#2075=VERTEX_POINT('',#5105);
#2076=VERTEX_POINT('',#5109);
#2077=VERTEX_POINT('',#5113);
#2078=VERTEX_POINT('',#5129);
#2079=VERTEX_POINT('',#5133);
#2080=VERTEX_POINT('',#5144);
#2081=VERTEX_POINT('',#5157);
#2082=VERTEX_POINT('',#5170);
#2083=VERTEX_POINT('',#5183);
#2084=VERTEX_POINT('',#5196);
#2085=VERTEX_POINT('',#5209);
#2086=VERTEX_POINT('',#5222);
#2087=VERTEX_POINT('',#5223);
#2088=VERTEX_POINT('',#5227);
#2089=VERTEX_POINT('',#5229);
#2090=VERTEX_POINT('',#5242);
#2091=VERTEX_POINT('',#5243);
#2092=VERTEX_POINT('',#5259);
#2093=VERTEX_POINT('',#5260);
#2094=VERTEX_POINT('',#5276);
#2095=VERTEX_POINT('',#5277);
#2096=VERTEX_POINT('',#5293);
#2097=VERTEX_POINT('',#5294);
#2098=VERTEX_POINT('',#5310);
#2099=VERTEX_POINT('',#5311);
#2100=VERTEX_POINT('',#5327);
#2101=VERTEX_POINT('',#5328);
#2102=VERTEX_POINT('',#5344);
#2103=VERTEX_POINT('',#5345);
#2104=VERTEX_POINT('',#5361);
#2105=VERTEX_POINT('',#5362);
#2106=VERTEX_POINT('',#5378);
#2107=VERTEX_POINT('',#5379);
#2108=VERTEX_POINT('',#5395);
#2109=VERTEX_POINT('',#5396);
#2110=VERTEX_POINT('',#5432);
#2111=VERTEX_POINT('',#5434);
#2112=VERTEX_POINT('',#5438);
#2113=VERTEX_POINT('',#5442);
#2114=VERTEX_POINT('',#5446);
#2115=VERTEX_POINT('',#5450);
#2116=VERTEX_POINT('',#5454);
#2117=VERTEX_POINT('',#5458);
#2118=VERTEX_POINT('',#5462);
#2119=VERTEX_POINT('',#5466);
#2120=VERTEX_POINT('',#5470);
#2121=VERTEX_POINT('',#5491);
#2122=VERTEX_POINT('',#5493);
#2123=VERTEX_POINT('',#5494);
#2124=VERTEX_POINT('',#5496);
#2125=VERTEX_POINT('',#5498);
#2126=VERTEX_POINT('',#5500);
#2127=VERTEX_POINT('',#5502);
#2128=VERTEX_POINT('',#5505);
#2129=VERTEX_POINT('',#5506);
#2130=VERTEX_POINT('',#5508);
#2131=VERTEX_POINT('',#5512);
#2132=VERTEX_POINT('',#5516);
#2133=VERTEX_POINT('',#5520);
#2134=VERTEX_POINT('',#5524);
#2135=VERTEX_POINT('',#5528);
#2136=VERTEX_POINT('',#5532);
#2137=VERTEX_POINT('',#5536);
#2138=VERTEX_POINT('',#5540);
#2139=VERTEX_POINT('',#5544);
#2140=VERTEX_POINT('',#5548);
#2141=VERTEX_POINT('',#5550);
#2142=VERTEX_POINT('',#5554);
#2143=VERTEX_POINT('',#5558);
#2144=VERTEX_POINT('',#5565);
#2145=VERTEX_POINT('',#5566);
#2146=VERTEX_POINT('',#5570);
#2147=VERTEX_POINT('',#5574);
#2148=VERTEX_POINT('',#5578);
#2149=VERTEX_POINT('',#5582);
#2150=VERTEX_POINT('',#5586);
#2151=VERTEX_POINT('',#5590);
#2152=VERTEX_POINT('',#5594);
#2153=VERTEX_POINT('',#5596);
#2154=VERTEX_POINT('',#5600);
#2155=VERTEX_POINT('',#5604);
#2156=VERTEX_POINT('',#5608);
#2157=VERTEX_POINT('',#5612);
#2158=VERTEX_POINT('',#5614);
#2159=VERTEX_POINT('',#5618);
#2160=VERTEX_POINT('',#5624);
#2161=VERTEX_POINT('',#5626);
#2162=VERTEX_POINT('',#5630);
#2163=VERTEX_POINT('',#5634);
#2164=VERTEX_POINT('',#5638);
#2165=VERTEX_POINT('',#5642);
#2166=VERTEX_POINT('',#5648);
#2167=VERTEX_POINT('',#5650);
#2168=VERTEX_POINT('',#5651);
#2169=VERTEX_POINT('',#5653);
#2170=VERTEX_POINT('',#5655);
#2171=VERTEX_POINT('',#5657);
#2172=VERTEX_POINT('',#5659);
#2173=VERTEX_POINT('',#5663);
#2174=VERTEX_POINT('',#5669);
#2175=VERTEX_POINT('',#5671);
#2176=VERTEX_POINT('',#5681);
#2177=VERTEX_POINT('',#5692);
#2178=VERTEX_POINT('',#5705);
#2179=VERTEX_POINT('',#5718);
#2180=VERTEX_POINT('',#5731);
#2181=VERTEX_POINT('',#5735);
#2182=VERTEX_POINT('',#5746);
#2183=VERTEX_POINT('',#5759);
#2184=VERTEX_POINT('',#5772);
#2185=VERTEX_POINT('',#5785);
#2186=VERTEX_POINT('',#5798);
#2187=VERTEX_POINT('',#5811);
#2188=VERTEX_POINT('',#5824);
#2189=VERTEX_POINT('',#5837);
#2190=VERTEX_POINT('',#5850);
#2191=VERTEX_POINT('',#5851);
#2192=VERTEX_POINT('',#5855);
#2193=VERTEX_POINT('',#5857);
#2194=VERTEX_POINT('',#5870);
#2195=VERTEX_POINT('',#5871);
#2196=VERTEX_POINT('',#5887);
#2197=VERTEX_POINT('',#5888);
#2198=VERTEX_POINT('',#5904);
#2199=VERTEX_POINT('',#5905);
#2200=VERTEX_POINT('',#5921);
#2201=VERTEX_POINT('',#5922);
#2202=VERTEX_POINT('',#5938);
#2203=VERTEX_POINT('',#5939);
#2204=VERTEX_POINT('',#5955);
#2205=VERTEX_POINT('',#5956);
#2206=VERTEX_POINT('',#6001);
#2207=VERTEX_POINT('',#6005);
#2208=VERTEX_POINT('',#6016);
#2209=VERTEX_POINT('',#6029);
#2210=VERTEX_POINT('',#6045);
#2211=VERTEX_POINT('',#6054);
#2212=VERTEX_POINT('',#6065);
#2213=VERTEX_POINT('',#6078);
#2214=VERTEX_POINT('',#6091);
#2215=VERTEX_POINT('',#6104);
#2216=VERTEX_POINT('',#6117);
#2217=VERTEX_POINT('',#6121);
#2218=VERTEX_POINT('',#6132);
#2219=VERTEX_POINT('',#6145);
#2220=VERTEX_POINT('',#6158);
#2221=VERTEX_POINT('',#6171);
#2222=VERTEX_POINT('',#6184);
#2223=VERTEX_POINT('',#6185);
#2224=VERTEX_POINT('',#6189);
#2225=VERTEX_POINT('',#6194);
#2226=VERTEX_POINT('',#6207);
#2227=VERTEX_POINT('',#6208);
#2228=VERTEX_POINT('',#6224);
#2229=VERTEX_POINT('',#6225);
#2230=VERTEX_POINT('',#6244);
#2231=VERTEX_POINT('',#6245);
#2232=VERTEX_POINT('',#6257);
#2233=VERTEX_POINT('',#6258);
#2234=VERTEX_POINT('',#6270);
#2235=VERTEX_POINT('',#6271);
#2236=VERTEX_POINT('',#6290);
#2237=VERTEX_POINT('',#6291);
#2238=LINE('',#4183,#2495);
#2239=LINE('',#4186,#2496);
#2240=LINE('',#4188,#2497);
#2241=LINE('',#4198,#2498);
#2242=LINE('',#4208,#2499);
#2243=LINE('',#4211,#2500);
#2244=LINE('',#4214,#2501);
#2245=LINE('',#4216,#2502);
#2246=LINE('',#4218,#2503);
#2247=LINE('',#4220,#2504);
#2248=LINE('',#4222,#2505);
#2249=LINE('',#4256,#2506);
#2250=LINE('',#4284,#2507);
#2251=LINE('',#4286,#2508);
#2252=LINE('',#4288,#2509);
#2253=LINE('',#4290,#2510);
#2254=LINE('',#4292,#2511);
#2255=LINE('',#4294,#2512);
#2256=LINE('',#4296,#2513);
#2257=LINE('',#4298,#2514);
#2258=LINE('',#4300,#2515);
#2259=LINE('',#4302,#2516);
#2260=LINE('',#4304,#2517);
#2261=LINE('',#4306,#2518);
#2262=LINE('',#4310,#2519);
#2263=LINE('',#4313,#2520);
#2264=LINE('',#4315,#2521);
#2265=LINE('',#4317,#2522);
#2266=LINE('',#4319,#2523);
#2267=LINE('',#4321,#2524);
#2268=LINE('',#4342,#2525);
#2269=LINE('',#4351,#2526);
#2270=LINE('',#4362,#2527);
#2271=LINE('',#4378,#2528);
#2272=LINE('',#4382,#2529);
#2273=LINE('',#4384,#2530);
#2274=LINE('',#4386,#2531);
#2275=LINE('',#4388,#2532);
#2276=LINE('',#4390,#2533);
#2277=LINE('',#4392,#2534);
#2278=LINE('',#4394,#2535);
#2279=LINE('',#4396,#2536);
#2280=LINE('',#4406,#2537);
#2281=LINE('',#4412,#2538);
#2282=LINE('',#4421,#2539);
#2283=LINE('',#4434,#2540);
#2284=LINE('',#4470,#2541);
#2285=LINE('',#4483,#2542);
#2286=LINE('',#4496,#2543);
#2287=LINE('',#4509,#2544);
#2288=LINE('',#4522,#2545);
#2289=LINE('',#4528,#2546);
#2290=LINE('',#4537,#2547);
#2291=LINE('',#4550,#2548);
#2292=LINE('',#4563,#2549);
#2293=LINE('',#4576,#2550);
#2294=LINE('',#4589,#2551);
#2295=LINE('',#4612,#2552);
#2296=LINE('',#4629,#2553);
#2297=LINE('',#4675,#2554);
#2298=LINE('',#4719,#2555);
#2299=LINE('',#4724,#2556);
#2300=LINE('',#4725,#2557);
#2301=LINE('',#4727,#2558);
#2302=LINE('',#4729,#2559);
#2303=LINE('',#4731,#2560);
#2304=LINE('',#4733,#2561);
#2305=LINE('',#4737,#2562);
#2306=LINE('',#4740,#2563);
#2307=LINE('',#4742,#2564);
#2308=LINE('',#4744,#2565);
#2309=LINE('',#4746,#2566);
#2310=LINE('',#4748,#2567);
#2311=LINE('',#4750,#2568);
#2312=LINE('',#4752,#2569);
#2313=LINE('',#4754,#2570);
#2314=LINE('',#4756,#2571);
#2315=LINE('',#4758,#2572);
#2316=LINE('',#4761,#2573);
#2317=LINE('',#4764,#2574);
#2318=LINE('',#4766,#2575);
#2319=LINE('',#4768,#2576);
#2320=LINE('',#4770,#2577);
#2321=LINE('',#4772,#2578);
#2322=LINE('',#4773,#2579);
#2323=LINE('',#4804,#2580);
#2324=LINE('',#4832,#2581);
#2325=LINE('',#4834,#2582);
#2326=LINE('',#4836,#2583);
#2327=LINE('',#4838,#2584);
#2328=LINE('',#4840,#2585);
#2329=LINE('',#4874,#2586);
#2330=LINE('',#4876,#2587);
#2331=LINE('',#4878,#2588);
#2332=LINE('',#4880,#2589);
#2333=LINE('',#4882,#2590);
#2334=LINE('',#4884,#2591);
#2335=LINE('',#4886,#2592);
#2336=LINE('',#4888,#2593);
#2337=LINE('',#4890,#2594);
#2338=LINE('',#4892,#2595);
#2339=LINE('',#4894,#2596);
#2340=LINE('',#4896,#2597);
#2341=LINE('',#4900,#2598);
#2342=LINE('',#4903,#2599);
#2343=LINE('',#4905,#2600);
#2344=LINE('',#4907,#2601);
#2345=LINE('',#4909,#2602);
#2346=LINE('',#4911,#2603);
#2347=LINE('',#4923,#2604);
#2348=LINE('',#4929,#2605);
#2349=LINE('',#4938,#2606);
#2350=LINE('',#4947,#2607);
#2351=LINE('',#4960,#2608);
#2352=LINE('',#4973,#2609);
#2353=LINE('',#4986,#2610);
#2354=LINE('',#4999,#2611);
#2355=LINE('',#5012,#2612);
#2356=LINE('',#5025,#2613);
#2357=LINE('',#5031,#2614);
#2358=LINE('',#5040,#2615);
#2359=LINE('',#5053,#2616);
#2360=LINE('',#5066,#2617);
#2361=LINE('',#5079,#2618);
#2362=LINE('',#5096,#2619);
#2363=LINE('',#5098,#2620);
#2364=LINE('',#5100,#2621);
#2365=LINE('',#5102,#2622);
#2366=LINE('',#5104,#2623);
#2367=LINE('',#5106,#2624);
#2368=LINE('',#5108,#2625);
#2369=LINE('',#5110,#2626);
#2370=LINE('',#5112,#2627);
#2371=LINE('',#5114,#2628);
#2372=LINE('',#5116,#2629);
#2373=LINE('',#5118,#2630);
#2374=LINE('',#5128,#2631);
#2375=LINE('',#5134,#2632);
#2376=LINE('',#5143,#2633);
#2377=LINE('',#5156,#2634);
#2378=LINE('',#5169,#2635);
#2379=LINE('',#5182,#2636);
#2380=LINE('',#5195,#2637);
#2381=LINE('',#5208,#2638);
#2382=LINE('',#5221,#2639);
#2383=LINE('',#5228,#2640);
#2384=LINE('',#5241,#2641);
#2385=LINE('',#5258,#2642);
#2386=LINE('',#5275,#2643);
#2387=LINE('',#5292,#2644);
#2388=LINE('',#5309,#2645);
#2389=LINE('',#5326,#2646);
#2390=LINE('',#5343,#2647);
#2391=LINE('',#5360,#2648);
#2392=LINE('',#5377,#2649);
#2393=LINE('',#5394,#2650);
#2394=LINE('',#5431,#2651);
#2395=LINE('',#5433,#2652);
#2396=LINE('',#5435,#2653);
#2397=LINE('',#5437,#2654);
#2398=LINE('',#5439,#2655);
#2399=LINE('',#5441,#2656);
#2400=LINE('',#5443,#2657);
#2401=LINE('',#5445,#2658);
#2402=LINE('',#5447,#2659);
#2403=LINE('',#5449,#2660);
#2404=LINE('',#5451,#2661);
#2405=LINE('',#5453,#2662);
#2406=LINE('',#5455,#2663);
#2407=LINE('',#5457,#2664);
#2408=LINE('',#5459,#2665);
#2409=LINE('',#5461,#2666);
#2410=LINE('',#5463,#2667);
#2411=LINE('',#5465,#2668);
#2412=LINE('',#5467,#2669);
#2413=LINE('',#5469,#2670);
#2414=LINE('',#5471,#2671);
#2415=LINE('',#5473,#2672);
#2416=LINE('',#5477,#2673);
#2417=LINE('',#5478,#2674);
#2418=LINE('',#5480,#2675);
#2419=LINE('',#5482,#2676);
#2420=LINE('',#5484,#2677);
#2421=LINE('',#5486,#2678);
#2422=LINE('',#5492,#2679);
#2423=LINE('',#5495,#2680);
#2424=LINE('',#5497,#2681);
#2425=LINE('',#5499,#2682);
#2426=LINE('',#5501,#2683);
#2427=LINE('',#5503,#2684);
#2428=LINE('',#5549,#2685);
#2429=LINE('',#5595,#2686);
#2430=LINE('',#5623,#2687);
#2431=LINE('',#5625,#2688);
#2432=LINE('',#5627,#2689);
#2433=LINE('',#5629,#2690);
#2434=LINE('',#5631,#2691);
#2435=LINE('',#5633,#2692);
#2436=LINE('',#5635,#2693);
#2437=LINE('',#5637,#2694);
#2438=LINE('',#5639,#2695);
#2439=LINE('',#5641,#2696);
#2440=LINE('',#5643,#2697);
#2441=LINE('',#5645,#2698);
#2442=LINE('',#5649,#2699);
#2443=LINE('',#5652,#2700);
#2444=LINE('',#5654,#2701);
#2445=LINE('',#5656,#2702);
#2446=LINE('',#5658,#2703);
#2447=LINE('',#5660,#2704);
#2448=LINE('',#5691,#2705);
#2449=LINE('',#5704,#2706);
#2450=LINE('',#5717,#2707);
#2451=LINE('',#5730,#2708);
#2452=LINE('',#5736,#2709);
#2453=LINE('',#5745,#2710);
#2454=LINE('',#5758,#2711);
#2455=LINE('',#5771,#2712);
#2456=LINE('',#5784,#2713);
#2457=LINE('',#5797,#2714);
#2458=LINE('',#5810,#2715);
#2459=LINE('',#5823,#2716);
#2460=LINE('',#5836,#2717);
#2461=LINE('',#5849,#2718);
#2462=LINE('',#5856,#2719);
#2463=LINE('',#5869,#2720);
#2464=LINE('',#5886,#2721);
#2465=LINE('',#5903,#2722);
#2466=LINE('',#5920,#2723);
#2467=LINE('',#5937,#2724);
#2468=LINE('',#5954,#2725);
#2469=LINE('',#5989,#2726);
#2470=LINE('',#6000,#2727);
#2471=LINE('',#6006,#2728);
#2472=LINE('',#6015,#2729);
#2473=LINE('',#6028,#2730);
#2474=LINE('',#6064,#2731);
#2475=LINE('',#6077,#2732);
#2476=LINE('',#6090,#2733);
#2477=LINE('',#6103,#2734);
#2478=LINE('',#6116,#2735);
#2479=LINE('',#6122,#2736);
#2480=LINE('',#6131,#2737);
#2481=LINE('',#6144,#2738);
#2482=LINE('',#6157,#2739);
#2483=LINE('',#6170,#2740);
#2484=LINE('',#6183,#2741);
#2485=LINE('',#6206,#2742);
#2486=LINE('',#6223,#2743);
#2487=LINE('',#6269,#2744);
#2488=LINE('',#6313,#2745);
#2489=LINE('',#6318,#2746);
#2490=LINE('',#6319,#2747);
#2491=LINE('',#6321,#2748);
#2492=LINE('',#6323,#2749);
#2493=LINE('',#6325,#2750);
#2494=LINE('',#6327,#2751);
#2495=VECTOR('',#3644,1.);
#2496=VECTOR('',#3645,1.);
#2497=VECTOR('',#3646,1.);
#2498=VECTOR('',#3655,1.);
#2499=VECTOR('',#3660,1.);
#2500=VECTOR('',#3663,1.);
#2501=VECTOR('',#3664,1.);
#2502=VECTOR('',#3665,1.);
#2503=VECTOR('',#3666,1.);
#2504=VECTOR('',#3667,1.);
#2505=VECTOR('',#3668,1.);
#2506=VECTOR('',#3669,1.);
#2507=VECTOR('',#3674,1.);
#2508=VECTOR('',#3675,1.);
#2509=VECTOR('',#3676,1.);
#2510=VECTOR('',#3679,1.);
#2511=VECTOR('',#3680,1.);
#2512=VECTOR('',#3683,1.);
#2513=VECTOR('',#3684,1.);
#2514=VECTOR('',#3687,1.);
#2515=VECTOR('',#3688,1.);
#2516=VECTOR('',#3691,1.);
#2517=VECTOR('',#3692,1.);
#2518=VECTOR('',#3695,1.);
#2519=VECTOR('',#3700,1.);
#2520=VECTOR('',#3701,1.);
#2521=VECTOR('',#3702,1.);
#2522=VECTOR('',#3703,1.);
#2523=VECTOR('',#3704,1.);
#2524=VECTOR('',#3705,1.);
#2525=VECTOR('',#3710,1.);
#2526=VECTOR('',#3717,1.);
#2527=VECTOR('',#3724,1.);
#2528=VECTOR('',#3735,1.);
#2529=VECTOR('',#3740,1.);
#2530=VECTOR('',#3741,1.);
#2531=VECTOR('',#3742,1.);
#2532=VECTOR('',#3745,1.);
#2533=VECTOR('',#3748,1.);
#2534=VECTOR('',#3751,1.);
#2535=VECTOR('',#3752,1.);
#2536=VECTOR('',#3755,1.);
#2537=VECTOR('',#3758,1.);
#2538=VECTOR('',#3759,1.);
#2539=VECTOR('',#3760,1.);
#2540=VECTOR('',#3761,1.);
#2541=VECTOR('',#3766,1.);
#2542=VECTOR('',#3767,1.);
#2543=VECTOR('',#3768,1.);
#2544=VECTOR('',#3769,1.);
#2545=VECTOR('',#3770,1.);
#2546=VECTOR('',#3771,1.);
#2547=VECTOR('',#3772,1.);
#2548=VECTOR('',#3773,1.);
#2549=VECTOR('',#3774,1.);
#2550=VECTOR('',#3775,1.);
#2551=VECTOR('',#3776,1.);
#2552=VECTOR('',#3777,1.);
#2553=VECTOR('',#3778,1.);
#2554=VECTOR('',#3785,1.);
#2555=VECTOR('',#3794,1.);
#2556=VECTOR('',#3803,1.);
#2557=VECTOR('',#3804,1.);
#2558=VECTOR('',#3807,1.);
#2559=VECTOR('',#3810,1.);
#2560=VECTOR('',#3813,1.);
#2561=VECTOR('',#3816,1.);
#2562=VECTOR('',#3823,1.);
#2563=VECTOR('',#3824,1.);
#2564=VECTOR('',#3825,1.);
#2565=VECTOR('',#3826,1.);
#2566=VECTOR('',#3827,1.);
#2567=VECTOR('',#3828,1.);
#2568=VECTOR('',#3829,1.);
#2569=VECTOR('',#3830,1.);
#2570=VECTOR('',#3831,1.);
#2571=VECTOR('',#3832,1.);
#2572=VECTOR('',#3833,1.);
#2573=VECTOR('',#3836,1.);
#2574=VECTOR('',#3837,1.);
#2575=VECTOR('',#3838,1.);
#2576=VECTOR('',#3839,1.);
#2577=VECTOR('',#3840,1.);
#2578=VECTOR('',#3841,1.);
#2579=VECTOR('',#3842,1.);
#2580=VECTOR('',#3843,1.);
#2581=VECTOR('',#3846,1.);
#2582=VECTOR('',#3847,1.);
#2583=VECTOR('',#3848,1.);
#2584=VECTOR('',#3849,1.);
#2585=VECTOR('',#3850,1.);
#2586=VECTOR('',#3853,1.);
#2587=VECTOR('',#3854,1.);
#2588=VECTOR('',#3855,1.);
#2589=VECTOR('',#3858,1.);
#2590=VECTOR('',#3859,1.);
#2591=VECTOR('',#3862,1.);
#2592=VECTOR('',#3863,1.);
#2593=VECTOR('',#3866,1.);
#2594=VECTOR('',#3867,1.);
#2595=VECTOR('',#3870,1.);
#2596=VECTOR('',#3871,1.);
#2597=VECTOR('',#3874,1.);
#2598=VECTOR('',#3879,1.);
#2599=VECTOR('',#3880,1.);
#2600=VECTOR('',#3881,1.);
#2601=VECTOR('',#3882,1.);
#2602=VECTOR('',#3883,1.);
#2603=VECTOR('',#3884,1.);
#2604=VECTOR('',#3889,1.);
#2605=VECTOR('',#3890,1.);
#2606=VECTOR('',#3895,1.);
#2607=VECTOR('',#3896,1.);
#2608=VECTOR('',#3897,1.);
#2609=VECTOR('',#3898,1.);
#2610=VECTOR('',#3899,1.);
#2611=VECTOR('',#3900,1.);
#2612=VECTOR('',#3901,1.);
#2613=VECTOR('',#3902,1.);
#2614=VECTOR('',#3903,1.);
#2615=VECTOR('',#3904,1.);
#2616=VECTOR('',#3905,1.);
#2617=VECTOR('',#3906,1.);
#2618=VECTOR('',#3907,1.);
#2619=VECTOR('',#3910,1.);
#2620=VECTOR('',#3911,1.);
#2621=VECTOR('',#3914,1.);
#2622=VECTOR('',#3915,1.);
#2623=VECTOR('',#3918,1.);
#2624=VECTOR('',#3919,1.);
#2625=VECTOR('',#3922,1.);
#2626=VECTOR('',#3923,1.);
#2627=VECTOR('',#3926,1.);
#2628=VECTOR('',#3927,1.);
#2629=VECTOR('',#3930,1.);
#2630=VECTOR('',#3933,1.);
#2631=VECTOR('',#3936,1.);
#2632=VECTOR('',#3937,1.);
#2633=VECTOR('',#3938,1.);
#2634=VECTOR('',#3939,1.);
#2635=VECTOR('',#3940,1.);
#2636=VECTOR('',#3941,1.);
#2637=VECTOR('',#3942,1.);
#2638=VECTOR('',#3943,1.);
#2639=VECTOR('',#3944,1.);
#2640=VECTOR('',#3945,1.);
#2641=VECTOR('',#3946,1.);
#2642=VECTOR('',#3947,1.);
#2643=VECTOR('',#3948,1.);
#2644=VECTOR('',#3949,1.);
#2645=VECTOR('',#3950,1.);
#2646=VECTOR('',#3951,1.);
#2647=VECTOR('',#3952,1.);
#2648=VECTOR('',#3953,1.);
#2649=VECTOR('',#3954,1.);
#2650=VECTOR('',#3955,1.);
#2651=VECTOR('',#3962,1.);
#2652=VECTOR('',#3963,1.);
#2653=VECTOR('',#3964,1.);
#2654=VECTOR('',#3967,1.);
#2655=VECTOR('',#3968,1.);
#2656=VECTOR('',#3971,1.);
#2657=VECTOR('',#3972,1.);
#2658=VECTOR('',#3975,1.);
#2659=VECTOR('',#3976,1.);
#2660=VECTOR('',#3979,1.);
#2661=VECTOR('',#3980,1.);
#2662=VECTOR('',#3983,1.);
#2663=VECTOR('',#3984,1.);
#2664=VECTOR('',#3987,1.);
#2665=VECTOR('',#3988,1.);
#2666=VECTOR('',#3991,1.);
#2667=VECTOR('',#3992,1.);
#2668=VECTOR('',#3995,1.);
#2669=VECTOR('',#3996,1.);
#2670=VECTOR('',#3999,1.);
#2671=VECTOR('',#4000,1.);
#2672=VECTOR('',#4003,1.);
#2673=VECTOR('',#4010,1.);
#2674=VECTOR('',#4011,1.);
#2675=VECTOR('',#4014,1.);
#2676=VECTOR('',#4017,1.);
#2677=VECTOR('',#4020,1.);
#2678=VECTOR('',#4023,1.);
#2679=VECTOR('',#4032,1.);
#2680=VECTOR('',#4033,1.);
#2681=VECTOR('',#4034,1.);
#2682=VECTOR('',#4035,1.);
#2683=VECTOR('',#4036,1.);
#2684=VECTOR('',#4037,1.);
#2685=VECTOR('',#4042,1.);
#2686=VECTOR('',#4043,1.);
#2687=VECTOR('',#4048,1.);
#2688=VECTOR('',#4049,1.);
#2689=VECTOR('',#4050,1.);
#2690=VECTOR('',#4053,1.);
#2691=VECTOR('',#4054,1.);
#2692=VECTOR('',#4057,1.);
#2693=VECTOR('',#4058,1.);
#2694=VECTOR('',#4061,1.);
#2695=VECTOR('',#4062,1.);
#2696=VECTOR('',#4065,1.);
#2697=VECTOR('',#4066,1.);
#2698=VECTOR('',#4069,1.);
#2699=VECTOR('',#4074,1.);
#2700=VECTOR('',#4075,1.);
#2701=VECTOR('',#4076,1.);
#2702=VECTOR('',#4077,1.);
#2703=VECTOR('',#4078,1.);
#2704=VECTOR('',#4079,1.);
#2705=VECTOR('',#4092,1.);
#2706=VECTOR('',#4093,1.);
#2707=VECTOR('',#4094,1.);
#2708=VECTOR('',#4095,1.);
#2709=VECTOR('',#4096,1.);
#2710=VECTOR('',#4097,1.);
#2711=VECTOR('',#4098,1.);
#2712=VECTOR('',#4099,1.);
#2713=VECTOR('',#4100,1.);
#2714=VECTOR('',#4101,1.);
#2715=VECTOR('',#4102,1.);
#2716=VECTOR('',#4103,1.);
#2717=VECTOR('',#4104,1.);
#2718=VECTOR('',#4105,1.);
#2719=VECTOR('',#4106,1.);
#2720=VECTOR('',#4107,1.);
#2721=VECTOR('',#4108,1.);
#2722=VECTOR('',#4109,1.);
#2723=VECTOR('',#4110,1.);
#2724=VECTOR('',#4111,1.);
#2725=VECTOR('',#4112,1.);
#2726=VECTOR('',#4115,1.);
#2727=VECTOR('',#4120,1.);
#2728=VECTOR('',#4121,1.);
#2729=VECTOR('',#4122,1.);
#2730=VECTOR('',#4123,1.);
#2731=VECTOR('',#4128,1.);
#2732=VECTOR('',#4129,1.);
#2733=VECTOR('',#4130,1.);
#2734=VECTOR('',#4131,1.);
#2735=VECTOR('',#4132,1.);
#2736=VECTOR('',#4133,1.);
#2737=VECTOR('',#4134,1.);
#2738=VECTOR('',#4135,1.);
#2739=VECTOR('',#4136,1.);
#2740=VECTOR('',#4137,1.);
#2741=VECTOR('',#4138,1.);
#2742=VECTOR('',#4139,1.);
#2743=VECTOR('',#4140,1.);
#2744=VECTOR('',#4147,1.);
#2745=VECTOR('',#4156,1.);
#2746=VECTOR('',#4165,1.);
#2747=VECTOR('',#4166,1.);
#2748=VECTOR('',#4169,1.);
#2749=VECTOR('',#4172,1.);
#2750=VECTOR('',#4175,1.);
#2751=VECTOR('',#4178,1.);
#2752=EDGE_LOOP('',(#382,#383,#384,#385,#386,#387,#388,#389,#390,#391,#392,
#393));
#2753=EDGE_LOOP('',(#394));
#2754=EDGE_LOOP('',(#395,#396,#397,#398,#399,#400));
#2755=EDGE_LOOP('',(#401,#402,#403,#404,#405,#406,#407,#408,#409,#410,#411,
#412,#413,#414,#415,#416));
#2756=EDGE_LOOP('',(#417,#418,#419,#420));
#2757=EDGE_LOOP('',(#421,#422,#423,#424));
#2758=EDGE_LOOP('',(#425,#426,#427,#428));
#2759=EDGE_LOOP('',(#429,#430,#431,#432));
#2760=EDGE_LOOP('',(#433,#434,#435,#436));
#2761=EDGE_LOOP('',(#437,#438,#439,#440));
#2762=EDGE_LOOP('',(#441));
#2763=EDGE_LOOP('',(#442,#443,#444,#445,#446,#447));
#2764=EDGE_LOOP('',(#448));
#2765=EDGE_LOOP('',(#449));
#2766=EDGE_LOOP('',(#450,#451,#452,#453));
#2767=EDGE_LOOP('',(#454,#455,#456,#457));
#2768=EDGE_LOOP('',(#458,#459,#460,#461));
#2769=EDGE_LOOP('',(#462,#463,#464,#465));
#2770=EDGE_LOOP('',(#466,#467,#468,#469));
#2771=EDGE_LOOP('',(#470,#471,#472,#473));
#2772=EDGE_LOOP('',(#474,#475,#476,#477));
#2773=EDGE_LOOP('',(#478,#479,#480,#481));
#2774=EDGE_LOOP('',(#482,#483,#484,#485));
#2775=EDGE_LOOP('',(#486,#487,#488,#489));
#2776=EDGE_LOOP('',(#490,#491,#492,#493));
#2777=EDGE_LOOP('',(#494,#495,#496,#497));
#2778=EDGE_LOOP('',(#498,#499,#500,#501,#502,#503,#504,#505,#506,#507,#508,
#509));
#2779=EDGE_LOOP('',(#510,#511,#512,#513));
#2780=EDGE_LOOP('',(#514,#515,#516,#517));
#2781=EDGE_LOOP('',(#518,#519,#520,#521));
#2782=EDGE_LOOP('',(#522,#523,#524,#525));
#2783=EDGE_LOOP('',(#526,#527,#528,#529));
#2784=EDGE_LOOP('',(#530,#531,#532,#533));
#2785=EDGE_LOOP('',(#534,#535,#536,#537));
#2786=EDGE_LOOP('',(#538,#539,#540,#541));
#2787=EDGE_LOOP('',(#542,#543,#544,#545));
#2788=EDGE_LOOP('',(#546,#547,#548,#549));
#2789=EDGE_LOOP('',(#550,#551,#552,#553));
#2790=EDGE_LOOP('',(#554,#555,#556,#557));
#2791=EDGE_LOOP('',(#558,#559,#560,#561));
#2792=EDGE_LOOP('',(#562,#563,#564,#565));
#2793=EDGE_LOOP('',(#566,#567,#568,#569));
#2794=EDGE_LOOP('',(#570,#571,#572,#573));
#2795=EDGE_LOOP('',(#574,#575,#576,#577));
#2796=EDGE_LOOP('',(#578,#579,#580,#581));
#2797=EDGE_LOOP('',(#582,#583,#584,#585));
#2798=EDGE_LOOP('',(#586,#587,#588,#589));
#2799=EDGE_LOOP('',(#590,#591,#592,#593));
#2800=EDGE_LOOP('',(#594,#595,#596,#597));
#2801=EDGE_LOOP('',(#598,#599,#600,#601));
#2802=EDGE_LOOP('',(#602,#603,#604,#605));
#2803=EDGE_LOOP('',(#606,#607,#608,#609,#610,#611,#612,#613));
#2804=EDGE_LOOP('',(#614,#615,#616,#617,#618,#619,#620,#621,#622,#623,#624,
#625,#626,#627,#628,#629));
#2805=EDGE_LOOP('',(#630,#631,#632,#633,#634,#635,#636,#637));
#2806=EDGE_LOOP('',(#638));
#2807=EDGE_LOOP('',(#639));
#2808=EDGE_LOOP('',(#640,#641,#642,#643));
#2809=EDGE_LOOP('',(#644,#645,#646,#647));
#2810=EDGE_LOOP('',(#648,#649,#650,#651));
#2811=EDGE_LOOP('',(#652,#653,#654,#655));
#2812=EDGE_LOOP('',(#656,#657,#658,#659));
#2813=EDGE_LOOP('',(#660,#661,#662,#663));
#2814=EDGE_LOOP('',(#664,#665,#666,#667,#668,#669,#670,#671,#672,#673,#674));
#2815=EDGE_LOOP('',(#675));
#2816=EDGE_LOOP('',(#676,#677,#678,#679,#680,#681));
#2817=EDGE_LOOP('',(#682,#683,#684,#685,#686,#687,#688,#689,#690,#691,#692,
#693,#694,#695,#696,#697,#698,#699,#700,#701,#702));
#2818=EDGE_LOOP('',(#703,#704,#705,#706,#707,#708,#709,#710));
#2819=EDGE_LOOP('',(#711,#712,#713,#714));
#2820=EDGE_LOOP('',(#715,#716,#717,#718));
#2821=EDGE_LOOP('',(#719,#720,#721,#722));
#2822=EDGE_LOOP('',(#723,#724,#725,#726));
#2823=EDGE_LOOP('',(#727,#728,#729,#730));
#2824=EDGE_LOOP('',(#731,#732,#733,#734));
#2825=EDGE_LOOP('',(#735));
#2826=EDGE_LOOP('',(#736,#737,#738,#739,#740,#741));
#2827=EDGE_LOOP('',(#742));
#2828=EDGE_LOOP('',(#743));
#2829=EDGE_LOOP('',(#744,#745,#746,#747));
#2830=EDGE_LOOP('',(#748,#749,#750,#751));
#2831=EDGE_LOOP('',(#752,#753,#754,#755));
#2832=EDGE_LOOP('',(#756,#757,#758,#759));
#2833=EDGE_LOOP('',(#760,#761,#762,#763));
#2834=EDGE_LOOP('',(#764,#765,#766,#767));
#2835=EDGE_LOOP('',(#768,#769,#770,#771));
#2836=EDGE_LOOP('',(#772,#773,#774,#775));
#2837=EDGE_LOOP('',(#776,#777,#778,#779));
#2838=EDGE_LOOP('',(#780,#781,#782,#783));
#2839=EDGE_LOOP('',(#784,#785,#786,#787));
#2840=EDGE_LOOP('',(#788,#789,#790,#791));
#2841=EDGE_LOOP('',(#792,#793,#794,#795));
#2842=EDGE_LOOP('',(#796,#797,#798,#799));
#2843=EDGE_LOOP('',(#800,#801,#802,#803));
#2844=EDGE_LOOP('',(#804,#805,#806,#807));
#2845=EDGE_LOOP('',(#808,#809,#810,#811));
#2846=EDGE_LOOP('',(#812,#813,#814,#815));
#2847=EDGE_LOOP('',(#816,#817,#818,#819));
#2848=EDGE_LOOP('',(#820,#821,#822,#823));
#2849=EDGE_LOOP('',(#824,#825,#826,#827));
#2850=EDGE_LOOP('',(#828,#829,#830,#831,#832,#833,#834,#835,#836,#837,#838,
#839,#840,#841,#842,#843,#844,#845,#846,#847,#848));
#2851=EDGE_LOOP('',(#849,#850,#851,#852));
#2852=EDGE_LOOP('',(#853,#854,#855,#856));
#2853=EDGE_LOOP('',(#857,#858,#859,#860));
#2854=EDGE_LOOP('',(#861,#862,#863,#864));
#2855=EDGE_LOOP('',(#865,#866,#867,#868));
#2856=EDGE_LOOP('',(#869,#870,#871,#872));
#2857=EDGE_LOOP('',(#873,#874,#875,#876));
#2858=EDGE_LOOP('',(#877,#878,#879,#880));
#2859=EDGE_LOOP('',(#881,#882,#883,#884));
#2860=EDGE_LOOP('',(#885,#886,#887,#888));
#2861=EDGE_LOOP('',(#889,#890,#891,#892));
#2862=EDGE_LOOP('',(#893,#894,#895,#896));
#2863=EDGE_LOOP('',(#897,#898,#899,#900));
#2864=EDGE_LOOP('',(#901,#902,#903,#904));
#2865=EDGE_LOOP('',(#905,#906,#907,#908));
#2866=EDGE_LOOP('',(#909,#910,#911,#912));
#2867=EDGE_LOOP('',(#913,#914,#915,#916));
#2868=EDGE_LOOP('',(#917,#918,#919,#920));
#2869=EDGE_LOOP('',(#921,#922,#923,#924));
#2870=EDGE_LOOP('',(#925,#926,#927,#928));
#2871=EDGE_LOOP('',(#929,#930,#931,#932,#933,#934,#935,#936,#937,#938,#939,
#940));
#2872=EDGE_LOOP('',(#941,#942,#943,#944,#945,#946,#947,#948));
#2873=EDGE_LOOP('',(#949,#950,#951,#952,#953,#954,#955,#956,#957,#958,#959,
#960));
#2874=EDGE_LOOP('',(#961,#962,#963,#964));
#2875=EDGE_LOOP('',(#965,#966,#967,#968));
#2876=EDGE_LOOP('',(#969,#970,#971,#972));
#2877=EDGE_LOOP('',(#973,#974,#975,#976));
#2878=EDGE_LOOP('',(#977,#978,#979,#980));
#2879=EDGE_LOOP('',(#981,#982,#983,#984));
#2880=EDGE_LOOP('',(#985,#986,#987,#988));
#2881=EDGE_LOOP('',(#989,#990,#991,#992));
#2882=EDGE_LOOP('',(#993,#994,#995,#996));
#2883=EDGE_LOOP('',(#997,#998,#999,#1000));
#2884=EDGE_LOOP('',(#1001,#1002,#1003,#1004));
#2885=EDGE_LOOP('',(#1005,#1006,#1007,#1008,#1009,#1010,#1011,#1012,#1013,
#1014,#1015));
#2886=EDGE_LOOP('',(#1016));
#2887=EDGE_LOOP('',(#1017));
#2888=EDGE_LOOP('',(#1018,#1019,#1020,#1021));
#2889=EDGE_LOOP('',(#1022,#1023,#1024,#1025));
#2890=EDGE_LOOP('',(#1026,#1027,#1028,#1029));
#2891=EDGE_LOOP('',(#1030,#1031,#1032,#1033));
#2892=EDGE_LOOP('',(#1034,#1035,#1036,#1037));
#2893=EDGE_LOOP('',(#1038,#1039,#1040,#1041));
#2894=EDGE_LOOP('',(#1042));
#2895=EDGE_LOOP('',(#1043,#1044,#1045,#1046,#1047,#1048));
#2896=EDGE_LOOP('',(#1049,#1050,#1051,#1052,#1053,#1054,#1055,#1056,#1057,
#1058,#1059,#1060,#1061,#1062,#1063,#1064));
#2897=EDGE_LOOP('',(#1065,#1066,#1067,#1068,#1069,#1070,#1071,#1072,#1073,
#1074,#1075,#1076,#1077,#1078,#1079,#1080));
#2898=EDGE_LOOP('',(#1081,#1082,#1083,#1084));
#2899=EDGE_LOOP('',(#1085,#1086,#1087,#1088));
#2900=EDGE_LOOP('',(#1089,#1090,#1091,#1092));
#2901=EDGE_LOOP('',(#1093,#1094,#1095,#1096));
#2902=EDGE_LOOP('',(#1097,#1098,#1099,#1100));
#2903=EDGE_LOOP('',(#1101,#1102,#1103,#1104));
#2904=EDGE_LOOP('',(#1105));
#2905=EDGE_LOOP('',(#1106,#1107,#1108,#1109,#1110,#1111));
#2906=EDGE_LOOP('',(#1112));
#2907=EDGE_LOOP('',(#1113));
#2908=EDGE_LOOP('',(#1114,#1115,#1116,#1117));
#2909=EDGE_LOOP('',(#1118,#1119,#1120,#1121));
#2910=EDGE_LOOP('',(#1122,#1123,#1124,#1125));
#2911=EDGE_LOOP('',(#1126,#1127,#1128,#1129));
#2912=EDGE_LOOP('',(#1130,#1131,#1132,#1133));
#2913=EDGE_LOOP('',(#1134,#1135,#1136,#1137));
#2914=EDGE_LOOP('',(#1138,#1139,#1140,#1141));
#2915=EDGE_LOOP('',(#1142,#1143,#1144,#1145));
#2916=EDGE_LOOP('',(#1146,#1147,#1148,#1149));
#2917=EDGE_LOOP('',(#1150,#1151,#1152,#1153));
#2918=EDGE_LOOP('',(#1154,#1155,#1156,#1157));
#2919=EDGE_LOOP('',(#1158,#1159,#1160,#1161));
#2920=EDGE_LOOP('',(#1162,#1163,#1164,#1165));
#2921=EDGE_LOOP('',(#1166,#1167,#1168,#1169));
#2922=EDGE_LOOP('',(#1170,#1171,#1172,#1173));
#2923=EDGE_LOOP('',(#1174,#1175,#1176,#1177));
#2924=EDGE_LOOP('',(#1178,#1179,#1180,#1181));
#2925=EDGE_LOOP('',(#1182,#1183,#1184,#1185));
#2926=EDGE_LOOP('',(#1186,#1187,#1188,#1189));
#2927=EDGE_LOOP('',(#1190,#1191,#1192,#1193));
#2928=EDGE_LOOP('',(#1194,#1195,#1196,#1197));
#2929=EDGE_LOOP('',(#1198,#1199,#1200,#1201));
#2930=EDGE_LOOP('',(#1202,#1203,#1204,#1205));
#2931=EDGE_LOOP('',(#1206,#1207,#1208,#1209));
#2932=EDGE_LOOP('',(#1210,#1211,#1212,#1213,#1214,#1215,#1216,#1217));
#2933=EDGE_LOOP('',(#1218,#1219,#1220,#1221,#1222,#1223,#1224,#1225,#1226,
#1227,#1228,#1229,#1230,#1231,#1232,#1233));
#2934=EDGE_LOOP('',(#1234,#1235,#1236,#1237,#1238,#1239,#1240,#1241));
#2935=EDGE_LOOP('',(#1242,#1243,#1244,#1245));
#2936=EDGE_LOOP('',(#1246,#1247,#1248,#1249));
#2937=EDGE_LOOP('',(#1250,#1251,#1252,#1253));
#2938=EDGE_LOOP('',(#1254,#1255,#1256,#1257));
#2939=EDGE_LOOP('',(#1258,#1259,#1260,#1261));
#2940=EDGE_LOOP('',(#1262,#1263,#1264,#1265));
#2941=EDGE_LOOP('',(#1266,#1267,#1268,#1269));
#2942=EDGE_LOOP('',(#1270,#1271,#1272,#1273));
#2943=EDGE_LOOP('',(#1274,#1275,#1276,#1277));
#2944=EDGE_LOOP('',(#1278,#1279,#1280,#1281));
#2945=EDGE_LOOP('',(#1282,#1283,#1284,#1285));
#2946=EDGE_LOOP('',(#1286,#1287,#1288,#1289));
#2947=EDGE_LOOP('',(#1290,#1291,#1292,#1293));
#2948=EDGE_LOOP('',(#1294,#1295,#1296,#1297));
#2949=EDGE_LOOP('',(#1298,#1299,#1300,#1301));
#2950=EDGE_LOOP('',(#1302,#1303,#1304,#1305));
#2951=EDGE_LOOP('',(#1306,#1307,#1308,#1309));
#2952=EDGE_LOOP('',(#1310,#1311,#1312,#1313));
#2953=EDGE_LOOP('',(#1314,#1315,#1316,#1317));
#2954=EDGE_LOOP('',(#1318,#1319,#1320,#1321));
#2955=EDGE_LOOP('',(#1322,#1323,#1324,#1325));
#2956=EDGE_LOOP('',(#1326,#1327,#1328,#1329));
#2957=EDGE_LOOP('',(#1330,#1331,#1332,#1333));
#2958=EDGE_LOOP('',(#1334,#1335,#1336,#1337));
#2959=EDGE_LOOP('',(#1338,#1339,#1340,#1341,#1342,#1343,#1344,#1345));
#2960=EDGE_LOOP('',(#1346,#1347,#1348,#1349,#1350,#1351,#1352,#1353,#1354,
#1355,#1356,#1357,#1358,#1359,#1360,#1361));
#2961=EDGE_LOOP('',(#1362,#1363,#1364,#1365,#1366,#1367,#1368,#1369));
#2962=EDGE_LOOP('',(#1370));
#2963=EDGE_LOOP('',(#1371));
#2964=EDGE_LOOP('',(#1372,#1373,#1374,#1375));
#2965=EDGE_LOOP('',(#1376,#1377,#1378,#1379));
#2966=EDGE_LOOP('',(#1380,#1381,#1382,#1383));
#2967=EDGE_LOOP('',(#1384,#1385,#1386,#1387));
#2968=EDGE_LOOP('',(#1388,#1389,#1390,#1391));
#2969=EDGE_LOOP('',(#1392,#1393,#1394,#1395));
#2970=FACE_BOUND('',#2752,.T.);
#2971=FACE_BOUND('',#2753,.T.);
#2972=FACE_BOUND('',#2754,.T.);
#2973=FACE_BOUND('',#2755,.T.);
#2974=FACE_BOUND('',#2756,.T.);
#2975=FACE_BOUND('',#2757,.T.);
#2976=FACE_BOUND('',#2758,.T.);
#2977=FACE_BOUND('',#2759,.T.);
#2978=FACE_BOUND('',#2760,.T.);
#2979=FACE_BOUND('',#2761,.T.);
#2980=FACE_BOUND('',#2762,.T.);
#2981=FACE_BOUND('',#2763,.T.);
#2982=FACE_BOUND('',#2764,.T.);
#2983=FACE_BOUND('',#2765,.T.);
#2984=FACE_BOUND('',#2766,.T.);
#2985=FACE_BOUND('',#2767,.T.);
#2986=FACE_BOUND('',#2768,.T.);
#2987=FACE_BOUND('',#2769,.T.);
#2988=FACE_BOUND('',#2770,.T.);
#2989=FACE_BOUND('',#2771,.T.);
#2990=FACE_BOUND('',#2772,.T.);
#2991=FACE_BOUND('',#2773,.T.);
#2992=FACE_BOUND('',#2774,.T.);
#2993=FACE_BOUND('',#2775,.T.);
#2994=FACE_BOUND('',#2776,.T.);
#2995=FACE_BOUND('',#2777,.T.);
#2996=FACE_BOUND('',#2778,.T.);
#2997=FACE_BOUND('',#2779,.T.);
#2998=FACE_BOUND('',#2780,.T.);
#2999=FACE_BOUND('',#2781,.T.);
#3000=FACE_BOUND('',#2782,.T.);
#3001=FACE_BOUND('',#2783,.T.);
#3002=FACE_BOUND('',#2784,.T.);
#3003=FACE_BOUND('',#2785,.T.);
#3004=FACE_BOUND('',#2786,.T.);
#3005=FACE_BOUND('',#2787,.T.);
#3006=FACE_BOUND('',#2788,.T.);
#3007=FACE_BOUND('',#2789,.T.);
#3008=FACE_BOUND('',#2790,.T.);
#3009=FACE_BOUND('',#2791,.T.);
#3010=FACE_BOUND('',#2792,.T.);
#3011=FACE_BOUND('',#2793,.T.);
#3012=FACE_BOUND('',#2794,.T.);
#3013=FACE_BOUND('',#2795,.T.);
#3014=FACE_BOUND('',#2796,.T.);
#3015=FACE_BOUND('',#2797,.T.);
#3016=FACE_BOUND('',#2798,.T.);
#3017=FACE_BOUND('',#2799,.T.);
#3018=FACE_BOUND('',#2800,.T.);
#3019=FACE_BOUND('',#2801,.T.);
#3020=FACE_BOUND('',#2802,.T.);
#3021=FACE_BOUND('',#2803,.T.);
#3022=FACE_BOUND('',#2804,.T.);
#3023=FACE_BOUND('',#2805,.T.);
#3024=FACE_BOUND('',#2806,.T.);
#3025=FACE_BOUND('',#2807,.T.);
#3026=FACE_BOUND('',#2808,.T.);
#3027=FACE_BOUND('',#2809,.T.);
#3028=FACE_BOUND('',#2810,.T.);
#3029=FACE_BOUND('',#2811,.T.);
#3030=FACE_BOUND('',#2812,.T.);
#3031=FACE_BOUND('',#2813,.T.);
#3032=FACE_BOUND('',#2814,.T.);
#3033=FACE_BOUND('',#2815,.T.);
#3034=FACE_BOUND('',#2816,.T.);
#3035=FACE_BOUND('',#2817,.T.);
#3036=FACE_BOUND('',#2818,.T.);
#3037=FACE_BOUND('',#2819,.T.);
#3038=FACE_BOUND('',#2820,.T.);
#3039=FACE_BOUND('',#2821,.T.);
#3040=FACE_BOUND('',#2822,.T.);
#3041=FACE_BOUND('',#2823,.T.);
#3042=FACE_BOUND('',#2824,.T.);
#3043=FACE_BOUND('',#2825,.T.);
#3044=FACE_BOUND('',#2826,.T.);
#3045=FACE_BOUND('',#2827,.T.);
#3046=FACE_BOUND('',#2828,.T.);
#3047=FACE_BOUND('',#2829,.T.);
#3048=FACE_BOUND('',#2830,.T.);
#3049=FACE_BOUND('',#2831,.T.);
#3050=FACE_BOUND('',#2832,.T.);
#3051=FACE_BOUND('',#2833,.T.);
#3052=FACE_BOUND('',#2834,.T.);
#3053=FACE_BOUND('',#2835,.T.);
#3054=FACE_BOUND('',#2836,.T.);
#3055=FACE_BOUND('',#2837,.T.);
#3056=FACE_BOUND('',#2838,.T.);
#3057=FACE_BOUND('',#2839,.T.);
#3058=FACE_BOUND('',#2840,.T.);
#3059=FACE_BOUND('',#2841,.T.);
#3060=FACE_BOUND('',#2842,.T.);
#3061=FACE_BOUND('',#2843,.T.);
#3062=FACE_BOUND('',#2844,.T.);
#3063=FACE_BOUND('',#2845,.T.);
#3064=FACE_BOUND('',#2846,.T.);
#3065=FACE_BOUND('',#2847,.T.);
#3066=FACE_BOUND('',#2848,.T.);
#3067=FACE_BOUND('',#2849,.T.);
#3068=FACE_BOUND('',#2850,.T.);
#3069=FACE_BOUND('',#2851,.T.);
#3070=FACE_BOUND('',#2852,.T.);
#3071=FACE_BOUND('',#2853,.T.);
#3072=FACE_BOUND('',#2854,.T.);
#3073=FACE_BOUND('',#2855,.T.);
#3074=FACE_BOUND('',#2856,.T.);
#3075=FACE_BOUND('',#2857,.T.);
#3076=FACE_BOUND('',#2858,.T.);
#3077=FACE_BOUND('',#2859,.T.);
#3078=FACE_BOUND('',#2860,.T.);
#3079=FACE_BOUND('',#2861,.T.);
#3080=FACE_BOUND('',#2862,.T.);
#3081=FACE_BOUND('',#2863,.T.);
#3082=FACE_BOUND('',#2864,.T.);
#3083=FACE_BOUND('',#2865,.T.);
#3084=FACE_BOUND('',#2866,.T.);
#3085=FACE_BOUND('',#2867,.T.);
#3086=FACE_BOUND('',#2868,.T.);
#3087=FACE_BOUND('',#2869,.T.);
#3088=FACE_BOUND('',#2870,.T.);
#3089=FACE_BOUND('',#2871,.T.);
#3090=FACE_BOUND('',#2872,.T.);
#3091=FACE_BOUND('',#2873,.T.);
#3092=FACE_BOUND('',#2874,.T.);
#3093=FACE_BOUND('',#2875,.T.);
#3094=FACE_BOUND('',#2876,.T.);
#3095=FACE_BOUND('',#2877,.T.);
#3096=FACE_BOUND('',#2878,.T.);
#3097=FACE_BOUND('',#2879,.T.);
#3098=FACE_BOUND('',#2880,.T.);
#3099=FACE_BOUND('',#2881,.T.);
#3100=FACE_BOUND('',#2882,.T.);
#3101=FACE_BOUND('',#2883,.T.);
#3102=FACE_BOUND('',#2884,.T.);
#3103=FACE_BOUND('',#2885,.T.);
#3104=FACE_BOUND('',#2886,.T.);
#3105=FACE_BOUND('',#2887,.T.);
#3106=FACE_BOUND('',#2888,.T.);
#3107=FACE_BOUND('',#2889,.T.);
#3108=FACE_BOUND('',#2890,.T.);
#3109=FACE_BOUND('',#2891,.T.);
#3110=FACE_BOUND('',#2892,.T.);
#3111=FACE_BOUND('',#2893,.T.);
#3112=FACE_BOUND('',#2894,.T.);
#3113=FACE_BOUND('',#2895,.T.);
#3114=FACE_BOUND('',#2896,.T.);
#3115=FACE_BOUND('',#2897,.T.);
#3116=FACE_BOUND('',#2898,.T.);
#3117=FACE_BOUND('',#2899,.T.);
#3118=FACE_BOUND('',#2900,.T.);
#3119=FACE_BOUND('',#2901,.T.);
#3120=FACE_BOUND('',#2902,.T.);
#3121=FACE_BOUND('',#2903,.T.);
#3122=FACE_BOUND('',#2904,.T.);
#3123=FACE_BOUND('',#2905,.T.);
#3124=FACE_BOUND('',#2906,.T.);
#3125=FACE_BOUND('',#2907,.T.);
#3126=FACE_BOUND('',#2908,.T.);
#3127=FACE_BOUND('',#2909,.T.);
#3128=FACE_BOUND('',#2910,.T.);
#3129=FACE_BOUND('',#2911,.T.);
#3130=FACE_BOUND('',#2912,.T.);
#3131=FACE_BOUND('',#2913,.T.);
#3132=FACE_BOUND('',#2914,.T.);
#3133=FACE_BOUND('',#2915,.T.);
#3134=FACE_BOUND('',#2916,.T.);
#3135=FACE_BOUND('',#2917,.T.);
#3136=FACE_BOUND('',#2918,.T.);
#3137=FACE_BOUND('',#2919,.T.);
#3138=FACE_BOUND('',#2920,.T.);
#3139=FACE_BOUND('',#2921,.T.);
#3140=FACE_BOUND('',#2922,.T.);
#3141=FACE_BOUND('',#2923,.T.);
#3142=FACE_BOUND('',#2924,.T.);
#3143=FACE_BOUND('',#2925,.T.);
#3144=FACE_BOUND('',#2926,.T.);
#3145=FACE_BOUND('',#2927,.T.);
#3146=FACE_BOUND('',#2928,.T.);
#3147=FACE_BOUND('',#2929,.T.);
#3148=FACE_BOUND('',#2930,.T.);
#3149=FACE_BOUND('',#2931,.T.);
#3150=FACE_BOUND('',#2932,.T.);
#3151=FACE_BOUND('',#2933,.T.);
#3152=FACE_BOUND('',#2934,.T.);
#3153=FACE_BOUND('',#2935,.T.);
#3154=FACE_BOUND('',#2936,.T.);
#3155=FACE_BOUND('',#2937,.T.);
#3156=FACE_BOUND('',#2938,.T.);
#3157=FACE_BOUND('',#2939,.T.);
#3158=FACE_BOUND('',#2940,.T.);
#3159=FACE_BOUND('',#2941,.T.);
#3160=FACE_BOUND('',#2942,.T.);
#3161=FACE_BOUND('',#2943,.T.);
#3162=FACE_BOUND('',#2944,.T.);
#3163=FACE_BOUND('',#2945,.T.);
#3164=FACE_BOUND('',#2946,.T.);
#3165=FACE_BOUND('',#2947,.T.);
#3166=FACE_BOUND('',#2948,.T.);
#3167=FACE_BOUND('',#2949,.T.);
#3168=FACE_BOUND('',#2950,.T.);
#3169=FACE_BOUND('',#2951,.T.);
#3170=FACE_BOUND('',#2952,.T.);
#3171=FACE_BOUND('',#2953,.T.);
#3172=FACE_BOUND('',#2954,.T.);
#3173=FACE_BOUND('',#2955,.T.);
#3174=FACE_BOUND('',#2956,.T.);
#3175=FACE_BOUND('',#2957,.T.);
#3176=FACE_BOUND('',#2958,.T.);
#3177=FACE_BOUND('',#2959,.T.);
#3178=FACE_BOUND('',#2960,.T.);
#3179=FACE_BOUND('',#2961,.T.);
#3180=FACE_BOUND('',#2962,.T.);
#3181=FACE_BOUND('',#2963,.T.);
#3182=FACE_BOUND('',#2964,.T.);
#3183=FACE_BOUND('',#2965,.T.);
#3184=FACE_BOUND('',#2966,.T.);
#3185=FACE_BOUND('',#2967,.T.);
#3186=FACE_BOUND('',#2968,.T.);
#3187=FACE_BOUND('',#2969,.T.);
#3188=PLANE('',#3499);
#3189=PLANE('',#3508);
#3190=PLANE('',#3509);
#3191=PLANE('',#3510);
#3192=PLANE('',#3511);
#3193=PLANE('',#3512);
#3194=PLANE('',#3513);
#3195=PLANE('',#3514);
#3196=PLANE('',#3530);
#3197=PLANE('',#3531);
#3198=PLANE('',#3532);
#3199=PLANE('',#3533);
#3200=PLANE('',#3534);
#3201=PLANE('',#3535);
#3202=PLANE('',#3544);
#3203=PLANE('',#3545);
#3204=PLANE('',#3546);
#3205=PLANE('',#3548);
#3206=PLANE('',#3549);
#3207=PLANE('',#3550);
#3208=PLANE('',#3551);
#3209=PLANE('',#3552);
#3210=PLANE('',#3553);
#3211=PLANE('',#3555);
#3212=PLANE('',#3558);
#3213=PLANE('',#3559);
#3214=PLANE('',#3560);
#3215=PLANE('',#3561);
#3216=PLANE('',#3562);
#3217=PLANE('',#3563);
#3218=PLANE('',#3564);
#3219=PLANE('',#3570);
#3220=PLANE('',#3571);
#3221=PLANE('',#3572);
#3222=PLANE('',#3573);
#3223=PLANE('',#3574);
#3224=PLANE('',#3575);
#3225=PLANE('',#3576);
#3226=PLANE('',#3577);
#3227=PLANE('',#3578);
#3228=PLANE('',#3579);
#3229=PLANE('',#3580);
#3230=PLANE('',#3581);
#3231=PLANE('',#3582);
#3232=PLANE('',#3583);
#3233=PLANE('',#3584);
#3234=PLANE('',#3585);
#3235=PLANE('',#3586);
#3236=PLANE('',#3587);
#3237=PLANE('',#3588);
#3238=PLANE('',#3589);
#3239=PLANE('',#3590);
#3240=PLANE('',#3591);
#3241=PLANE('',#3593);
#3242=PLANE('',#3594);
#3243=PLANE('',#3595);
#3244=PLANE('',#3596);
#3245=PLANE('',#3597);
#3246=PLANE('',#3598);
#3247=PLANE('',#3600);
#3248=PLANE('',#3605);
#3249=PLANE('',#3606);
#3250=PLANE('',#3607);
#3251=PLANE('',#3608);
#3252=PLANE('',#3609);
#3253=PLANE('',#3610);
#3254=PLANE('',#3611);
#3255=PLANE('',#3619);
#3256=PLANE('',#3620);
#3257=PLANE('',#3621);
#3258=PLANE('',#3630);
#3259=PLANE('',#3631);
#3260=PLANE('',#3632);
#3261=PLANE('',#3634);
#3262=PLANE('',#3635);
#3263=PLANE('',#3636);
#3264=PLANE('',#3637);
#3265=PLANE('',#3638);
#3266=PLANE('',#3639);
#3267=ADVANCED_FACE('',(#2970,#2971,#2972,#2973),#3188,.T.);
#3268=ADVANCED_FACE('',(#2974),#3189,.T.);
#3269=ADVANCED_FACE('',(#2975),#3190,.F.);
#3270=ADVANCED_FACE('',(#2976),#3191,.F.);
#3271=ADVANCED_FACE('',(#2977),#3192,.F.);
#3272=ADVANCED_FACE('',(#2978),#3193,.F.);
#3273=ADVANCED_FACE('',(#2979),#3194,.T.);
#3274=ADVANCED_FACE('',(#2980,#2981),#3195,.F.);
#3275=ADVANCED_FACE('',(#2982,#2983),#126,.F.);
#3276=ADVANCED_FACE('',(#2984),#31,.T.);
#3277=ADVANCED_FACE('',(#2985),#16,.F.);
#3278=ADVANCED_FACE('',(#2986),#17,.F.);
#3279=ADVANCED_FACE('',(#2987),#18,.T.);
#3280=ADVANCED_FACE('',(#2988),#19,.T.);
#3281=ADVANCED_FACE('',(#2989),#20,.T.);
#3282=ADVANCED_FACE('',(#2990),#21,.T.);
#3283=ADVANCED_FACE('',(#2991),#3196,.T.);
#3284=ADVANCED_FACE('',(#2992),#3197,.T.);
#3285=ADVANCED_FACE('',(#2993),#3198,.T.);
#3286=ADVANCED_FACE('',(#2994),#3199,.T.);
#3287=ADVANCED_FACE('',(#2995),#3200,.T.);
#3288=ADVANCED_FACE('',(#2996),#3201,.T.);
#3289=ADVANCED_FACE('',(#2997),#32,.T.);
#3290=ADVANCED_FACE('',(#2998),#33,.T.);
#3291=ADVANCED_FACE('',(#2999),#34,.T.);
#3292=ADVANCED_FACE('',(#3000),#35,.T.);
#3293=ADVANCED_FACE('',(#3001),#22,.F.);
#3294=ADVANCED_FACE('',(#3002),#36,.T.);
#3295=ADVANCED_FACE('',(#3003),#37,.T.);
#3296=ADVANCED_FACE('',(#3004),#38,.T.);
#3297=ADVANCED_FACE('',(#3005),#39,.T.);
#3298=ADVANCED_FACE('',(#3006),#40,.T.);
#3299=ADVANCED_FACE('',(#3007),#41,.T.);
#3300=ADVANCED_FACE('',(#3008),#42,.T.);
#3301=ADVANCED_FACE('',(#3009),#43,.T.);
#3302=ADVANCED_FACE('',(#3010),#44,.T.);
#3303=ADVANCED_FACE('',(#3011),#45,.T.);
#3304=ADVANCED_FACE('',(#3012),#46,.T.);
#3305=ADVANCED_FACE('',(#3013),#47,.T.);
#3306=ADVANCED_FACE('',(#3014),#48,.T.);
#3307=ADVANCED_FACE('',(#3015),#23,.T.);
#3308=ADVANCED_FACE('',(#3016),#49,.T.);
#3309=ADVANCED_FACE('',(#3017),#50,.T.);
#3310=ADVANCED_FACE('',(#3018),#24,.T.);
#3311=ADVANCED_FACE('',(#3019),#51,.T.);
#3312=ADVANCED_FACE('',(#3020),#3202,.T.);
#3313=ADVANCED_FACE('',(#3021,#3022),#3203,.T.);
#3314=ADVANCED_FACE('',(#3023),#3204,.T.);
#3315=ADVANCED_FACE('',(#3024,#3025),#127,.F.);
#3316=ADVANCED_FACE('',(#3026),#3205,.F.);
#3317=ADVANCED_FACE('',(#3027),#3206,.F.);
#3318=ADVANCED_FACE('',(#3028),#3207,.F.);
#3319=ADVANCED_FACE('',(#3029),#3208,.T.);
#3320=ADVANCED_FACE('',(#3030),#3209,.F.);
#3321=ADVANCED_FACE('',(#3031),#3210,.T.);
#3322=ADVANCED_FACE('',(#3032,#3033,#3034,#3035,#3036),#3211,.T.);
#3323=ADVANCED_FACE('',(#3037),#3212,.T.);
#3324=ADVANCED_FACE('',(#3038),#3213,.F.);
#3325=ADVANCED_FACE('',(#3039),#3214,.F.);
#3326=ADVANCED_FACE('',(#3040),#3215,.F.);
#3327=ADVANCED_FACE('',(#3041),#3216,.F.);
#3328=ADVANCED_FACE('',(#3042),#3217,.T.);
#3329=ADVANCED_FACE('',(#3043,#3044),#3218,.F.);
#3330=ADVANCED_FACE('',(#3045,#3046),#128,.F.);
#3331=ADVANCED_FACE('',(#3047),#52,.T.);
#3332=ADVANCED_FACE('',(#3048),#25,.T.);
#3333=ADVANCED_FACE('',(#3049),#53,.T.);
#3334=ADVANCED_FACE('',(#3050),#54,.T.);
#3335=ADVANCED_FACE('',(#3051),#55,.T.);
#3336=ADVANCED_FACE('',(#3052),#56,.T.);
#3337=ADVANCED_FACE('',(#3053),#57,.T.);
#3338=ADVANCED_FACE('',(#3054),#58,.T.);
#3339=ADVANCED_FACE('',(#3055),#59,.T.);
#3340=ADVANCED_FACE('',(#3056),#60,.T.);
#3341=ADVANCED_FACE('',(#3057),#61,.T.);
#3342=ADVANCED_FACE('',(#3058),#62,.T.);
#3343=ADVANCED_FACE('',(#3059),#63,.T.);
#3344=ADVANCED_FACE('',(#3060),#64,.T.);
#3345=ADVANCED_FACE('',(#3061),#3219,.T.);
#3346=ADVANCED_FACE('',(#3062),#3220,.T.);
#3347=ADVANCED_FACE('',(#3063),#3221,.T.);
#3348=ADVANCED_FACE('',(#3064),#3222,.T.);
#3349=ADVANCED_FACE('',(#3065),#3223,.T.);
#3350=ADVANCED_FACE('',(#3066),#3224,.T.);
#3351=ADVANCED_FACE('',(#3067),#3225,.T.);
#3352=ADVANCED_FACE('',(#3068),#3226,.T.);
#3353=ADVANCED_FACE('',(#3069),#65,.T.);
#3354=ADVANCED_FACE('',(#3070),#66,.T.);
#3355=ADVANCED_FACE('',(#3071),#67,.T.);
#3356=ADVANCED_FACE('',(#3072),#68,.T.);
#3357=ADVANCED_FACE('',(#3073),#69,.T.);
#3358=ADVANCED_FACE('',(#3074),#70,.T.);
#3359=ADVANCED_FACE('',(#3075),#71,.T.);
#3360=ADVANCED_FACE('',(#3076),#72,.T.);
#3361=ADVANCED_FACE('',(#3077),#73,.T.);
#3362=ADVANCED_FACE('',(#3078),#74,.T.);
#3363=ADVANCED_FACE('',(#3079),#75,.T.);
#3364=ADVANCED_FACE('',(#3080),#76,.T.);
#3365=ADVANCED_FACE('',(#3081),#77,.T.);
#3366=ADVANCED_FACE('',(#3082),#78,.T.);
#3367=ADVANCED_FACE('',(#3083),#79,.T.);
#3368=ADVANCED_FACE('',(#3084),#80,.T.);
#3369=ADVANCED_FACE('',(#3085),#81,.T.);
#3370=ADVANCED_FACE('',(#3086),#82,.T.);
#3371=ADVANCED_FACE('',(#3087),#83,.T.);
#3372=ADVANCED_FACE('',(#3088),#84,.T.);
#3373=ADVANCED_FACE('',(#3089,#3090),#3227,.T.);
#3374=ADVANCED_FACE('',(#3091),#3228,.T.);
#3375=ADVANCED_FACE('',(#3092),#3229,.T.);
#3376=ADVANCED_FACE('',(#3093),#3230,.T.);
#3377=ADVANCED_FACE('',(#3094),#3231,.T.);
#3378=ADVANCED_FACE('',(#3095),#3232,.T.);
#3379=ADVANCED_FACE('',(#3096),#3233,.T.);
#3380=ADVANCED_FACE('',(#3097),#3234,.T.);
#3381=ADVANCED_FACE('',(#3098),#3235,.T.);
#3382=ADVANCED_FACE('',(#3099),#3236,.T.);
#3383=ADVANCED_FACE('',(#3100),#3237,.T.);
#3384=ADVANCED_FACE('',(#3101),#3238,.T.);
#3385=ADVANCED_FACE('',(#3102),#3239,.T.);
#3386=ADVANCED_FACE('',(#3103),#3240,.T.);
#3387=ADVANCED_FACE('',(#3104,#3105),#129,.F.);
#3388=ADVANCED_FACE('',(#3106),#3241,.F.);
#3389=ADVANCED_FACE('',(#3107),#3242,.F.);
#3390=ADVANCED_FACE('',(#3108),#3243,.F.);
#3391=ADVANCED_FACE('',(#3109),#3244,.T.);
#3392=ADVANCED_FACE('',(#3110),#3245,.F.);
#3393=ADVANCED_FACE('',(#3111),#3246,.T.);
#3394=ADVANCED_FACE('',(#3112,#3113,#3114,#3115),#3247,.T.);
#3395=ADVANCED_FACE('',(#3116),#3248,.T.);
#3396=ADVANCED_FACE('',(#3117),#3249,.F.);
#3397=ADVANCED_FACE('',(#3118),#3250,.F.);
#3398=ADVANCED_FACE('',(#3119),#3251,.F.);
#3399=ADVANCED_FACE('',(#3120),#3252,.F.);
#3400=ADVANCED_FACE('',(#3121),#3253,.T.);
#3401=ADVANCED_FACE('',(#3122,#3123),#3254,.F.);
#3402=ADVANCED_FACE('',(#3124,#3125),#130,.F.);
#3403=ADVANCED_FACE('',(#3126),#26,.F.);
#3404=ADVANCED_FACE('',(#3127),#27,.F.);
#3405=ADVANCED_FACE('',(#3128),#85,.T.);
#3406=ADVANCED_FACE('',(#3129),#86,.T.);
#3407=ADVANCED_FACE('',(#3130),#87,.T.);
#3408=ADVANCED_FACE('',(#3131),#88,.T.);
#3409=ADVANCED_FACE('',(#3132),#89,.T.);
#3410=ADVANCED_FACE('',(#3133),#90,.T.);
#3411=ADVANCED_FACE('',(#3134),#91,.T.);
#3412=ADVANCED_FACE('',(#3135),#92,.T.);
#3413=ADVANCED_FACE('',(#3136),#93,.T.);
#3414=ADVANCED_FACE('',(#3137),#94,.T.);
#3415=ADVANCED_FACE('',(#3138),#95,.T.);
#3416=ADVANCED_FACE('',(#3139),#96,.T.);
#3417=ADVANCED_FACE('',(#3140),#97,.T.);
#3418=ADVANCED_FACE('',(#3141),#98,.T.);
#3419=ADVANCED_FACE('',(#3142),#99,.T.);
#3420=ADVANCED_FACE('',(#3143),#100,.T.);
#3421=ADVANCED_FACE('',(#3144),#101,.T.);
#3422=ADVANCED_FACE('',(#3145),#102,.T.);
#3423=ADVANCED_FACE('',(#3146),#103,.T.);
#3424=ADVANCED_FACE('',(#3147),#104,.T.);
#3425=ADVANCED_FACE('',(#3148),#105,.T.);
#3426=ADVANCED_FACE('',(#3149),#3255,.T.);
#3427=ADVANCED_FACE('',(#3150,#3151),#3256,.T.);
#3428=ADVANCED_FACE('',(#3152),#3257,.T.);
#3429=ADVANCED_FACE('',(#3153),#106,.T.);
#3430=ADVANCED_FACE('',(#3154),#107,.T.);
#3431=ADVANCED_FACE('',(#3155),#108,.T.);
#3432=ADVANCED_FACE('',(#3156),#109,.T.);
#3433=ADVANCED_FACE('',(#3157),#28,.F.);
#3434=ADVANCED_FACE('',(#3158),#110,.T.);
#3435=ADVANCED_FACE('',(#3159),#111,.T.);
#3436=ADVANCED_FACE('',(#3160),#112,.T.);
#3437=ADVANCED_FACE('',(#3161),#113,.T.);
#3438=ADVANCED_FACE('',(#3162),#114,.T.);
#3439=ADVANCED_FACE('',(#3163),#115,.T.);
#3440=ADVANCED_FACE('',(#3164),#116,.T.);
#3441=ADVANCED_FACE('',(#3165),#117,.T.);
#3442=ADVANCED_FACE('',(#3166),#118,.T.);
#3443=ADVANCED_FACE('',(#3167),#119,.T.);
#3444=ADVANCED_FACE('',(#3168),#120,.T.);
#3445=ADVANCED_FACE('',(#3169),#121,.T.);
#3446=ADVANCED_FACE('',(#3170),#122,.T.);
#3447=ADVANCED_FACE('',(#3171),#29,.T.);
#3448=ADVANCED_FACE('',(#3172),#123,.T.);
#3449=ADVANCED_FACE('',(#3173),#124,.T.);
#3450=ADVANCED_FACE('',(#3174),#30,.T.);
#3451=ADVANCED_FACE('',(#3175),#125,.T.);
#3452=ADVANCED_FACE('',(#3176),#3258,.T.);
#3453=ADVANCED_FACE('',(#3177,#3178),#3259,.T.);
#3454=ADVANCED_FACE('',(#3179),#3260,.T.);
#3455=ADVANCED_FACE('',(#3180,#3181),#131,.F.);
#3456=ADVANCED_FACE('',(#3182),#3261,.F.);
#3457=ADVANCED_FACE('',(#3183),#3262,.F.);
#3458=ADVANCED_FACE('',(#3184),#3263,.F.);
#3459=ADVANCED_FACE('',(#3185),#3264,.T.);
#3460=ADVANCED_FACE('',(#3186),#3265,.F.);
#3461=ADVANCED_FACE('',(#3187),#3266,.T.);
#3462=CLOSED_SHELL('',(#3267,#3268,#3269,#3270,#3271,#3272,#3273,#3274,
#3275,#3276,#3277,#3278,#3279,#3280,#3281,#3282,#3283,#3284,#3285,#3286,
#3287,#3288,#3289,#3290,#3291,#3292,#3293,#3294,#3295,#3296,#3297,#3298,
#3299,#3300,#3301,#3302,#3303,#3304,#3305,#3306,#3307,#3308,#3309,#3310,
#3311,#3312,#3313,#3314,#3315,#3316,#3317,#3318,#3319,#3320,#3321));
#3463=CLOSED_SHELL('',(#3322,#3323,#3324,#3325,#3326,#3327,#3328,#3329,
#3330,#3331,#3332,#3333,#3334,#3335,#3336,#3337,#3338,#3339,#3340,#3341,
#3342,#3343,#3344,#3345,#3346,#3347,#3348,#3349,#3350,#3351,#3352,#3353,
#3354,#3355,#3356,#3357,#3358,#3359,#3360,#3361,#3362,#3363,#3364,#3365,
#3366,#3367,#3368,#3369,#3370,#3371,#3372,#3373,#3374,#3375,#3376,#3377,
#3378,#3379,#3380,#3381,#3382,#3383,#3384,#3385,#3386,#3387,#3388,#3389,
#3390,#3391,#3392,#3393));
#3464=CLOSED_SHELL('',(#3394,#3395,#3396,#3397,#3398,#3399,#3400,#3401,
#3402,#3403,#3404,#3405,#3406,#3407,#3408,#3409,#3410,#3411,#3412,#3413,
#3414,#3415,#3416,#3417,#3418,#3419,#3420,#3421,#3422,#3423,#3424,#3425,
#3426,#3427,#3428,#3429,#3430,#3431,#3432,#3433,#3434,#3435,#3436,#3437,
#3438,#3439,#3440,#3441,#3442,#3443,#3444,#3445,#3446,#3447,#3448,#3449,
#3450,#3451,#3452,#3453,#3454,#3455,#3456,#3457,#3458,#3459,#3460,#3461));
#3465=STYLED_ITEM('',(#3468),#3489);
#3466=STYLED_ITEM('',(#3469),#3490);
#3467=STYLED_ITEM('',(#3470),#3491);
#3468=PRESENTATION_STYLE_ASSIGNMENT((#3471));
#3469=PRESENTATION_STYLE_ASSIGNMENT((#3472));
#3470=PRESENTATION_STYLE_ASSIGNMENT((#3473));
#3471=SURFACE_STYLE_USAGE(.BOTH.,#3474);
#3472=SURFACE_STYLE_USAGE(.BOTH.,#3475);
#3473=SURFACE_STYLE_USAGE(.BOTH.,#3476);
#3474=SURFACE_SIDE_STYLE('',(#3477));
#3475=SURFACE_SIDE_STYLE('',(#3478));
#3476=SURFACE_SIDE_STYLE('',(#3479));
#3477=SURFACE_STYLE_FILL_AREA(#3480);
#3478=SURFACE_STYLE_FILL_AREA(#3481);
#3479=SURFACE_STYLE_FILL_AREA(#3482);
#3480=FILL_AREA_STYLE('',(#3483));
#3481=FILL_AREA_STYLE('',(#3484));
#3482=FILL_AREA_STYLE('',(#3485));
#3483=FILL_AREA_STYLE_COLOUR('',#3486);
#3484=FILL_AREA_STYLE_COLOUR('',#3487);
#3485=FILL_AREA_STYLE_COLOUR('',#3488);
#3486=COLOUR_RGB('',0.231372549019608,0.380392156862745,0.705882352941177);
#3487=COLOUR_RGB('',0.615686274509804,0.811764705882353,0.929411764705882);
#3488=COLOUR_RGB('',0.647058823529412,0.647058823529412,0.647058823529412);
#3489=MANIFOLD_SOLID_BREP('Cuff',#3462);
#3490=MANIFOLD_SOLID_BREP('Cuff',#3463);
#3491=MANIFOLD_SOLID_BREP('Cuff',#3464);
#3492=SHAPE_DEFINITION_REPRESENTATION(#6347,#3495);
#3493=SHAPE_DEFINITION_REPRESENTATION(#6348,#3496);
#3494=SHAPE_DEFINITION_REPRESENTATION(#6349,#3497);
#3495=SHAPE_REPRESENTATION('Cuff',(#3498),#6332);
#3496=SHAPE_REPRESENTATION('Cuff',(#3554),#6333);
#3497=SHAPE_REPRESENTATION('Cuff',(#3599),#6334);
#3498=AXIS2_PLACEMENT_3D('',#4181,#3640,#3641);
#3499=AXIS2_PLACEMENT_3D('',#4182,#3642,#3643);
#3500=AXIS2_PLACEMENT_3D('',#4190,#3647,#3648);
#3501=AXIS2_PLACEMENT_3D('',#4192,#3649,#3650);
#3502=AXIS2_PLACEMENT_3D('',#4194,#3651,#3652);
#3503=AXIS2_PLACEMENT_3D('',#4196,#3653,#3654);
#3504=AXIS2_PLACEMENT_3D('',#4200,#3656,#3657);
#3505=AXIS2_PLACEMENT_3D('',#4202,#3658,#3659);
#3506=AXIS2_PLACEMENT_3D('',#4209,#3661,#3662);
#3507=AXIS2_PLACEMENT_3D('',#4274,#3670,#3671);
#3508=AXIS2_PLACEMENT_3D('',#4283,#3672,#3673);
#3509=AXIS2_PLACEMENT_3D('',#4289,#3677,#3678);
#3510=AXIS2_PLACEMENT_3D('',#4293,#3681,#3682);
#3511=AXIS2_PLACEMENT_3D('',#4297,#3685,#3686);
#3512=AXIS2_PLACEMENT_3D('',#4301,#3689,#3690);
#3513=AXIS2_PLACEMENT_3D('',#4305,#3693,#3694);
#3514=AXIS2_PLACEMENT_3D('',#4307,#3696,#3697);
#3515=AXIS2_PLACEMENT_3D('',#4308,#3698,#3699);
#3516=AXIS2_PLACEMENT_3D('',#4322,#3706,#3707);
#3517=AXIS2_PLACEMENT_3D('',#4323,#3708,#3709);
#3518=AXIS2_PLACEMENT_3D('',#4343,#3711,#3712);
#3519=AXIS2_PLACEMENT_3D('',#4349,#3713,#3714);
#3520=AXIS2_PLACEMENT_3D('',#4350,#3715,#3716);
#3521=AXIS2_PLACEMENT_3D('',#4353,#3718,#3719);
#3522=AXIS2_PLACEMENT_3D('',#4354,#3720,#3721);
#3523=AXIS2_PLACEMENT_3D('',#4360,#3722,#3723);
#3524=AXIS2_PLACEMENT_3D('',#4363,#3725,#3726);
#3525=AXIS2_PLACEMENT_3D('',#4369,#3727,#3728);
#3526=AXIS2_PLACEMENT_3D('',#4370,#3729,#3730);
#3527=AXIS2_PLACEMENT_3D('',#4376,#3731,#3732);
#3528=AXIS2_PLACEMENT_3D('',#4377,#3733,#3734);
#3529=AXIS2_PLACEMENT_3D('',#4380,#3736,#3737);
#3530=AXIS2_PLACEMENT_3D('',#4381,#3738,#3739);
#3531=AXIS2_PLACEMENT_3D('',#4387,#3743,#3744);
#3532=AXIS2_PLACEMENT_3D('',#4389,#3746,#3747);
#3533=AXIS2_PLACEMENT_3D('',#4391,#3749,#3750);
#3534=AXIS2_PLACEMENT_3D('',#4395,#3753,#3754);
#3535=AXIS2_PLACEMENT_3D('',#4397,#3756,#3757);
#3536=AXIS2_PLACEMENT_3D('',#4455,#3762,#3763);
#3537=AXIS2_PLACEMENT_3D('',#4461,#3764,#3765);
#3538=AXIS2_PLACEMENT_3D('',#4658,#3779,#3780);
#3539=AXIS2_PLACEMENT_3D('',#4665,#3781,#3782);
#3540=AXIS2_PLACEMENT_3D('',#4666,#3783,#3784);
#3541=AXIS2_PLACEMENT_3D('',#4704,#3786,#3787);
#3542=AXIS2_PLACEMENT_3D('',#4705,#3788,#3789);
#3543=AXIS2_PLACEMENT_3D('',#4706,#3790,#3791);
#3544=AXIS2_PLACEMENT_3D('',#4718,#3792,#3793);
#3545=AXIS2_PLACEMENT_3D('',#4720,#3795,#3796);
#3546=AXIS2_PLACEMENT_3D('',#4721,#3797,#3798);
#3547=AXIS2_PLACEMENT_3D('',#4722,#3799,#3800);
#3548=AXIS2_PLACEMENT_3D('',#4723,#3801,#3802);
#3549=AXIS2_PLACEMENT_3D('',#4726,#3805,#3806);
#3550=AXIS2_PLACEMENT_3D('',#4728,#3808,#3809);
#3551=AXIS2_PLACEMENT_3D('',#4730,#3811,#3812);
#3552=AXIS2_PLACEMENT_3D('',#4732,#3814,#3815);
#3553=AXIS2_PLACEMENT_3D('',#4734,#3817,#3818);
#3554=AXIS2_PLACEMENT_3D('',#4735,#3819,#3820);
#3555=AXIS2_PLACEMENT_3D('',#4736,#3821,#3822);
#3556=AXIS2_PLACEMENT_3D('',#4759,#3834,#3835);
#3557=AXIS2_PLACEMENT_3D('',#4830,#3844,#3845);
#3558=AXIS2_PLACEMENT_3D('',#4873,#3851,#3852);
#3559=AXIS2_PLACEMENT_3D('',#4879,#3856,#3857);
#3560=AXIS2_PLACEMENT_3D('',#4883,#3860,#3861);
#3561=AXIS2_PLACEMENT_3D('',#4887,#3864,#3865);
#3562=AXIS2_PLACEMENT_3D('',#4891,#3868,#3869);
#3563=AXIS2_PLACEMENT_3D('',#4895,#3872,#3873);
#3564=AXIS2_PLACEMENT_3D('',#4897,#3875,#3876);
#3565=AXIS2_PLACEMENT_3D('',#4898,#3877,#3878);
#3566=AXIS2_PLACEMENT_3D('',#4912,#3885,#3886);
#3567=AXIS2_PLACEMENT_3D('',#4913,#3887,#3888);
#3568=AXIS2_PLACEMENT_3D('',#4930,#3891,#3892);
#3569=AXIS2_PLACEMENT_3D('',#4936,#3893,#3894);
#3570=AXIS2_PLACEMENT_3D('',#5095,#3908,#3909);
#3571=AXIS2_PLACEMENT_3D('',#5099,#3912,#3913);
#3572=AXIS2_PLACEMENT_3D('',#5103,#3916,#3917);
#3573=AXIS2_PLACEMENT_3D('',#5107,#3920,#3921);
#3574=AXIS2_PLACEMENT_3D('',#5111,#3924,#3925);
#3575=AXIS2_PLACEMENT_3D('',#5115,#3928,#3929);
#3576=AXIS2_PLACEMENT_3D('',#5117,#3931,#3932);
#3577=AXIS2_PLACEMENT_3D('',#5119,#3934,#3935);
#3578=AXIS2_PLACEMENT_3D('',#5428,#3956,#3957);
#3579=AXIS2_PLACEMENT_3D('',#5429,#3958,#3959);
#3580=AXIS2_PLACEMENT_3D('',#5430,#3960,#3961);
#3581=AXIS2_PLACEMENT_3D('',#5436,#3965,#3966);
#3582=AXIS2_PLACEMENT_3D('',#5440,#3969,#3970);
#3583=AXIS2_PLACEMENT_3D('',#5444,#3973,#3974);
#3584=AXIS2_PLACEMENT_3D('',#5448,#3977,#3978);
#3585=AXIS2_PLACEMENT_3D('',#5452,#3981,#3982);
#3586=AXIS2_PLACEMENT_3D('',#5456,#3985,#3986);
#3587=AXIS2_PLACEMENT_3D('',#5460,#3989,#3990);
#3588=AXIS2_PLACEMENT_3D('',#5464,#3993,#3994);
#3589=AXIS2_PLACEMENT_3D('',#5468,#3997,#3998);
#3590=AXIS2_PLACEMENT_3D('',#5472,#4001,#4002);
#3591=AXIS2_PLACEMENT_3D('',#5474,#4004,#4005);
#3592=AXIS2_PLACEMENT_3D('',#5475,#4006,#4007);
#3593=AXIS2_PLACEMENT_3D('',#5476,#4008,#4009);
#3594=AXIS2_PLACEMENT_3D('',#5479,#4012,#4013);
#3595=AXIS2_PLACEMENT_3D('',#5481,#4015,#4016);
#3596=AXIS2_PLACEMENT_3D('',#5483,#4018,#4019);
#3597=AXIS2_PLACEMENT_3D('',#5485,#4021,#4022);
#3598=AXIS2_PLACEMENT_3D('',#5487,#4024,#4025);
#3599=AXIS2_PLACEMENT_3D('',#5488,#4026,#4027);
#3600=AXIS2_PLACEMENT_3D('',#5489,#4028,#4029);
#3601=AXIS2_PLACEMENT_3D('',#5490,#4030,#4031);
#3602=AXIS2_PLACEMENT_3D('',#5504,#4038,#4039);
#3603=AXIS2_PLACEMENT_3D('',#5507,#4040,#4041);
#3604=AXIS2_PLACEMENT_3D('',#5613,#4044,#4045);
#3605=AXIS2_PLACEMENT_3D('',#5622,#4046,#4047);
#3606=AXIS2_PLACEMENT_3D('',#5628,#4051,#4052);
#3607=AXIS2_PLACEMENT_3D('',#5632,#4055,#4056);
#3608=AXIS2_PLACEMENT_3D('',#5636,#4059,#4060);
#3609=AXIS2_PLACEMENT_3D('',#5640,#4063,#4064);
#3610=AXIS2_PLACEMENT_3D('',#5644,#4067,#4068);
#3611=AXIS2_PLACEMENT_3D('',#5646,#4070,#4071);
#3612=AXIS2_PLACEMENT_3D('',#5647,#4072,#4073);
#3613=AXIS2_PLACEMENT_3D('',#5661,#4080,#4081);
#3614=AXIS2_PLACEMENT_3D('',#5662,#4082,#4083);
#3615=AXIS2_PLACEMENT_3D('',#5664,#4084,#4085);
#3616=AXIS2_PLACEMENT_3D('',#5670,#4086,#4087);
#3617=AXIS2_PLACEMENT_3D('',#5676,#4088,#4089);
#3618=AXIS2_PLACEMENT_3D('',#5682,#4090,#4091);
#3619=AXIS2_PLACEMENT_3D('',#5988,#4113,#4114);
#3620=AXIS2_PLACEMENT_3D('',#5990,#4116,#4117);
#3621=AXIS2_PLACEMENT_3D('',#5991,#4118,#4119);
#3622=AXIS2_PLACEMENT_3D('',#6049,#4124,#4125);
#3623=AXIS2_PLACEMENT_3D('',#6055,#4126,#4127);
#3624=AXIS2_PLACEMENT_3D('',#6252,#4141,#4142);
#3625=AXIS2_PLACEMENT_3D('',#6259,#4143,#4144);
#3626=AXIS2_PLACEMENT_3D('',#6260,#4145,#4146);
#3627=AXIS2_PLACEMENT_3D('',#6298,#4148,#4149);
#3628=AXIS2_PLACEMENT_3D('',#6299,#4150,#4151);
#3629=AXIS2_PLACEMENT_3D('',#6300,#4152,#4153);
#3630=AXIS2_PLACEMENT_3D('',#6312,#4154,#4155);
#3631=AXIS2_PLACEMENT_3D('',#6314,#4157,#4158);
#3632=AXIS2_PLACEMENT_3D('',#6315,#4159,#4160);
#3633=AXIS2_PLACEMENT_3D('',#6316,#4161,#4162);
#3634=AXIS2_PLACEMENT_3D('',#6317,#4163,#4164);
#3635=AXIS2_PLACEMENT_3D('',#6320,#4167,#4168);
#3636=AXIS2_PLACEMENT_3D('',#6322,#4170,#4171);
#3637=AXIS2_PLACEMENT_3D('',#6324,#4173,#4174);
#3638=AXIS2_PLACEMENT_3D('',#6326,#4176,#4177);
#3639=AXIS2_PLACEMENT_3D('',#6328,#4179,#4180);
#3640=DIRECTION('',(0.,0.,1.));
#3641=DIRECTION('',(1.,0.,0.));
#3642=DIRECTION('',(0.,0.,1.));
#3643=DIRECTION('',(1.,0.,0.));
#3644=DIRECTION('',(9.0205620750794E-17,-1.,0.));
#3645=DIRECTION('',(-1.,-9.0205620750794E-17,0.));
#3646=DIRECTION('',(-9.0205620750794E-17,1.,0.));
#3647=DIRECTION('',(0.,0.,1.));
#3648=DIRECTION('',(1.,0.,0.));
#3649=DIRECTION('',(0.,0.,1.));
#3650=DIRECTION('',(1.,0.,0.));
#3651=DIRECTION('',(0.,0.,1.));
#3652=DIRECTION('',(1.,0.,0.));
#3653=DIRECTION('',(0.,0.,1.));
#3654=DIRECTION('',(1.,0.,0.));
#3655=DIRECTION('',(1.,9.0205620750794E-17,0.));
#3656=DIRECTION('',(0.,0.,1.));
#3657=DIRECTION('',(1.,0.,0.));
#3658=DIRECTION('',(0.,0.,1.));
#3659=DIRECTION('',(1.,0.,0.));
#3660=DIRECTION('',(1.,9.0205620750794E-17,0.));
#3661=DIRECTION('',(0.,0.,1.));
#3662=DIRECTION('',(1.,0.,0.));
#3663=DIRECTION('',(-0.707106781186548,0.707106781186548,0.));
#3664=DIRECTION('',(1.,0.,0.));
#3665=DIRECTION('',(0.707106781186548,0.707106781186548,0.));
#3666=DIRECTION('',(0.,1.,0.));
#3667=DIRECTION('',(-1.,-9.13012355777267E-17,0.));
#3668=DIRECTION('',(0.,1.,0.));
#3669=DIRECTION('',(-0.990259164931857,-0.139236440160116,0.));
#3670=DIRECTION('',(0.,0.,1.));
#3671=DIRECTION('',(1.,0.,0.));
#3672=DIRECTION('',(-0.707106781186548,-0.707106781186548,0.));
#3673=DIRECTION('',(0.707106781186548,-0.707106781186548,0.));
#3674=DIRECTION('',(0.,0.,-1.));
#3675=DIRECTION('',(0.707106781186548,-0.707106781186548,0.));
#3676=DIRECTION('',(0.,0.,-1.));
#3677=DIRECTION('',(0.,1.,0.));
#3678=DIRECTION('',(0.,0.,1.));
#3679=DIRECTION('',(1.,0.,0.));
#3680=DIRECTION('',(0.,0.,-1.));
#3681=DIRECTION('',(-0.707106781186548,0.707106781186548,0.));
#3682=DIRECTION('',(-0.707106781186548,-0.707106781186548,0.));
#3683=DIRECTION('',(0.707106781186548,0.707106781186548,0.));
#3684=DIRECTION('',(0.,0.,-1.));
#3685=DIRECTION('',(-1.,0.,0.));
#3686=DIRECTION('',(0.,0.,1.));
#3687=DIRECTION('',(0.,1.,0.));
#3688=DIRECTION('',(0.,0.,-1.));
#3689=DIRECTION('',(9.13012355777267E-17,-1.,0.));
#3690=DIRECTION('',(1.,9.13012355777267E-17,0.));
#3691=DIRECTION('',(-1.,-9.13012355777267E-17,0.));
#3692=DIRECTION('',(0.,0.,-1.));
#3693=DIRECTION('',(-1.,0.,0.));
#3694=DIRECTION('',(0.,0.,1.));
#3695=DIRECTION('',(0.,-1.,0.));
#3696=DIRECTION('',(0.,0.,1.));
#3697=DIRECTION('',(1.,0.,0.));
#3698=DIRECTION('',(0.,0.,1.));
#3699=DIRECTION('',(1.,0.,0.));
#3700=DIRECTION('',(-0.707106781186548,0.707106781186548,0.));
#3701=DIRECTION('',(0.,1.,0.));
#3702=DIRECTION('',(1.,9.13012355777267E-17,0.));
#3703=DIRECTION('',(0.,-1.,0.));
#3704=DIRECTION('',(-0.707106781186548,-0.707106781186548,0.));
#3705=DIRECTION('',(-1.,0.,0.));
#3706=DIRECTION('',(0.,0.,1.));
#3707=DIRECTION('',(1.,0.,0.));
#3708=DIRECTION('',(0.,0.,1.));
#3709=DIRECTION('',(1.,0.,0.));
#3710=DIRECTION('',(0.,0.,1.));
#3711=DIRECTION('',(0.,0.,1.));
#3712=DIRECTION('',(0.930182297023627,-0.367097935575576,0.));
#3713=DIRECTION('',(0.,0.,1.));
#3714=DIRECTION('',(1.,0.,0.));
#3715=DIRECTION('',(0.,0.,1.));
#3716=DIRECTION('',(0.99093470890687,-0.134344343698043,0.));
#3717=DIRECTION('',(0.,0.,1.));
#3718=DIRECTION('',(0.,0.,1.));
#3719=DIRECTION('',(1.,0.,0.));
#3720=DIRECTION('',(0.,0.,1.));
#3721=DIRECTION('',(0.993322106234499,-0.115374144702612,0.));
#3722=DIRECTION('',(0.,0.,1.));
#3723=DIRECTION('',(1.,0.,0.));
#3724=DIRECTION('',(0.,0.,1.));
#3725=DIRECTION('',(0.,0.,1.));
#3726=DIRECTION('',(0.9468829542966,-0.32157840546676,0.));
#3727=DIRECTION('',(0.,0.,1.));
#3728=DIRECTION('',(1.,0.,0.));
#3729=DIRECTION('',(0.,0.,1.));
#3730=DIRECTION('',(0.8873581621774,-0.461080786866192,0.));
#3731=DIRECTION('',(0.,0.,1.));
#3732=DIRECTION('',(1.,0.,0.));
#3733=DIRECTION('',(0.,0.,1.));
#3734=DIRECTION('',(0.851067795511196,-0.525055813646238,0.));
#3735=DIRECTION('',(0.,0.,1.));
#3736=DIRECTION('',(0.,0.,1.));
#3737=DIRECTION('',(1.,0.,0.));
#3738=DIRECTION('',(-1.,-9.0205620750794E-17,0.));
#3739=DIRECTION('',(9.0205620750794E-17,-1.,0.));
#3740=DIRECTION('',(0.,0.,1.));
#3741=DIRECTION('',(9.02056207507939E-17,-1.,0.));
#3742=DIRECTION('',(0.,0.,1.));
#3743=DIRECTION('',(9.0205620750794E-17,-1.,0.));
#3744=DIRECTION('',(1.,9.0205620750794E-17,0.));
#3745=DIRECTION('',(-1.,-9.0205620750794E-17,0.));
#3746=DIRECTION('',(9.0205620750794E-17,-1.,0.));
#3747=DIRECTION('',(1.,9.0205620750794E-17,0.));
#3748=DIRECTION('',(-1.,-9.0205620750794E-17,0.));
#3749=DIRECTION('',(1.,9.0205620750794E-17,0.));
#3750=DIRECTION('',(-9.0205620750794E-17,1.,0.));
#3751=DIRECTION('',(0.,0.,1.));
#3752=DIRECTION('',(9.02056207507939E-17,-1.,0.));
#3753=DIRECTION('',(-9.0205620750794E-17,1.,0.));
#3754=DIRECTION('',(-1.,-9.0205620750794E-17,0.));
#3755=DIRECTION('',(-1.,-9.0205620750794E-17,0.));
#3756=DIRECTION('',(0.,0.,1.));
#3757=DIRECTION('',(-1.,-9.0205620750794E-17,0.));
#3758=DIRECTION('',(0.,0.,1.));
#3759=DIRECTION('',(0.,0.,1.));
#3760=DIRECTION('',(0.,0.,1.));
#3761=DIRECTION('',(0.,0.,1.));
#3762=DIRECTION('',(0.,0.,1.));
#3763=DIRECTION('',(-0.223940647431541,0.974602783921707,0.));
#3764=DIRECTION('',(0.,0.,1.));
#3765=DIRECTION('',(1.,0.,0.));
#3766=DIRECTION('',(0.,0.,1.));
#3767=DIRECTION('',(0.,0.,1.));
#3768=DIRECTION('',(0.,0.,1.));
#3769=DIRECTION('',(0.,0.,1.));
#3770=DIRECTION('',(0.,0.,1.));
#3771=DIRECTION('',(0.,0.,1.));
#3772=DIRECTION('',(0.,0.,1.));
#3773=DIRECTION('',(0.,0.,1.));
#3774=DIRECTION('',(0.,0.,1.));
#3775=DIRECTION('',(0.,0.,1.));
#3776=DIRECTION('',(0.,0.,1.));
#3777=DIRECTION('',(0.,0.,1.));
#3778=DIRECTION('',(0.,0.,1.));
#3779=DIRECTION('',(0.,0.,1.));
#3780=DIRECTION('',(-0.451556560180816,-0.892242496722539,0.));
#3781=DIRECTION('',(0.,0.,1.));
#3782=DIRECTION('',(1.,0.,0.));
#3783=DIRECTION('',(0.,0.,1.));
#3784=DIRECTION('',(1.,0.,0.));
#3785=DIRECTION('',(0.,0.,1.));
#3786=DIRECTION('',(0.,0.,1.));
#3787=DIRECTION('',(-0.38465360764103,0.923060995887455,0.));
#3788=DIRECTION('',(0.,0.,1.));
#3789=DIRECTION('',(1.,0.,0.));
#3790=DIRECTION('',(0.,0.,1.));
#3791=DIRECTION('',(1.,0.,0.));
#3792=DIRECTION('',(-0.139236440160116,0.990259164931857,0.));
#3793=DIRECTION('',(-0.990259164931857,-0.139236440160116,0.));
#3794=DIRECTION('',(-0.990259164931857,-0.139236440160116,0.));
#3795=DIRECTION('',(0.,0.,1.));
#3796=DIRECTION('',(-1.,-9.19403442267708E-17,0.));
#3797=DIRECTION('',(0.,0.,1.));
#3798=DIRECTION('',(1.,0.,0.));
#3799=DIRECTION('',(0.,0.,-1.));
#3800=DIRECTION('',(-1.,0.,0.));
#3801=DIRECTION('',(-0.632455532033676,0.632455532033676,0.447213595499958));
#3802=DIRECTION('',(0.707106781186548,0.707106781186548,0.));
#3803=DIRECTION('',(0.439732612032304,-0.182143211721528,0.87946522406461));
#3804=DIRECTION('',(0.182143211721528,-0.439732612032304,0.87946522406461));
#3805=DIRECTION('',(0.,0.894427190999916,0.447213595499958));
#3806=DIRECTION('',(1.,0.,0.));
#3807=DIRECTION('',(-0.182143211721528,-0.439732612032304,0.87946522406461));
#3808=DIRECTION('',(-0.894427190999916,0.,0.447213595499958));
#3809=DIRECTION('',(0.,1.,0.));
#3810=DIRECTION('',(0.408248290463863,0.408248290463863,0.816496580927727));
#3811=DIRECTION('',(-0.632455532033676,-0.632455532033676,-0.447213595499958));
#3812=DIRECTION('',(0.707106781186548,-0.707106781186548,0.));
#3813=DIRECTION('',(0.439732612032304,0.182143211721528,-0.87946522406461));
#3814=DIRECTION('',(8.16623076726078E-17,-0.894427190999916,0.447213595499958));
#3815=DIRECTION('',(-1.,-9.13012355777267E-17,0.));
#3816=DIRECTION('',(0.408248290463863,-0.408248290463863,-0.816496580927727));
#3817=DIRECTION('',(-0.894427190999916,0.,-0.447213595499958));
#3818=DIRECTION('',(0.,-1.,0.));
#3819=DIRECTION('',(0.,0.,1.));
#3820=DIRECTION('',(1.,0.,0.));
#3821=DIRECTION('',(0.,0.,1.));
#3822=DIRECTION('',(1.,0.,0.));
#3823=DIRECTION('',(-1.,-9.19403442267708E-17,0.));
#3824=DIRECTION('',(-9.19403442267708E-17,1.,0.));
#3825=DIRECTION('',(1.,9.19403442267708E-17,0.));
#3826=DIRECTION('',(9.19403442267708E-17,-1.,0.));
#3827=DIRECTION('',(-1.,-9.19403442267708E-17,0.));
#3828=DIRECTION('',(9.19403442267708E-17,-1.,0.));
#3829=DIRECTION('',(0.848359172583651,0.529421112436199,0.));
#3830=DIRECTION('',(9.19403442267708E-17,-1.,0.));
#3831=DIRECTION('',(-0.839120835028774,-0.543945056251653,0.));
#3832=DIRECTION('',(-1.,-9.19403442267708E-17,0.));
#3833=DIRECTION('',(-9.19403442267708E-17,1.,0.));
#3834=DIRECTION('',(0.,0.,1.));
#3835=DIRECTION('',(1.,0.,0.));
#3836=DIRECTION('',(-0.707106781186548,0.707106781186548,0.));
#3837=DIRECTION('',(1.,0.,0.));
#3838=DIRECTION('',(0.707106781186548,0.707106781186548,0.));
#3839=DIRECTION('',(0.,1.,0.));
#3840=DIRECTION('',(-1.,-9.13012355777267E-17,0.));
#3841=DIRECTION('',(0.,1.,0.));
#3842=DIRECTION('',(0.0646129037993797,0.997910403123753,0.));
#3843=DIRECTION('',(-0.996654490269589,-0.0817302087692604,0.));
#3844=DIRECTION('',(0.,0.,1.));
#3845=DIRECTION('',(1.,0.,0.));
#3846=DIRECTION('',(1.,9.0205620750794E-17,0.));
#3847=DIRECTION('',(-0.061625986612126,-0.998099312580708,0.));
#3848=DIRECTION('',(-1.,-9.0205620750794E-17,0.));
#3849=DIRECTION('',(-9.0205620750794E-17,1.,0.));
#3850=DIRECTION('',(1.,9.0205620750794E-17,0.));
#3851=DIRECTION('',(-0.707106781186548,-0.707106781186548,0.));
#3852=DIRECTION('',(0.707106781186548,-0.707106781186548,0.));
#3853=DIRECTION('',(0.,0.,-1.));
#3854=DIRECTION('',(0.707106781186548,-0.707106781186548,0.));
#3855=DIRECTION('',(0.,0.,-1.));
#3856=DIRECTION('',(0.,1.,0.));
#3857=DIRECTION('',(0.,0.,1.));
#3858=DIRECTION('',(1.,0.,0.));
#3859=DIRECTION('',(0.,0.,-1.));
#3860=DIRECTION('',(-0.707106781186548,0.707106781186548,0.));
#3861=DIRECTION('',(-0.707106781186548,-0.707106781186548,0.));
#3862=DIRECTION('',(0.707106781186548,0.707106781186548,0.));
#3863=DIRECTION('',(0.,0.,-1.));
#3864=DIRECTION('',(-1.,0.,0.));
#3865=DIRECTION('',(0.,0.,1.));
#3866=DIRECTION('',(0.,1.,0.));
#3867=DIRECTION('',(0.,0.,-1.));
#3868=DIRECTION('',(9.13012355777267E-17,-1.,0.));
#3869=DIRECTION('',(1.,9.13012355777267E-17,0.));
#3870=DIRECTION('',(-1.,-9.13012355777267E-17,0.));
#3871=DIRECTION('',(0.,0.,-1.));
#3872=DIRECTION('',(-1.,0.,0.));
#3873=DIRECTION('',(0.,0.,1.));
#3874=DIRECTION('',(0.,-1.,0.));
#3875=DIRECTION('',(0.,0.,1.));
#3876=DIRECTION('',(1.,0.,0.));
#3877=DIRECTION('',(0.,0.,1.));
#3878=DIRECTION('',(1.,0.,0.));
#3879=DIRECTION('',(-0.707106781186548,0.707106781186548,0.));
#3880=DIRECTION('',(0.,1.,0.));
#3881=DIRECTION('',(1.,9.13012355777267E-17,0.));
#3882=DIRECTION('',(0.,-1.,0.));
#3883=DIRECTION('',(-0.707106781186548,-0.707106781186548,0.));
#3884=DIRECTION('',(-1.,0.,0.));
#3885=DIRECTION('',(0.,0.,1.));
#3886=DIRECTION('',(1.,0.,0.));
#3887=DIRECTION('',(0.,0.,1.));
#3888=DIRECTION('',(1.,0.,0.));
#3889=DIRECTION('',(0.,0.,1.));
#3890=DIRECTION('',(0.,0.,1.));
#3891=DIRECTION('',(0.,0.,1.));
#3892=DIRECTION('',(0.42919546458736,-0.903211632552216,0.));
#3893=DIRECTION('',(0.,0.,1.));
#3894=DIRECTION('',(1.,0.,0.));
#3895=DIRECTION('',(0.,0.,1.));
#3896=DIRECTION('',(0.,0.,1.));
#3897=DIRECTION('',(0.,0.,1.));
#3898=DIRECTION('',(0.,0.,1.));
#3899=DIRECTION('',(0.,0.,1.));
#3900=DIRECTION('',(0.,0.,1.));
#3901=DIRECTION('',(0.,0.,1.));
#3902=DIRECTION('',(0.,0.,1.));
#3903=DIRECTION('',(0.,0.,1.));
#3904=DIRECTION('',(0.,0.,1.));
#3905=DIRECTION('',(0.,0.,1.));
#3906=DIRECTION('',(0.,0.,1.));
#3907=DIRECTION('',(0.,0.,1.));
#3908=DIRECTION('',(0.997910403123753,-0.0646129037993797,0.));
#3909=DIRECTION('',(0.0646129037993796,0.997910403123753,0.));
#3910=DIRECTION('',(0.,0.,1.));
#3911=DIRECTION('',(0.0646129037993796,0.997910403123753,0.));
#3912=DIRECTION('',(9.0205620750794E-17,-1.,0.));
#3913=DIRECTION('',(1.,9.02056207507939E-17,0.));
#3914=DIRECTION('',(0.,0.,1.));
#3915=DIRECTION('',(-1.,-9.02056207507939E-17,0.));
#3916=DIRECTION('',(1.,9.0205620750794E-17,0.));
#3917=DIRECTION('',(-9.02056207507939E-17,1.,0.));
#3918=DIRECTION('',(0.,0.,1.));
#3919=DIRECTION('',(9.02056207507939E-17,-1.,0.));
#3920=DIRECTION('',(-9.0205620750794E-17,1.,0.));
#3921=DIRECTION('',(-1.,-9.02056207507939E-17,0.));
#3922=DIRECTION('',(0.,0.,1.));
#3923=DIRECTION('',(-1.,-9.02056207507939E-17,0.));
#3924=DIRECTION('',(-0.998099312580708,0.061625986612126,0.));
#3925=DIRECTION('',(-0.061625986612126,-0.998099312580708,0.));
#3926=DIRECTION('',(0.,0.,1.));
#3927=DIRECTION('',(-0.061625986612126,-0.998099312580708,0.));
#3928=DIRECTION('',(9.0205620750794E-17,-1.,0.));
#3929=DIRECTION('',(1.,9.02056207507939E-17,0.));
#3930=DIRECTION('',(-1.,-9.02056207507939E-17,0.));
#3931=DIRECTION('',(-0.0817302087692604,0.996654490269589,0.));
#3932=DIRECTION('',(-0.996654490269588,-0.0817302087692603,0.));
#3933=DIRECTION('',(-0.996654490269588,-0.0817302087692603,0.));
#3934=DIRECTION('',(0.,0.,1.));
#3935=DIRECTION('',(-1.,-9.02056207507939E-17,0.));
#3936=DIRECTION('',(0.,0.,1.));
#3937=DIRECTION('',(0.,0.,1.));
#3938=DIRECTION('',(0.,0.,1.));
#3939=DIRECTION('',(0.,0.,1.));
#3940=DIRECTION('',(0.,0.,1.));
#3941=DIRECTION('',(0.,0.,1.));
#3942=DIRECTION('',(0.,0.,1.));
#3943=DIRECTION('',(0.,0.,1.));
#3944=DIRECTION('',(0.,0.,1.));
#3945=DIRECTION('',(0.,0.,1.));
#3946=DIRECTION('',(0.,0.,1.));
#3947=DIRECTION('',(0.,0.,1.));
#3948=DIRECTION('',(0.,0.,1.));
#3949=DIRECTION('',(0.,0.,1.));
#3950=DIRECTION('',(0.,0.,1.));
#3951=DIRECTION('',(0.,0.,1.));
#3952=DIRECTION('',(0.,0.,1.));
#3953=DIRECTION('',(0.,0.,1.));
#3954=DIRECTION('',(0.,0.,1.));
#3955=DIRECTION('',(0.,0.,1.));
#3956=DIRECTION('',(0.,0.,1.));
#3957=DIRECTION('',(-1.,-9.19403442267708E-17,0.));
#3958=DIRECTION('',(0.,0.,1.));
#3959=DIRECTION('',(1.,0.,0.));
#3960=DIRECTION('',(-9.19403442267708E-17,1.,0.));
#3961=DIRECTION('',(-1.,-9.19403442267708E-17,0.));
#3962=DIRECTION('',(0.,0.,1.));
#3963=DIRECTION('',(-1.,-9.19403442267708E-17,0.));
#3964=DIRECTION('',(0.,0.,1.));
#3965=DIRECTION('',(1.,9.19403442267708E-17,0.));
#3966=DIRECTION('',(-9.19403442267708E-17,1.,0.));
#3967=DIRECTION('',(0.,0.,1.));
#3968=DIRECTION('',(9.19403442267707E-17,-1.,0.));
#3969=DIRECTION('',(-9.19403442267708E-17,1.,0.));
#3970=DIRECTION('',(-1.,-9.19403442267708E-17,0.));
#3971=DIRECTION('',(0.,0.,1.));
#3972=DIRECTION('',(-1.,-9.19403442267708E-17,0.));
#3973=DIRECTION('',(-0.543945056251653,0.839120835028774,0.));
#3974=DIRECTION('',(-0.839120835028774,-0.543945056251653,0.));
#3975=DIRECTION('',(0.,0.,1.));
#3976=DIRECTION('',(-0.839120835028774,-0.543945056251653,0.));
#3977=DIRECTION('',(-1.,-9.19403442267708E-17,0.));
#3978=DIRECTION('',(9.19403442267708E-17,-1.,0.));
#3979=DIRECTION('',(0.,0.,1.));
#3980=DIRECTION('',(9.19403442267707E-17,-1.,0.));
#3981=DIRECTION('',(0.529421112436199,-0.848359172583652,0.));
#3982=DIRECTION('',(0.848359172583651,0.529421112436199,0.));
#3983=DIRECTION('',(0.,0.,1.));
#3984=DIRECTION('',(0.848359172583651,0.529421112436199,0.));
#3985=DIRECTION('',(-1.,-9.19403442267708E-17,0.));
#3986=DIRECTION('',(9.19403442267708E-17,-1.,0.));
#3987=DIRECTION('',(0.,0.,1.));
#3988=DIRECTION('',(9.19403442267707E-17,-1.,0.));
#3989=DIRECTION('',(-9.19403442267708E-17,1.,0.));
#3990=DIRECTION('',(-1.,-9.19403442267708E-17,0.));
#3991=DIRECTION('',(0.,0.,1.));
#3992=DIRECTION('',(-1.,-9.19403442267708E-17,0.));
#3993=DIRECTION('',(-1.,-9.19403442267708E-17,0.));
#3994=DIRECTION('',(9.19403442267708E-17,-1.,0.));
#3995=DIRECTION('',(0.,0.,1.));
#3996=DIRECTION('',(9.19403442267707E-17,-1.,0.));
#3997=DIRECTION('',(9.19403442267708E-17,-1.,0.));
#3998=DIRECTION('',(1.,9.19403442267708E-17,0.));
#3999=DIRECTION('',(0.,0.,1.));
#4000=DIRECTION('',(-1.,-9.19403442267708E-17,0.));
#4001=DIRECTION('',(1.,9.19403442267708E-17,0.));
#4002=DIRECTION('',(-9.19403442267708E-17,1.,0.));
#4003=DIRECTION('',(9.19403442267707E-17,-1.,0.));
#4004=DIRECTION('',(0.,0.,1.));
#4005=DIRECTION('',(-1.,-9.19403442267708E-17,0.));
#4006=DIRECTION('',(0.,0.,-1.));
#4007=DIRECTION('',(-1.,0.,0.));
#4008=DIRECTION('',(-0.632455532033676,0.632455532033676,0.447213595499958));
#4009=DIRECTION('',(0.707106781186548,0.707106781186548,0.));
#4010=DIRECTION('',(0.439732612032304,-0.182143211721528,0.87946522406461));
#4011=DIRECTION('',(0.182143211721528,-0.439732612032304,0.87946522406461));
#4012=DIRECTION('',(0.,0.894427190999916,0.447213595499958));
#4013=DIRECTION('',(1.,0.,0.));
#4014=DIRECTION('',(-0.182143211721528,-0.439732612032304,0.87946522406461));
#4015=DIRECTION('',(-0.894427190999916,0.,0.447213595499958));
#4016=DIRECTION('',(0.,1.,0.));
#4017=DIRECTION('',(0.408248290463863,0.408248290463863,0.816496580927727));
#4018=DIRECTION('',(-0.632455532033676,-0.632455532033676,-0.447213595499958));
#4019=DIRECTION('',(0.707106781186548,-0.707106781186548,0.));
#4020=DIRECTION('',(0.439732612032304,0.182143211721528,-0.87946522406461));
#4021=DIRECTION('',(8.16623076726078E-17,-0.894427190999916,0.447213595499958));
#4022=DIRECTION('',(-1.,-9.13012355777267E-17,0.));
#4023=DIRECTION('',(0.408248290463863,-0.408248290463863,-0.816496580927727));
#4024=DIRECTION('',(-0.894427190999916,0.,-0.447213595499958));
#4025=DIRECTION('',(0.,-1.,0.));
#4026=DIRECTION('',(0.,0.,1.));
#4027=DIRECTION('',(1.,0.,0.));
#4028=DIRECTION('',(0.,0.,1.));
#4029=DIRECTION('',(1.,0.,0.));
#4030=DIRECTION('',(0.,0.,1.));
#4031=DIRECTION('',(1.,0.,0.));
#4032=DIRECTION('',(-0.707106781186548,0.707106781186548,0.));
#4033=DIRECTION('',(1.,0.,0.));
#4034=DIRECTION('',(0.707106781186548,0.707106781186548,0.));
#4035=DIRECTION('',(0.,1.,0.));
#4036=DIRECTION('',(-1.,-9.13012355777267E-17,0.));
#4037=DIRECTION('',(0.,1.,0.));
#4038=DIRECTION('',(0.,0.,1.));
#4039=DIRECTION('',(1.,0.,0.));
#4040=DIRECTION('',(0.,0.,1.));
#4041=DIRECTION('',(1.,0.,0.));
#4042=DIRECTION('',(0.990492273177752,0.137568371274688,0.));
#4043=DIRECTION('',(-0.990259164931857,-0.139236440160116,0.));
#4044=DIRECTION('',(0.,0.,1.));
#4045=DIRECTION('',(1.,0.,0.));
#4046=DIRECTION('',(-0.707106781186548,-0.707106781186548,0.));
#4047=DIRECTION('',(0.707106781186548,-0.707106781186548,0.));
#4048=DIRECTION('',(0.,0.,-1.));
#4049=DIRECTION('',(0.707106781186548,-0.707106781186548,0.));
#4050=DIRECTION('',(0.,0.,-1.));
#4051=DIRECTION('',(0.,1.,0.));
#4052=DIRECTION('',(0.,0.,1.));
#4053=DIRECTION('',(1.,0.,0.));
#4054=DIRECTION('',(0.,0.,-1.));
#4055=DIRECTION('',(-0.707106781186548,0.707106781186548,0.));
#4056=DIRECTION('',(-0.707106781186548,-0.707106781186548,0.));
#4057=DIRECTION('',(0.707106781186548,0.707106781186548,0.));
#4058=DIRECTION('',(0.,0.,-1.));
#4059=DIRECTION('',(-1.,0.,0.));
#4060=DIRECTION('',(0.,0.,1.));
#4061=DIRECTION('',(0.,1.,0.));
#4062=DIRECTION('',(0.,0.,-1.));
#4063=DIRECTION('',(9.13012355777267E-17,-1.,0.));
#4064=DIRECTION('',(1.,9.13012355777267E-17,0.));
#4065=DIRECTION('',(-1.,-9.13012355777267E-17,0.));
#4066=DIRECTION('',(0.,0.,-1.));
#4067=DIRECTION('',(-1.,0.,0.));
#4068=DIRECTION('',(0.,0.,1.));
#4069=DIRECTION('',(0.,-1.,0.));
#4070=DIRECTION('',(0.,0.,1.));
#4071=DIRECTION('',(1.,0.,0.));
#4072=DIRECTION('',(0.,0.,1.));
#4073=DIRECTION('',(1.,0.,0.));
#4074=DIRECTION('',(-0.707106781186548,0.707106781186548,0.));
#4075=DIRECTION('',(0.,1.,0.));
#4076=DIRECTION('',(1.,9.13012355777267E-17,0.));
#4077=DIRECTION('',(0.,-1.,0.));
#4078=DIRECTION('',(-0.707106781186548,-0.707106781186548,0.));
#4079=DIRECTION('',(-1.,0.,0.));
#4080=DIRECTION('',(0.,0.,1.));
#4081=DIRECTION('',(1.,0.,0.));
#4082=DIRECTION('',(0.,0.,1.));
#4083=DIRECTION('',(1.,0.,0.));
#4084=DIRECTION('',(0.,0.,1.));
#4085=DIRECTION('',(0.220488637477045,-0.975389543076773,0.));
#4086=DIRECTION('',(0.,0.,1.));
#4087=DIRECTION('',(1.,0.,0.));
#4088=DIRECTION('',(0.,0.,1.));
#4089=DIRECTION('',(0.678193284656047,-0.73488357489295,0.));
#4090=DIRECTION('',(0.,0.,1.));
#4091=DIRECTION('',(1.,0.,0.));
#4092=DIRECTION('',(0.,0.,1.));
#4093=DIRECTION('',(0.,0.,1.));
#4094=DIRECTION('',(0.,0.,1.));
#4095=DIRECTION('',(0.,0.,1.));
#4096=DIRECTION('',(0.,0.,1.));
#4097=DIRECTION('',(0.,0.,1.));
#4098=DIRECTION('',(0.,0.,1.));
#4099=DIRECTION('',(0.,0.,1.));
#4100=DIRECTION('',(0.,0.,1.));
#4101=DIRECTION('',(0.,0.,1.));
#4102=DIRECTION('',(0.,0.,1.));
#4103=DIRECTION('',(0.,0.,1.));
#4104=DIRECTION('',(0.,0.,1.));
#4105=DIRECTION('',(0.,0.,1.));
#4106=DIRECTION('',(0.,0.,1.));
#4107=DIRECTION('',(0.,0.,1.));
#4108=DIRECTION('',(0.,0.,1.));
#4109=DIRECTION('',(0.,0.,1.));
#4110=DIRECTION('',(0.,0.,1.));
#4111=DIRECTION('',(0.,0.,1.));
#4112=DIRECTION('',(0.,0.,1.));
#4113=DIRECTION('',(0.137568371274688,-0.990492273177752,0.));
#4114=DIRECTION('',(0.990492273177751,0.137568371274688,0.));
#4115=DIRECTION('',(0.990492273177751,0.137568371274688,0.));
#4116=DIRECTION('',(0.,0.,1.));
#4117=DIRECTION('',(-1.,-9.02056207507939E-17,0.));
#4118=DIRECTION('',(0.,0.,1.));
#4119=DIRECTION('',(1.,0.,0.));
#4120=DIRECTION('',(0.,0.,1.));
#4121=DIRECTION('',(0.,0.,1.));
#4122=DIRECTION('',(0.,0.,1.));
#4123=DIRECTION('',(0.,0.,1.));
#4124=DIRECTION('',(0.,0.,1.));
#4125=DIRECTION('',(-0.223940647431544,0.974602783921707,0.));
#4126=DIRECTION('',(0.,0.,1.));
#4127=DIRECTION('',(1.,0.,0.));
#4128=DIRECTION('',(0.,0.,1.));
#4129=DIRECTION('',(0.,0.,1.));
#4130=DIRECTION('',(0.,0.,1.));
#4131=DIRECTION('',(0.,0.,1.));
#4132=DIRECTION('',(0.,0.,1.));
#4133=DIRECTION('',(0.,0.,1.));
#4134=DIRECTION('',(0.,0.,1.));
#4135=DIRECTION('',(0.,0.,1.));
#4136=DIRECTION('',(0.,0.,1.));
#4137=DIRECTION('',(0.,0.,1.));
#4138=DIRECTION('',(0.,0.,1.));
#4139=DIRECTION('',(0.,0.,1.));
#4140=DIRECTION('',(0.,0.,1.));
#4141=DIRECTION('',(0.,0.,1.));
#4142=DIRECTION('',(-0.451556560180823,-0.892242496722535,0.));
#4143=DIRECTION('',(0.,0.,1.));
#4144=DIRECTION('',(1.,0.,0.));
#4145=DIRECTION('',(0.,0.,1.));
#4146=DIRECTION('',(1.,0.,0.));
#4147=DIRECTION('',(0.,0.,1.));
#4148=DIRECTION('',(0.,0.,1.));
#4149=DIRECTION('',(-0.384653607645773,0.923060995885479,0.));
#4150=DIRECTION('',(0.,0.,1.));
#4151=DIRECTION('',(1.,0.,0.));
#4152=DIRECTION('',(0.,0.,1.));
#4153=DIRECTION('',(1.,0.,0.));
#4154=DIRECTION('',(-0.139236440160116,0.990259164931857,0.));
#4155=DIRECTION('',(-0.990259164931857,-0.139236440160116,0.));
#4156=DIRECTION('',(-0.990259164931857,-0.139236440160116,0.));
#4157=DIRECTION('',(0.,0.,1.));
#4158=DIRECTION('',(-1.,-9.19403442267708E-17,0.));
#4159=DIRECTION('',(0.,0.,1.));
#4160=DIRECTION('',(1.,0.,0.));
#4161=DIRECTION('',(0.,0.,-1.));
#4162=DIRECTION('',(-1.,0.,0.));
#4163=DIRECTION('',(-0.632455532033676,0.632455532033676,0.447213595499958));
#4164=DIRECTION('',(0.707106781186548,0.707106781186548,0.));
#4165=DIRECTION('',(0.439732612032304,-0.182143211721528,0.87946522406461));
#4166=DIRECTION('',(0.182143211721528,-0.439732612032304,0.87946522406461));
#4167=DIRECTION('',(0.,0.894427190999916,0.447213595499958));
#4168=DIRECTION('',(1.,0.,0.));
#4169=DIRECTION('',(-0.182143211721528,-0.439732612032304,0.87946522406461));
#4170=DIRECTION('',(-0.894427190999916,0.,0.447213595499958));
#4171=DIRECTION('',(0.,1.,0.));
#4172=DIRECTION('',(0.408248290463863,0.408248290463863,0.816496580927727));
#4173=DIRECTION('',(-0.632455532033676,-0.632455532033676,-0.447213595499958));
#4174=DIRECTION('',(0.707106781186548,-0.707106781186548,0.));
#4175=DIRECTION('',(0.439732612032304,0.182143211721528,-0.87946522406461));
#4176=DIRECTION('',(8.16623076726078E-17,-0.894427190999916,0.447213595499958));
#4177=DIRECTION('',(-1.,-9.13012355777267E-17,0.));
#4178=DIRECTION('',(0.408248290463863,-0.408248290463863,-0.816496580927727));
#4179=DIRECTION('',(-0.894427190999916,0.,-0.447213595499958));
#4180=DIRECTION('',(0.,-1.,0.));
#4181=CARTESIAN_POINT('',(0.,0.,0.));
#4182=CARTESIAN_POINT('',(-0.025,0.,0.042));
#4183=CARTESIAN_POINT('',(-0.0167387152777778,7.45214316567106E-19,0.042));
#4184=CARTESIAN_POINT('',(-0.0167387152777778,0.00465795138888889,0.042));
#4185=CARTESIAN_POINT('',(-0.0167387152777778,0.0052846875,0.042));
#4186=CARTESIAN_POINT('',(-0.025,0.00465795138888889,0.042));
#4187=CARTESIAN_POINT('',(-0.0193454861111111,0.00465795138888889,0.042));
#4188=CARTESIAN_POINT('',(-0.0193454861111111,5.10068935391208E-19,0.042));
#4189=CARTESIAN_POINT('',(-0.0193454861111111,0.00526305703518605,0.042));
#4190=CARTESIAN_POINT('',(-0.0494208428349133,0.0243726344073831,0.042));
#4191=CARTESIAN_POINT('',(-0.0188585433194434,0.00605207061469605,0.0419999997500003));
#4192=CARTESIAN_POINT('',(-0.0249193513502674,0.00969653105637823,0.042));
#4193=CARTESIAN_POINT('',(-0.0184582877537084,0.00682112551129385,0.04199999975));
#4194=CARTESIAN_POINT('',(-0.0227404689251509,0.00871921410012617,0.042));
#4195=CARTESIAN_POINT('',(-0.01818819733411,0.0076158103128419,0.042));
#4196=CARTESIAN_POINT('',(-0.0217508300953965,0.00845849776612397,0.042));
#4197=CARTESIAN_POINT('',(-0.0180897788100147,0.00848,0.042));
#4198=CARTESIAN_POINT('',(-0.025,0.00848,0.042));
#4199=CARTESIAN_POINT('',(-0.0172953276459584,0.00848000000064951,0.042));
#4200=CARTESIAN_POINT('',(-0.0207132676926803,0.00846956717964159,0.042));
#4201=CARTESIAN_POINT('',(-0.017419475333762,0.00755632294463916,0.042));
#4202=CARTESIAN_POINT('',(-0.0221418917839995,0.00890953818542387,0.042));
#4203=CARTESIAN_POINT('',(-0.0177803819444444,0.00664753472222222,0.042));
#4204=CARTESIAN_POINT('',(-0.0177803819444444,0.00664753472222222,0.042));
#4205=CARTESIAN_POINT('',(-0.0180164930555555,0.00618486111111111,0.042));
#4206=CARTESIAN_POINT('',(-0.0186380208333334,0.0052846875,0.042));
#4207=CARTESIAN_POINT('',(-0.0186380208333334,0.0052846875,0.042));
#4208=CARTESIAN_POINT('',(-0.025,0.0052846875,0.042));
#4209=CARTESIAN_POINT('',(-0.025,2.14313189850787E-19,0.042));
#4210=CARTESIAN_POINT('',(-0.0205,2.14313189850787E-19,0.042));
#4211=CARTESIAN_POINT('',(-0.03175,-0.00675,0.042));
#4212=CARTESIAN_POINT('',(-0.029,-0.0095,0.042));
#4213=CARTESIAN_POINT('',(-0.0345,-0.004,0.042));
#4214=CARTESIAN_POINT('',(-0.025,-0.0095,0.042));
#4215=CARTESIAN_POINT('',(-0.021,-0.0095,0.042));
#4216=CARTESIAN_POINT('',(-0.01825,-0.00675,0.042));
#4217=CARTESIAN_POINT('',(-0.0155,-0.004,0.042));
#4218=CARTESIAN_POINT('',(-0.0155,0.00275,0.042));
#4219=CARTESIAN_POINT('',(-0.0155,0.0095,0.042));
#4220=CARTESIAN_POINT('',(-0.025,0.0095,0.042));
#4221=CARTESIAN_POINT('',(-0.0345,0.0095,0.042));
#4222=CARTESIAN_POINT('',(-0.0345,0.00275,0.042));
#4223=CARTESIAN_POINT('',(-0.0304651038321559,0.00586241490044958,0.042));
#4224=CARTESIAN_POINT('',(-0.0304651038321559,0.00526810961250268,0.042));
#4225=CARTESIAN_POINT('',(-0.0308089274245344,0.0049337058445729,0.042));
#4226=CARTESIAN_POINT('',(-0.0304651038321559,0.00586241490044958,0.042));
#4227=CARTESIAN_POINT('',(-0.0308089274245344,0.0049337058445729,0.042));
#4228=CARTESIAN_POINT('',(-0.0308089274245344,0.0049337058445729,0.042));
#4229=CARTESIAN_POINT('',(-0.0311527510169128,0.00459930207664312,0.042));
#4230=CARTESIAN_POINT('',(-0.0317813102119461,0.00459930207664312,0.042));
#4231=CARTESIAN_POINT('',(-0.0317813102119461,0.00459930207664312,0.042));
#4232=CARTESIAN_POINT('',(-0.0317813102119461,0.00459930207664312,0.042));
#4233=CARTESIAN_POINT('',(-0.0324586812245772,0.00459930207664312,0.042));
#4234=CARTESIAN_POINT('',(-0.0327892314279598,0.00506900877756369,0.042));
#4235=CARTESIAN_POINT('',(-0.0327892314279598,0.00506900877756369,0.042));
#4236=CARTESIAN_POINT('',(-0.0327892314279598,0.00506900877756369,0.042));
#4237=CARTESIAN_POINT('',(-0.0331197816313424,0.00553871547848426,0.042));
#4238=CARTESIAN_POINT('',(-0.0331197816313424,0.00648069792335688,0.042));
#4239=CARTESIAN_POINT('',(-0.0331197816313424,0.00648069792335688,0.042));
#4240=CARTESIAN_POINT('',(-0.0331197816313424,0.00648069792335688,0.042));
#4241=CARTESIAN_POINT('',(-0.0331197816313424,0.0074843374009848,0.042));
#4242=CARTESIAN_POINT('',(-0.0327532648255192,0.00798230357525155,0.042));
#4243=CARTESIAN_POINT('',(-0.0327532648255192,0.00798230357525155,0.042));
#4244=CARTESIAN_POINT('',(-0.0327532648255192,0.00798230357525155,0.042));
#4245=CARTESIAN_POINT('',(-0.032386748019696,0.0084802697495183,0.042));
#4246=CARTESIAN_POINT('',(-0.0317119460500963,0.0084802697495183,0.042));
#4247=CARTESIAN_POINT('',(-0.0317119460500963,0.0084802697495183,0.042));
#4248=CARTESIAN_POINT('',(-0.0317119460500963,0.0084802697495183,0.042));
#4249=CARTESIAN_POINT('',(-0.0312144080496682,0.0084802697495183,0.042));
#4250=CARTESIAN_POINT('',(-0.030932241490045,0.00826746735174481,0.042));
#4251=CARTESIAN_POINT('',(-0.030932241490045,0.00826746735174481,0.042));
#4252=CARTESIAN_POINT('',(-0.030932241490045,0.00826746735174481,0.042));
#4253=CARTESIAN_POINT('',(-0.0306500749304217,0.00805466495397131,0.042));
#4254=CARTESIAN_POINT('',(-0.0305318989509741,0.00759394990366089,0.042));
#4255=CARTESIAN_POINT('',(-0.0305318989509741,0.00759394990366089,0.042));
#4256=CARTESIAN_POINT('',(-0.0261543007776681,0.00820946673772573,0.042));
#4257=CARTESIAN_POINT('',(-0.0312383857846286,0.00749461357311068,0.042));
#4258=CARTESIAN_POINT('',(-0.0312383857846286,0.00749461357311068,0.042));
#4259=CARTESIAN_POINT('',(-0.0313428602012417,0.00788853350460287,0.042));
#4260=CARTESIAN_POINT('',(-0.0317205095268679,0.00788853350460287,0.042));
#4261=CARTESIAN_POINT('',(-0.0317205095268679,0.00788853350460287,0.042));
#4262=CARTESIAN_POINT('',(-0.0317205095268679,0.00788853350460287,0.042));
#4263=CARTESIAN_POINT('',(-0.0320356454720616,0.00788853350460287,0.042));
#4264=CARTESIAN_POINT('',(-0.0322056304859773,0.00758624277456647,0.042));
#4265=CARTESIAN_POINT('',(-0.0322056304859773,0.00758624277456647,0.042));
#4266=CARTESIAN_POINT('',(-0.0322056304859773,0.00758624277456647,0.042));
#4267=CARTESIAN_POINT('',(-0.0323756154998929,0.00728395204453008,0.042));
#4268=CARTESIAN_POINT('',(-0.0323807535859559,0.00668964675658317,0.042));
#4269=CARTESIAN_POINT('',(-0.0323807535859559,0.00668964675658317,0.042));
#4270=CARTESIAN_POINT('',(-0.0323807535859559,0.00668964675658317,0.042));
#4271=CARTESIAN_POINT('',(-0.0322797045600514,0.00689003211303789,0.042));
#4272=CARTESIAN_POINT('',(-0.0320480625133805,0.00700392635409976,0.042));
#4273=CARTESIAN_POINT('',(-0.0320480625133805,0.00700392635409976,0.042));
#4274=CARTESIAN_POINT('',(-0.0315579504401373,0.00600313670468366,0.042));
#4275=CARTESIAN_POINT('',(-0.0315492399914366,0.00711782059516164,0.042));
#4276=CARTESIAN_POINT('',(-0.0315492399914366,0.00711782059516164,0.042));
#4277=CARTESIAN_POINT('',(-0.0310508456433312,0.00711782059516164,0.042));
#4278=CARTESIAN_POINT('',(-0.0307579747377436,0.00677913508884607,0.042));
#4279=CARTESIAN_POINT('',(-0.0307579747377436,0.00677913508884607,0.042));
#4280=CARTESIAN_POINT('',(-0.0307579747377436,0.00677913508884607,0.042));
#4281=CARTESIAN_POINT('',(-0.0304651038321559,0.00644044958253051,0.042));
#4282=CARTESIAN_POINT('',(-0.0304651038321559,0.00586241490044958,0.042));
#4283=CARTESIAN_POINT('',(-0.03175,-0.00675,0.042));
#4284=CARTESIAN_POINT('',(-0.0345,-0.004,0.042));
#4285=CARTESIAN_POINT('',(-0.0345,-0.004,0.002));
#4286=CARTESIAN_POINT('',(-0.029,-0.0095,0.002));
#4287=CARTESIAN_POINT('',(-0.029,-0.0095,0.002));
#4288=CARTESIAN_POINT('',(-0.029,-0.0095,0.042));
#4289=CARTESIAN_POINT('',(-0.025,-0.0095,0.042));
#4290=CARTESIAN_POINT('',(-0.025,-0.0095,0.002));
#4291=CARTESIAN_POINT('',(-0.021,-0.0095,0.002));
#4292=CARTESIAN_POINT('',(-0.021,-0.0095,0.042));
#4293=CARTESIAN_POINT('',(-0.01825,-0.00675,0.042));
#4294=CARTESIAN_POINT('',(-0.01825,-0.00675,0.002));
#4295=CARTESIAN_POINT('',(-0.0155,-0.004,0.002));
#4296=CARTESIAN_POINT('',(-0.0155,-0.004,0.042));
#4297=CARTESIAN_POINT('',(-0.0155,0.00275,0.042));
#4298=CARTESIAN_POINT('',(-0.0155,0.00275,0.002));
#4299=CARTESIAN_POINT('',(-0.0155,0.0095,0.002));
#4300=CARTESIAN_POINT('',(-0.0155,0.0095,0.042));
#4301=CARTESIAN_POINT('',(-0.025,0.0095,0.042));
#4302=CARTESIAN_POINT('',(-0.025,0.0095,0.002));
#4303=CARTESIAN_POINT('',(-0.0345,0.0095,0.002));
#4304=CARTESIAN_POINT('',(-0.0345,0.0095,0.042));
#4305=CARTESIAN_POINT('',(-0.0345,0.00275,0.042));
#4306=CARTESIAN_POINT('',(-0.0345,-0.004,0.002));
#4307=CARTESIAN_POINT('',(-0.025,0.,0.));
#4308=CARTESIAN_POINT('',(-0.025,2.14313189850787E-19,0.));
#4309=CARTESIAN_POINT('',(-0.0204520975458286,2.14313189850787E-19,0.));
#4310=CARTESIAN_POINT('',(-0.0337928932188135,-0.00329289321881346,0.));
#4311=CARTESIAN_POINT('',(-0.0285857864376269,-0.0085,0.));
#4312=CARTESIAN_POINT('',(-0.0335,-0.00358578643762691,0.));
#4313=CARTESIAN_POINT('',(-0.0335,0.0095,0.));
#4314=CARTESIAN_POINT('',(-0.0335,0.0085,0.));
#4315=CARTESIAN_POINT('',(-0.025,0.0085,0.));
#4316=CARTESIAN_POINT('',(-0.0165,0.0085,0.));
#4317=CARTESIAN_POINT('',(-0.0165,0.,0.));
#4318=CARTESIAN_POINT('',(-0.0165,-0.00358578643762691,0.));
#4319=CARTESIAN_POINT('',(-0.0189571067811866,-0.00604289321881345,0.));
#4320=CARTESIAN_POINT('',(-0.0214142135623731,-0.0085,0.));
#4321=CARTESIAN_POINT('',(-0.025,-0.0085,0.));
#4322=CARTESIAN_POINT('',(-0.025,2.14313189850787E-19,0.));
#4323=CARTESIAN_POINT('',(-0.025,2.14313189850787E-19,0.00202380277794629));
#4324=CARTESIAN_POINT('',(-0.0214518142195727,2.14313189850787E-19,0.00202380277794629));
#4325=CARTESIAN_POINT('',(-0.0177803819444444,0.00664753472222222,0.0414));
#4326=CARTESIAN_POINT('',(-0.0177803819444444,0.00664753472222222,0.042));
#4327=CARTESIAN_POINT('',(-0.0179377893518518,0.00633908564814815,0.0414));
#4328=CARTESIAN_POINT('',(-0.0179377893518518,0.00633908564814815,0.042));
#4329=CARTESIAN_POINT('',(-0.0182236689814815,0.00588480324074074,0.0414));
#4330=CARTESIAN_POINT('',(-0.0182236689814815,0.00588480324074074,0.042));
#4331=CARTESIAN_POINT('',(-0.0186380208333334,0.0052846875,0.0414));
#4332=CARTESIAN_POINT('',(-0.0186380208333334,0.0052846875,0.042));
#4333=CARTESIAN_POINT('',(-0.0177808041011626,0.00664775366474297,0.0414));
#4334=CARTESIAN_POINT('',(-0.0177808041011626,0.00664775366474297,0.0416));
#4335=CARTESIAN_POINT('',(-0.0177808041011626,0.00664775366474297,0.0418));
#4336=CARTESIAN_POINT('',(-0.0177808041011626,0.00664775366474297,0.042));
#4337=CARTESIAN_POINT('',(-0.0177803819444444,0.00664753472222222,0.0414));
#4338=CARTESIAN_POINT('',(-0.0177803819444444,0.00664753472222222,0.0414));
#4339=CARTESIAN_POINT('',(-0.0180164930555555,0.00618486111111111,0.0414));
#4340=CARTESIAN_POINT('',(-0.0186380208333334,0.0052846875,0.0414));
#4341=CARTESIAN_POINT('',(-0.0186380208333334,0.0052846875,0.0414));
#4342=CARTESIAN_POINT('',(-0.0186380208333334,0.0052846875,0.042));
#4343=CARTESIAN_POINT('',(-0.0221418917839995,0.00890953818542387,0.0419999999999998));
#4344=CARTESIAN_POINT('',(-0.0174192457148607,0.00755625731988583,0.042));
#4345=CARTESIAN_POINT('',(-0.0174192457148607,0.00755625731988583,0.0418));
#4346=CARTESIAN_POINT('',(-0.0174192457148607,0.00755625731988583,0.0416));
#4347=CARTESIAN_POINT('',(-0.0174192457148607,0.00755625731988583,0.0414));
#4348=CARTESIAN_POINT('',(-0.0174194070303832,0.00755630311293213,0.0414));
#4349=CARTESIAN_POINT('',(-0.0221418917839995,0.00890953818542387,0.0414));
#4350=CARTESIAN_POINT('',(-0.0207132676926803,0.00846956717964159,0.0419999999999999));
#4351=CARTESIAN_POINT('',(-0.0172953276453109,0.00848000000129901,0.0414));
#4352=CARTESIAN_POINT('',(-0.0172953276459584,0.00848000000064951,0.0414));
#4353=CARTESIAN_POINT('',(-0.0207132676926803,0.00846956717964159,0.0414));
#4354=CARTESIAN_POINT('',(-0.0217508300953965,0.00845849776612397,0.0419999999999999));
#4355=CARTESIAN_POINT('',(-0.0181880266126644,0.00761576993123936,0.042));
#4356=CARTESIAN_POINT('',(-0.0181880266126644,0.00761576993123936,0.0418));
#4357=CARTESIAN_POINT('',(-0.0181880266126644,0.00761576993123936,0.0416));
#4358=CARTESIAN_POINT('',(-0.0181880266126644,0.00761576993123936,0.0414));
#4359=CARTESIAN_POINT('',(-0.0181881920357688,0.00761580952796759,0.0414));
#4360=CARTESIAN_POINT('',(-0.0217508300953965,0.00845849776612397,0.0414));
#4361=CARTESIAN_POINT('',(-0.0180897788100147,0.00848,0.0414));
#4362=CARTESIAN_POINT('',(-0.0180897788100147,0.00848,0.0414));
#4363=CARTESIAN_POINT('',(-0.0227404689251509,0.00871921410012617,0.0419999999999998));
#4364=CARTESIAN_POINT('',(-0.0184583543447437,0.00682115514669822,0.04199999975));
#4365=CARTESIAN_POINT('',(-0.0184583543447437,0.00682115514669822,0.0417999998333333));
#4366=CARTESIAN_POINT('',(-0.0184583543447437,0.00682115514669822,0.0415999999166667));
#4367=CARTESIAN_POINT('',(-0.0184583543447437,0.00682115514669822,0.0414));
#4368=CARTESIAN_POINT('',(-0.0184582877502288,0.00682112551911248,0.0414));
#4369=CARTESIAN_POINT('',(-0.0227404689251509,0.00871921410012617,0.0414));
#4370=CARTESIAN_POINT('',(-0.0249193513502674,0.00969653105637823,0.0419999999999995));
#4371=CARTESIAN_POINT('',(-0.0188586133654596,0.00605211260376554,0.0419999997500003));
#4372=CARTESIAN_POINT('',(-0.0188586133654596,0.00605211260376553,0.0417999998333336));
#4373=CARTESIAN_POINT('',(-0.0188586133654596,0.00605211260376553,0.0415999999166668));
#4374=CARTESIAN_POINT('',(-0.0188586133654596,0.00605211260376553,0.0414));
#4375=CARTESIAN_POINT('',(-0.0188585433414312,0.00605207057822686,0.0414));
#4376=CARTESIAN_POINT('',(-0.0249193513502674,0.00969653105637823,0.0414));
#4377=CARTESIAN_POINT('',(-0.0494208428349133,0.0243726344073831,0.042));
#4378=CARTESIAN_POINT('',(-0.0193454861111111,0.00526305703518605,0.0414));
#4379=CARTESIAN_POINT('',(-0.0193454861111111,0.00526305703518605,0.0414));
#4380=CARTESIAN_POINT('',(-0.0494208428349133,0.0243726344073831,0.0414));
#4381=CARTESIAN_POINT('',(-0.0167387152777778,0.00497131944444445,0.042));
#4382=CARTESIAN_POINT('',(-0.0167387152777778,0.0052846875,0.042));
#4383=CARTESIAN_POINT('',(-0.0167387152777778,0.0052846875,0.0414));
#4384=CARTESIAN_POINT('',(-0.0167387152777778,0.00648,0.0414));
#4385=CARTESIAN_POINT('',(-0.0167387152777778,0.00465795138888889,0.0414));
#4386=CARTESIAN_POINT('',(-0.0167387152777778,0.00465795138888889,0.042));
#4387=CARTESIAN_POINT('',(-0.0176883680555555,0.0052846875,0.042));
#4388=CARTESIAN_POINT('',(-0.0181154513888889,0.0052846875,0.0414));
#4389=CARTESIAN_POINT('',(-0.0176922743055556,0.00848,0.042));
#4390=CARTESIAN_POINT('',(-0.0181154513888889,0.00848,0.0414));
#4391=CARTESIAN_POINT('',(-0.0193454861111111,0.00496046875,0.042));
#4392=CARTESIAN_POINT('',(-0.0193454861111111,0.00465795138888889,0.042));
#4393=CARTESIAN_POINT('',(-0.0193454861111111,0.00465795138888889,0.0414));
#4394=CARTESIAN_POINT('',(-0.0193454861111111,0.00648,0.0414));
#4395=CARTESIAN_POINT('',(-0.0180421006944444,0.00465795138888889,0.042));
#4396=CARTESIAN_POINT('',(-0.0181154513888889,0.00465795138888889,0.0414));
#4397=CARTESIAN_POINT('',(-0.0181154513888889,0.00648,0.0414));
#4398=CARTESIAN_POINT('',(-0.0308089274245344,0.0049337058445729,0.0414));
#4399=CARTESIAN_POINT('',(-0.0308089274245344,0.0049337058445729,0.042));
#4400=CARTESIAN_POINT('',(-0.0310381431527867,0.00471076999928638,0.0414));
#4401=CARTESIAN_POINT('',(-0.0310381431527867,0.00471076999928638,0.042));
#4402=CARTESIAN_POINT('',(-0.0313622707485906,0.00459930207664312,0.0414));
#4403=CARTESIAN_POINT('',(-0.0313622707485906,0.00459930207664312,0.042));
#4404=CARTESIAN_POINT('',(-0.0317813102119461,0.00459930207664312,0.0414));
#4405=CARTESIAN_POINT('',(-0.0317813102119461,0.00459930207664312,0.042));
#4406=CARTESIAN_POINT('',(-0.0308089274245344,0.0049337058445729,0.042));
#4407=CARTESIAN_POINT('',(-0.0308089274245344,0.0049337058445729,0.0414));
#4408=CARTESIAN_POINT('',(-0.0308089274245344,0.0049337058445729,0.0414));
#4409=CARTESIAN_POINT('',(-0.0311527510169128,0.00459930207664312,0.0414));
#4410=CARTESIAN_POINT('',(-0.0317813102119461,0.00459930207664312,0.0414));
#4411=CARTESIAN_POINT('',(-0.0317813102119461,0.00459930207664312,0.0414));
#4412=CARTESIAN_POINT('',(-0.0317813102119461,0.00459930207664312,0.042));
#4413=CARTESIAN_POINT('',(-0.0304651038321559,0.00586241490044958,0.0414));
#4414=CARTESIAN_POINT('',(-0.0304651038321559,0.00586241490044958,0.042));
#4415=CARTESIAN_POINT('',(-0.0304651038321559,0.00546621137515165,0.0414));
#4416=CARTESIAN_POINT('',(-0.0304651038321559,0.00546621137515165,0.042));
#4417=CARTESIAN_POINT('',(-0.030579711696282,0.00515664168985942,0.0414));
#4418=CARTESIAN_POINT('',(-0.030579711696282,0.00515664168985942,0.042));
#4419=CARTESIAN_POINT('',(-0.0308089274245344,0.0049337058445729,0.0414));
#4420=CARTESIAN_POINT('',(-0.0308089274245344,0.0049337058445729,0.042));
#4421=CARTESIAN_POINT('',(-0.0304651038321559,0.00586241490044958,0.042));
#4422=CARTESIAN_POINT('',(-0.0304651038321559,0.00586241490044958,0.0414));
#4423=CARTESIAN_POINT('',(-0.0304651038321559,0.00586241490044958,0.0414));
#4424=CARTESIAN_POINT('',(-0.0304651038321559,0.00526810961250268,0.0414));
#4425=CARTESIAN_POINT('',(-0.0308089274245344,0.0049337058445729,0.0414));
#4426=CARTESIAN_POINT('',(-0.0307579747377436,0.00677913508884607,0.0414));
#4427=CARTESIAN_POINT('',(-0.0307579747377436,0.00677913508884607,0.042));
#4428=CARTESIAN_POINT('',(-0.0305627274673518,0.00655334475130236,0.0414));
#4429=CARTESIAN_POINT('',(-0.0305627274673518,0.00655334475130236,0.042));
#4430=CARTESIAN_POINT('',(-0.0304651038321559,0.0062477713551702,0.0414));
#4431=CARTESIAN_POINT('',(-0.0304651038321559,0.0062477713551702,0.042));
#4432=CARTESIAN_POINT('',(-0.0304651038321559,0.00586241490044958,0.0414));
#4433=CARTESIAN_POINT('',(-0.0304651038321559,0.00586241490044958,0.042));
#4434=CARTESIAN_POINT('',(-0.0307579747377436,0.00677913508884607,0.042));
#4435=CARTESIAN_POINT('',(-0.0307579747377436,0.00677913508884607,0.0414));
#4436=CARTESIAN_POINT('',(-0.0307579747377436,0.00677913508884607,0.0414));
#4437=CARTESIAN_POINT('',(-0.0304651038321559,0.00644044958253051,0.0414));
#4438=CARTESIAN_POINT('',(-0.0304651038321559,0.00586241490044958,0.0414));
#4439=CARTESIAN_POINT('',(-0.0315492399914366,0.00711782059516164,0.0414));
#4440=CARTESIAN_POINT('',(-0.0315492399914366,0.00711782059516164,0.042));
#4441=CARTESIAN_POINT('',(-0.0312169770926996,0.00711782059516164,0.0414));
#4442=CARTESIAN_POINT('',(-0.0312169770926996,0.00711782059516164,0.042));
#4443=CARTESIAN_POINT('',(-0.0309532220081353,0.00700492542638978,0.0414));
#4444=CARTESIAN_POINT('',(-0.0309532220081353,0.00700492542638978,0.042));
#4445=CARTESIAN_POINT('',(-0.0307579747377436,0.00677913508884607,0.0414));
#4446=CARTESIAN_POINT('',(-0.0307579747377436,0.00677913508884607,0.042));
#4447=CARTESIAN_POINT('',(-0.0315492418985461,0.00711757654065622,0.0414));
#4448=CARTESIAN_POINT('',(-0.0315492418985461,0.00711757654065622,0.0416));
#4449=CARTESIAN_POINT('',(-0.0315492418985461,0.00711757654065622,0.0418));
#4450=CARTESIAN_POINT('',(-0.0315492418985461,0.00711757654065622,0.042));
#4451=CARTESIAN_POINT('',(-0.0315492399914366,0.00711782059516163,0.0414));
#4452=CARTESIAN_POINT('',(-0.0315492399914366,0.00711782059516164,0.0414));
#4453=CARTESIAN_POINT('',(-0.0310508456433312,0.00711782059516164,0.0414));
#4454=CARTESIAN_POINT('',(-0.0307579747377436,0.00677913508884607,0.0414));
#4455=CARTESIAN_POINT('',(-0.0315579504401373,0.00600313670468366,0.042));
#4456=CARTESIAN_POINT('',(-0.032048114257403,0.00700403201336623,0.042));
#4457=CARTESIAN_POINT('',(-0.032048114257403,0.00700403201336623,0.0418));
#4458=CARTESIAN_POINT('',(-0.032048114257403,0.00700403201336623,0.0416));
#4459=CARTESIAN_POINT('',(-0.032048114257403,0.00700403201336623,0.0414));
#4460=CARTESIAN_POINT('',(-0.0320480625133805,0.00700392635409976,0.0414));
#4461=CARTESIAN_POINT('',(-0.0315579504401373,0.00600313670468366,0.0414));
#4462=CARTESIAN_POINT('',(-0.0323807535859559,0.00668964675658317,0.0414));
#4463=CARTESIAN_POINT('',(-0.0323807535859559,0.00668964675658317,0.042));
#4464=CARTESIAN_POINT('',(-0.0323133875686862,0.00682323699421965,0.0414));
#4465=CARTESIAN_POINT('',(-0.0323133875686862,0.00682323699421965,0.042));
#4466=CARTESIAN_POINT('',(-0.0322024905444944,0.00692799686005851,0.0414));
#4467=CARTESIAN_POINT('',(-0.0322024905444944,0.00692799686005851,0.042));
#4468=CARTESIAN_POINT('',(-0.0320480625133805,0.00700392635409976,0.0414));
#4469=CARTESIAN_POINT('',(-0.0320480625133805,0.00700392635409976,0.042));
#4470=CARTESIAN_POINT('',(-0.0323807535859559,0.00668964675658317,0.042));
#4471=CARTESIAN_POINT('',(-0.0323807535859559,0.00668964675658317,0.0414));
#4472=CARTESIAN_POINT('',(-0.0323807535859559,0.00668964675658317,0.0414));
#4473=CARTESIAN_POINT('',(-0.0322797045600514,0.00689003211303789,0.0414));
#4474=CARTESIAN_POINT('',(-0.0320480625133805,0.00700392635409976,0.0414));
#4475=CARTESIAN_POINT('',(-0.0322056304859773,0.00758624277456647,0.0414));
#4476=CARTESIAN_POINT('',(-0.0322056304859773,0.00758624277456647,0.042));
#4477=CARTESIAN_POINT('',(-0.0323189538285877,0.00738471562120888,0.0414));
#4478=CARTESIAN_POINT('',(-0.0323189538285877,0.00738471562120888,0.042));
#4479=CARTESIAN_POINT('',(-0.0323773281952473,0.00708585028188111,0.0414));
#4480=CARTESIAN_POINT('',(-0.0323773281952473,0.00708585028188111,0.042));
#4481=CARTESIAN_POINT('',(-0.0323807535859559,0.00668964675658317,0.0414));
#4482=CARTESIAN_POINT('',(-0.0323807535859559,0.00668964675658317,0.042));
#4483=CARTESIAN_POINT('',(-0.0322056304859773,0.00758624277456647,0.042));
#4484=CARTESIAN_POINT('',(-0.0322056304859773,0.00758624277456647,0.0414));
#4485=CARTESIAN_POINT('',(-0.0322056304859773,0.00758624277456647,0.0414));
#4486=CARTESIAN_POINT('',(-0.0323756154998929,0.00728395204453008,0.0414));
#4487=CARTESIAN_POINT('',(-0.0323807535859559,0.00668964675658317,0.0414));
#4488=CARTESIAN_POINT('',(-0.0317205095268679,0.00788853350460287,0.0414));
#4489=CARTESIAN_POINT('',(-0.0317205095268679,0.00788853350460287,0.042));
#4490=CARTESIAN_POINT('',(-0.0319306001569971,0.00788853350460287,0.0414));
#4491=CARTESIAN_POINT('',(-0.0319306001569971,0.00788853350460287,0.042));
#4492=CARTESIAN_POINT('',(-0.0320923071433669,0.00778776992792407,0.0414));
#4493=CARTESIAN_POINT('',(-0.0320923071433669,0.00778776992792407,0.042));
#4494=CARTESIAN_POINT('',(-0.0322056304859773,0.00758624277456647,0.0414));
#4495=CARTESIAN_POINT('',(-0.0322056304859773,0.00758624277456647,0.042));
#4496=CARTESIAN_POINT('',(-0.0317205095268679,0.00788853350460287,0.042));
#4497=CARTESIAN_POINT('',(-0.0317205095268679,0.00788853350460287,0.0414));
#4498=CARTESIAN_POINT('',(-0.0317205095268679,0.00788853350460287,0.0414));
#4499=CARTESIAN_POINT('',(-0.0320356454720616,0.00788853350460287,0.0414));
#4500=CARTESIAN_POINT('',(-0.0322056304859773,0.00758624277456647,0.0414));
#4501=CARTESIAN_POINT('',(-0.0312383857846286,0.00749461357311068,0.0414));
#4502=CARTESIAN_POINT('',(-0.0312383857846286,0.00749461357311068,0.042));
#4503=CARTESIAN_POINT('',(-0.031308035395704,0.00775722686077214,0.0414));
#4504=CARTESIAN_POINT('',(-0.031308035395704,0.00775722686077214,0.042));
#4505=CARTESIAN_POINT('',(-0.0314687433097838,0.00788853350460287,0.0414));
#4506=CARTESIAN_POINT('',(-0.0314687433097838,0.00788853350460287,0.042));
#4507=CARTESIAN_POINT('',(-0.0317205095268679,0.00788853350460287,0.0414));
#4508=CARTESIAN_POINT('',(-0.0317205095268679,0.00788853350460287,0.042));
#4509=CARTESIAN_POINT('',(-0.0312383857846286,0.00749461357311068,0.042));
#4510=CARTESIAN_POINT('',(-0.0312383857846286,0.00749461357311068,0.0414));
#4511=CARTESIAN_POINT('',(-0.0312383857846286,0.00749461357311068,0.0414));
#4512=CARTESIAN_POINT('',(-0.0313428602012417,0.00788853350460287,0.0414));
#4513=CARTESIAN_POINT('',(-0.0317205095268679,0.00788853350460287,0.0414));
#4514=CARTESIAN_POINT('',(-0.030932241490045,0.00826746735174481,0.0414));
#4515=CARTESIAN_POINT('',(-0.030932241490045,0.00826746735174481,0.042));
#4516=CARTESIAN_POINT('',(-0.0307441304502962,0.00812559908656248,0.0414));
#4517=CARTESIAN_POINT('',(-0.0307441304502962,0.00812559908656248,0.042));
#4518=CARTESIAN_POINT('',(-0.0306106829372725,0.0079010932705345,0.0414));
#4519=CARTESIAN_POINT('',(-0.0306106829372725,0.0079010932705345,0.042));
#4520=CARTESIAN_POINT('',(-0.0305318989509741,0.00759394990366089,0.0414));
#4521=CARTESIAN_POINT('',(-0.0305318989509741,0.00759394990366089,0.042));
#4522=CARTESIAN_POINT('',(-0.030932241490045,0.00826746735174481,0.042));
#4523=CARTESIAN_POINT('',(-0.030932241490045,0.00826746735174481,0.0414));
#4524=CARTESIAN_POINT('',(-0.030932241490045,0.00826746735174481,0.0414));
#4525=CARTESIAN_POINT('',(-0.0306500749304217,0.00805466495397131,0.0414));
#4526=CARTESIAN_POINT('',(-0.0305318989509741,0.00759394990366089,0.0414));
#4527=CARTESIAN_POINT('',(-0.0305318989509741,0.00759394990366089,0.0414));
#4528=CARTESIAN_POINT('',(-0.0305318989509741,0.00759394990366089,0.042));
#4529=CARTESIAN_POINT('',(-0.0317119460500963,0.0084802697495183,0.0414));
#4530=CARTESIAN_POINT('',(-0.0317119460500963,0.0084802697495183,0.042));
#4531=CARTESIAN_POINT('',(-0.0313802540498109,0.0084802697495183,0.0414));
#4532=CARTESIAN_POINT('',(-0.0313802540498109,0.0084802697495183,0.042));
#4533=CARTESIAN_POINT('',(-0.0311203525297938,0.00840933561692714,0.0414));
#4534=CARTESIAN_POINT('',(-0.0311203525297938,0.00840933561692714,0.042));
#4535=CARTESIAN_POINT('',(-0.030932241490045,0.00826746735174481,0.0414));
#4536=CARTESIAN_POINT('',(-0.030932241490045,0.00826746735174481,0.042));
#4537=CARTESIAN_POINT('',(-0.0317119460500963,0.0084802697495183,0.042));
#4538=CARTESIAN_POINT('',(-0.0317119460500963,0.0084802697495183,0.0414));
#4539=CARTESIAN_POINT('',(-0.0317119460500963,0.0084802697495183,0.0414));
#4540=CARTESIAN_POINT('',(-0.0312144080496682,0.0084802697495183,0.0414));
#4541=CARTESIAN_POINT('',(-0.030932241490045,0.00826746735174481,0.0414));
#4542=CARTESIAN_POINT('',(-0.0327532648255192,0.00798230357525155,0.0414));
#4543=CARTESIAN_POINT('',(-0.0327532648255192,0.00798230357525155,0.042));
#4544=CARTESIAN_POINT('',(-0.0325089202883037,0.00831428102476272,0.0414));
#4545=CARTESIAN_POINT('',(-0.0325089202883037,0.00831428102476272,0.042));
#4546=CARTESIAN_POINT('',(-0.0321618140298294,0.0084802697495183,0.0414));
#4547=CARTESIAN_POINT('',(-0.0321618140298294,0.0084802697495183,0.042));
#4548=CARTESIAN_POINT('',(-0.0317119460500963,0.0084802697495183,0.0414));
#4549=CARTESIAN_POINT('',(-0.0317119460500963,0.0084802697495183,0.042));
#4550=CARTESIAN_POINT('',(-0.0327532648255192,0.00798230357525155,0.042));
#4551=CARTESIAN_POINT('',(-0.0327532648255192,0.00798230357525155,0.0414));
#4552=CARTESIAN_POINT('',(-0.0327532648255192,0.00798230357525155,0.0414));
#4553=CARTESIAN_POINT('',(-0.032386748019696,0.0084802697495183,0.0414));
#4554=CARTESIAN_POINT('',(-0.0317119460500963,0.0084802697495183,0.0414));
#4555=CARTESIAN_POINT('',(-0.0331197816313424,0.00648069792335688,0.0414));
#4556=CARTESIAN_POINT('',(-0.0331197816313424,0.00648069792335688,0.042));
#4557=CARTESIAN_POINT('',(-0.0331197816313424,0.00714979090844216,0.0414));
#4558=CARTESIAN_POINT('',(-0.0331197816313424,0.00714979090844216,0.042));
#4559=CARTESIAN_POINT('',(-0.0329976093627346,0.00765032612574038,0.0414));
#4560=CARTESIAN_POINT('',(-0.0329976093627346,0.00765032612574038,0.042));
#4561=CARTESIAN_POINT('',(-0.0327532648255192,0.00798230357525155,0.0414));
#4562=CARTESIAN_POINT('',(-0.0327532648255192,0.00798230357525155,0.042));
#4563=CARTESIAN_POINT('',(-0.0331197816313424,0.00648069792335688,0.042));
#4564=CARTESIAN_POINT('',(-0.0331197816313424,0.00648069792335688,0.0414));
#4565=CARTESIAN_POINT('',(-0.0331197816313424,0.00648069792335688,0.0414));
#4566=CARTESIAN_POINT('',(-0.0331197816313424,0.0074843374009848,0.0414));
#4567=CARTESIAN_POINT('',(-0.0327532648255192,0.00798230357525155,0.0414));
#4568=CARTESIAN_POINT('',(-0.0327892314279598,0.00506900877756369,0.0414));
#4569=CARTESIAN_POINT('',(-0.0327892314279598,0.00506900877756369,0.042));
#4570=CARTESIAN_POINT('',(-0.0330095982302148,0.0053821465781774,0.0414));
#4571=CARTESIAN_POINT('',(-0.0330095982302148,0.0053821465781774,0.042));
#4572=CARTESIAN_POINT('',(-0.0331197816313424,0.00585270962677513,0.0414));
#4573=CARTESIAN_POINT('',(-0.0331197816313424,0.00585270962677513,0.042));
#4574=CARTESIAN_POINT('',(-0.0331197816313424,0.00648069792335688,0.0414));
#4575=CARTESIAN_POINT('',(-0.0331197816313424,0.00648069792335688,0.042));
#4576=CARTESIAN_POINT('',(-0.0327892314279598,0.00506900877756369,0.042));
#4577=CARTESIAN_POINT('',(-0.0327892314279598,0.00506900877756369,0.0414));
#4578=CARTESIAN_POINT('',(-0.0327892314279598,0.00506900877756369,0.0414));
#4579=CARTESIAN_POINT('',(-0.0331197816313424,0.00553871547848426,0.0414));
#4580=CARTESIAN_POINT('',(-0.0331197816313424,0.00648069792335688,0.0414));
#4581=CARTESIAN_POINT('',(-0.0313698351530722,0.00636980089916506,0.0414));
#4582=CARTESIAN_POINT('',(-0.0313698351530722,0.00636980089916506,0.042));
#4583=CARTESIAN_POINT('',(-0.0314643188467851,0.00649568400770713,0.0414));
#4584=CARTESIAN_POINT('',(-0.0314643188467851,0.00649568400770713,0.042));
#4585=CARTESIAN_POINT('',(-0.0315963391136801,0.00655862556197816,0.0414));
#4586=CARTESIAN_POINT('',(-0.0315963391136801,0.00655862556197816,0.042));
#4587=CARTESIAN_POINT('',(-0.0317658959537572,0.00655862556197816,0.0414));
#4588=CARTESIAN_POINT('',(-0.0317658959537572,0.00655862556197816,0.042));
#4589=CARTESIAN_POINT('',(-0.0313698351530722,0.00636980089916506,0.042));
#4590=CARTESIAN_POINT('',(-0.0313698351530722,0.00636980089916506,0.0414));
#4591=CARTESIAN_POINT('',(-0.0313698351530722,0.00636980089916506,0.042));
#4592=CARTESIAN_POINT('',(-0.0313698351530722,0.00636980089916506,0.0414));
#4593=CARTESIAN_POINT('',(-0.0315115606936416,0.00655862556197816,0.0414));
#4594=CARTESIAN_POINT('',(-0.0317658959537572,0.00655862556197816,0.0414));
#4595=CARTESIAN_POINT('',(-0.0317658959537572,0.00655862556197816,0.0414));
#4596=CARTESIAN_POINT('',(-0.0317659179082887,0.00655788410852284,0.042));
#4597=CARTESIAN_POINT('',(-0.0317659179082887,0.00655788410852284,0.0418));
#4598=CARTESIAN_POINT('',(-0.0317659179082887,0.00655788410852284,0.0416));
#4599=CARTESIAN_POINT('',(-0.0317659179082887,0.00655788410852284,0.0414));
#4600=CARTESIAN_POINT('',(-0.0317658959537572,0.00655862556197816,0.042));
#4601=CARTESIAN_POINT('',(-0.0313698351530722,0.00636980089916506,0.042));
#4602=CARTESIAN_POINT('',(-0.0315115606936416,0.00655862556197816,0.042));
#4603=CARTESIAN_POINT('',(-0.0317658959537572,0.00655862556197816,0.042));
#4604=CARTESIAN_POINT('',(-0.0312281096125027,0.00586755298651252,0.0414));
#4605=CARTESIAN_POINT('',(-0.0312281096125027,0.00586755298651252,0.042));
#4606=CARTESIAN_POINT('',(-0.0312281096125027,0.00607650181973881,0.0414));
#4607=CARTESIAN_POINT('',(-0.0312281096125027,0.00607650181973881,0.042));
#4608=CARTESIAN_POINT('',(-0.0312753514593592,0.00624391779062299,0.0414));
#4609=CARTESIAN_POINT('',(-0.0312753514593592,0.00624391779062299,0.042));
#4610=CARTESIAN_POINT('',(-0.0313698351530722,0.00636980089916506,0.0414));
#4611=CARTESIAN_POINT('',(-0.0313698351530722,0.00636980089916506,0.042));
#4612=CARTESIAN_POINT('',(-0.0312281096125027,0.00586755298651252,0.042));
#4613=CARTESIAN_POINT('',(-0.0312281096125027,0.00586755298651252,0.0414));
#4614=CARTESIAN_POINT('',(-0.0312281096125027,0.00586755298651252,0.042));
#4615=CARTESIAN_POINT('',(-0.0312281096125027,0.00586755298651252,0.0414));
#4616=CARTESIAN_POINT('',(-0.0312281096125027,0.00618097623635196,0.0414));
#4617=CARTESIAN_POINT('',(-0.0313698351530722,0.00636980089916506,0.0414));
#4618=CARTESIAN_POINT('',(-0.0312281096125027,0.00586755298651252,0.042));
#4619=CARTESIAN_POINT('',(-0.0312281096125027,0.00618097623635196,0.042));
#4620=CARTESIAN_POINT('',(-0.0313698351530722,0.00636980089916506,0.042));
#4621=CARTESIAN_POINT('',(-0.0313711196745879,0.00536915863840719,0.0414));
#4622=CARTESIAN_POINT('',(-0.0313711196745879,0.00536915863840719,0.042));
#4623=CARTESIAN_POINT('',(-0.0312757796331978,0.0054896182116606,0.0414));
#4624=CARTESIAN_POINT('',(-0.0312757796331978,0.0054896182116606,0.042));
#4625=CARTESIAN_POINT('',(-0.0312281096125027,0.00565574966102904,0.0414));
#4626=CARTESIAN_POINT('',(-0.0312281096125027,0.00565574966102904,0.042));
#4627=CARTESIAN_POINT('',(-0.0312281096125027,0.00586755298651252,0.0414));
#4628=CARTESIAN_POINT('',(-0.0312281096125027,0.00586755298651252,0.042));
#4629=CARTESIAN_POINT('',(-0.0313711196745879,0.00536915863840719,0.042));
#4630=CARTESIAN_POINT('',(-0.0313711196745879,0.0053691586384072,0.0414));
#4631=CARTESIAN_POINT('',(-0.0313711196745879,0.00536915863840719,0.042));
#4632=CARTESIAN_POINT('',(-0.0313711196745879,0.00536915863840719,0.0414));
#4633=CARTESIAN_POINT('',(-0.0312281096125027,0.0055498479982873,0.0414));
#4634=CARTESIAN_POINT('',(-0.0312281096125027,0.00586755298651252,0.0414));
#4635=CARTESIAN_POINT('',(-0.0313711196745879,0.00536915863840719,0.042));
#4636=CARTESIAN_POINT('',(-0.0312281096125027,0.0055498479982873,0.042));
#4637=CARTESIAN_POINT('',(-0.0312281096125027,0.00586755298651252,0.042));
#4638=CARTESIAN_POINT('',(-0.0317633269107257,0.00518846927852708,0.0414));
#4639=CARTESIAN_POINT('',(-0.0317633269107257,0.00518846927852708,0.042));
#4640=CARTESIAN_POINT('',(-0.0315971954613573,0.00518846927852708,0.0414));
#4641=CARTESIAN_POINT('',(-0.0315971954613573,0.00518846927852708,0.042));
#4642=CARTESIAN_POINT('',(-0.031466459715978,0.00524869906515378,0.0414));
#4643=CARTESIAN_POINT('',(-0.031466459715978,0.00524869906515378,0.042));
#4644=CARTESIAN_POINT('',(-0.0313711196745879,0.00536915863840719,0.0414));
#4645=CARTESIAN_POINT('',(-0.0313711196745879,0.00536915863840719,0.042));
#4646=CARTESIAN_POINT('',(-0.031763334437817,0.00518880162380903,0.0414));
#4647=CARTESIAN_POINT('',(-0.031763334437817,0.00518880162380903,0.0416));
#4648=CARTESIAN_POINT('',(-0.031763334437817,0.00518880162380903,0.0418));
#4649=CARTESIAN_POINT('',(-0.031763334437817,0.00518880162380903,0.042));
#4650=CARTESIAN_POINT('',(-0.0317633269107257,0.00518846927852708,0.0414));
#4651=CARTESIAN_POINT('',(-0.0317633269107257,0.00518846927852708,0.042));
#4652=CARTESIAN_POINT('',(-0.0317633269107257,0.00518846927852708,0.0414));
#4653=CARTESIAN_POINT('',(-0.0315141297366731,0.00518846927852708,0.0414));
#4654=CARTESIAN_POINT('',(-0.0313711196745879,0.00536915863840719,0.0414));
#4655=CARTESIAN_POINT('',(-0.0317633269107257,0.00518846927852708,0.042));
#4656=CARTESIAN_POINT('',(-0.0315141297366731,0.00518846927852708,0.042));
#4657=CARTESIAN_POINT('',(-0.0313711196745879,0.00536915863840719,0.042));
#4658=CARTESIAN_POINT('',(-0.0317742439656841,0.00567049235606771,0.042));
#4659=CARTESIAN_POINT('',(-0.0321703199327859,0.00539614074293856,0.042));
#4660=CARTESIAN_POINT('',(-0.0321703199327859,0.00539614074293856,0.0418));
#4661=CARTESIAN_POINT('',(-0.0321703199327859,0.00539614074293856,0.0416));
#4662=CARTESIAN_POINT('',(-0.0321703199327859,0.00539614074293856,0.0414));
#4663=CARTESIAN_POINT('',(-0.0321709484050525,0.00539570541639906,0.0414));
#4664=CARTESIAN_POINT('',(-0.0321709484050525,0.00539570541639906,0.042));
#4665=CARTESIAN_POINT('',(-0.0317742439656841,0.00567049235606771,0.0414));
#4666=CARTESIAN_POINT('',(-0.0317742439656841,0.00567049235606771,0.042));
#4667=CARTESIAN_POINT('',(-0.0323250909869407,0.00595318775422822,0.0414));
#4668=CARTESIAN_POINT('',(-0.0323250909869407,0.00595318775422822,0.042));
#4669=CARTESIAN_POINT('',(-0.0323250909869407,0.00571969028759009,0.0414));
#4670=CARTESIAN_POINT('',(-0.0323250909869407,0.00571969028759009,0.042));
#4671=CARTESIAN_POINT('',(-0.0322737101263113,0.00553386284164704,0.0414));
#4672=CARTESIAN_POINT('',(-0.0322737101263113,0.00553386284164704,0.042));
#4673=CARTESIAN_POINT('',(-0.0321709484050525,0.00539570541639906,0.0414));
#4674=CARTESIAN_POINT('',(-0.0321709484050525,0.00539570541639906,0.042));
#4675=CARTESIAN_POINT('',(-0.0323250909869407,0.00595318775422822,0.042));
#4676=CARTESIAN_POINT('',(-0.0323250909869407,0.00595318775422822,0.0414));
#4677=CARTESIAN_POINT('',(-0.0323250909869407,0.00595318775422822,0.042));
#4678=CARTESIAN_POINT('',(-0.0323250909869407,0.00595318775422822,0.0414));
#4679=CARTESIAN_POINT('',(-0.0323250909869407,0.00560294155427103,0.0414));
#4680=CARTESIAN_POINT('',(-0.0321709484050525,0.00539570541639906,0.0414));
#4681=CARTESIAN_POINT('',(-0.0323250909869407,0.00595318775422822,0.042));
#4682=CARTESIAN_POINT('',(-0.0323250909869407,0.00560294155427103,0.042));
#4683=CARTESIAN_POINT('',(-0.0321709484050525,0.00539570541639906,0.042));
#4684=CARTESIAN_POINT('',(-0.0321658103189895,0.00639377863412546,0.0414));
#4685=CARTESIAN_POINT('',(-0.0321658103189895,0.00639377863412546,0.042));
#4686=CARTESIAN_POINT('',(-0.032271997430957,0.00628388068222365,0.0414));
#4687=CARTESIAN_POINT('',(-0.032271997430957,0.00628388068222365,0.042));
#4688=CARTESIAN_POINT('',(-0.0323250909869407,0.00613701705559124,0.0414));
#4689=CARTESIAN_POINT('',(-0.0323250909869407,0.00613701705559124,0.042));
#4690=CARTESIAN_POINT('',(-0.0323250909869407,0.00595318775422822,0.0414));
#4691=CARTESIAN_POINT('',(-0.0323250909869407,0.00595318775422822,0.042));
#4692=CARTESIAN_POINT('',(-0.0321658921161354,0.00639385682143392,0.0414));
#4693=CARTESIAN_POINT('',(-0.0321658921161354,0.00639385682143392,0.0416));
#4694=CARTESIAN_POINT('',(-0.0321658921161354,0.00639385682143392,0.0418));
#4695=CARTESIAN_POINT('',(-0.0321658921161354,0.00639385682143392,0.042));
#4696=CARTESIAN_POINT('',(-0.0321658103189895,0.00639377863412546,0.0414));
#4697=CARTESIAN_POINT('',(-0.0321658103189895,0.00639377863412546,0.042));
#4698=CARTESIAN_POINT('',(-0.0321658103189895,0.00639377863412546,0.0414));
#4699=CARTESIAN_POINT('',(-0.0323250909869407,0.00622893170627275,0.0414));
#4700=CARTESIAN_POINT('',(-0.0323250909869407,0.00595318775422822,0.0414));
#4701=CARTESIAN_POINT('',(-0.0321658103189895,0.00639377863412546,0.042));
#4702=CARTESIAN_POINT('',(-0.0323250909869407,0.00622893170627275,0.042));
#4703=CARTESIAN_POINT('',(-0.0323250909869407,0.00595318775422822,0.042));
#4704=CARTESIAN_POINT('',(-0.0317816501265283,0.00602657203877617,0.042));
#4705=CARTESIAN_POINT('',(-0.0317816501265283,0.00602657203877617,0.0414));
#4706=CARTESIAN_POINT('',(-0.0317816501265283,0.00602657203877617,0.042));
#4707=CARTESIAN_POINT('',(-0.0317813102119461,0.00459930207664312,0.0414));
#4708=CARTESIAN_POINT('',(-0.0317813102119461,0.00459930207664312,0.042));
#4709=CARTESIAN_POINT('',(-0.0322328908870335,0.00459930207664312,0.0414));
#4710=CARTESIAN_POINT('',(-0.0322328908870335,0.00459930207664312,0.042));
#4711=CARTESIAN_POINT('',(-0.0325688646257047,0.00475587097694998,0.0414));
#4712=CARTESIAN_POINT('',(-0.0325688646257047,0.00475587097694998,0.042));
#4713=CARTESIAN_POINT('',(-0.0327892314279598,0.00506900877756369,0.0414));
#4714=CARTESIAN_POINT('',(-0.0327892314279598,0.00506900877756369,0.042));
#4715=CARTESIAN_POINT('',(-0.0317813102119461,0.00459930207664312,0.0414));
#4716=CARTESIAN_POINT('',(-0.0324586812245772,0.00459930207664312,0.0414));
#4717=CARTESIAN_POINT('',(-0.0327892314279598,0.00506900877756369,0.0414));
#4718=CARTESIAN_POINT('',(-0.0308851423678014,0.00754428173838578,0.042));
#4719=CARTESIAN_POINT('',(-0.0308851423678014,0.00754428173838578,0.0414));
#4720=CARTESIAN_POINT('',(-0.0318874973239135,0.0064802697495183,0.0414));
#4721=CARTESIAN_POINT('',(-0.025,0.,0.042));
#4722=CARTESIAN_POINT('',(-0.025,2.14313189850787E-19,0.));
#4723=CARTESIAN_POINT('',(-0.01825,-0.00675,0.002));
#4724=CARTESIAN_POINT('',(-0.0158114937645338,-0.00387097505813543,0.00137701247093229));
#4725=CARTESIAN_POINT('',(-0.0211327045983049,-0.00917962275898296,0.00135924551796592));
#4726=CARTESIAN_POINT('',(-0.025,-0.0095,0.002));
#4727=CARTESIAN_POINT('',(-0.028867295401695,-0.00917962275898296,0.00135924551796592));
#4728=CARTESIAN_POINT('',(-0.0155,0.00275,0.002));
#4729=CARTESIAN_POINT('',(-0.016625,0.008375,-0.00025));
#4730=CARTESIAN_POINT('',(-0.0310428932188135,-0.00604289321881345,0.));
#4731=CARTESIAN_POINT('',(-0.0332216823850424,-0.00347050350686413,-0.000556635229915244));
#4732=CARTESIAN_POINT('',(-0.025,0.0095,0.002));
#4733=CARTESIAN_POINT('',(-0.0329166666666666,0.00791666666666667,-0.00116666666666666));
#4734=CARTESIAN_POINT('',(-0.0335,0.,0.));
#4735=CARTESIAN_POINT('',(0.,0.,0.));
#4736=CARTESIAN_POINT('',(0.025,0.,0.042));
#4737=CARTESIAN_POINT('',(0.025,0.00786712481267395,0.042));
#4738=CARTESIAN_POINT('',(0.0200838150289018,0.00786712481267395,0.042));
#4739=CARTESIAN_POINT('',(0.0209478698351531,0.00786712481267395,0.042));
#4740=CARTESIAN_POINT('',(0.0200838150289018,-4.51995738525251E-19,0.042));
#4741=CARTESIAN_POINT('',(0.0200838150289018,0.00842631984585742,0.042));
#4742=CARTESIAN_POINT('',(0.025,0.00842631984585742,0.042));
#4743=CARTESIAN_POINT('',(0.0226340184114751,0.00842631984585742,0.042));
#4744=CARTESIAN_POINT('',(0.0226340184114751,-2.17529161683185E-19,0.042));
#4745=CARTESIAN_POINT('',(0.0226340184114751,0.00786712481267395,0.042));
#4746=CARTESIAN_POINT('',(0.025,0.00786712481267395,0.042));
#4747=CARTESIAN_POINT('',(0.0216997430956969,0.00786712481267395,0.042));
#4748=CARTESIAN_POINT('',(0.0216997430956969,-3.03426755818408E-19,0.042));
#4749=CARTESIAN_POINT('',(0.0216997430956969,0.0052955127381717,0.042));
#4750=CARTESIAN_POINT('',(0.0216965591798707,0.00529352580585214,0.042));
#4751=CARTESIAN_POINT('',(0.0226040462427745,0.00585984585741811,0.042));
#4752=CARTESIAN_POINT('',(0.0226040462427745,-2.20284813190731E-19,0.042));
#4753=CARTESIAN_POINT('',(0.0226040462427745,0.00526810961250268,0.042));
#4754=CARTESIAN_POINT('',(0.0218865413200054,0.00480299989375387,0.042));
#4755=CARTESIAN_POINT('',(0.0216594947548705,0.00465582102333548,0.042));
#4756=CARTESIAN_POINT('',(0.025,0.00465582102333548,0.042));
#4757=CARTESIAN_POINT('',(0.0209478698351531,0.00465582102333548,0.042));
#4758=CARTESIAN_POINT('',(0.0209478698351531,-3.72554242207708E-19,0.042));
#4759=CARTESIAN_POINT('',(0.025,1.53080849893419E-19,0.042));
#4760=CARTESIAN_POINT('',(0.03,1.53080849893419E-19,0.042));
#4761=CARTESIAN_POINT('',(0.01825,-0.00675,0.042));
#4762=CARTESIAN_POINT('',(0.021,-0.0095,0.042));
#4763=CARTESIAN_POINT('',(0.0155,-0.004,0.042));
#4764=CARTESIAN_POINT('',(0.025,-0.0095,0.042));
#4765=CARTESIAN_POINT('',(0.029,-0.0095,0.042));
#4766=CARTESIAN_POINT('',(0.03175,-0.00675,0.042));
#4767=CARTESIAN_POINT('',(0.0345,-0.004,0.042));
#4768=CARTESIAN_POINT('',(0.0345,0.00275,0.042));
#4769=CARTESIAN_POINT('',(0.0345,0.0095,0.042));
#4770=CARTESIAN_POINT('',(0.025,0.0095,0.042));
#4771=CARTESIAN_POINT('',(0.0155,0.0095,0.042));
#4772=CARTESIAN_POINT('',(0.0155,0.00275,0.042));
#4773=CARTESIAN_POINT('',(0.0320409757106793,-0.000455890513641105,0.042));
#4774=CARTESIAN_POINT('',(0.0324698137443802,0.00616727467351745,0.042));
#4775=CARTESIAN_POINT('',(0.0324081567116249,0.00521501605651895,0.042));
#4776=CARTESIAN_POINT('',(0.0324698137443802,0.00616727467351745,0.042));
#4777=CARTESIAN_POINT('',(0.0321966388353672,0.00592664097623635,0.042));
#4778=CARTESIAN_POINT('',(0.0317873046456862,0.00592664097623635,0.042));
#4779=CARTESIAN_POINT('',(0.0317873046456862,0.00592664097623635,0.042));
#4780=CARTESIAN_POINT('',(0.0317873046456862,0.00592664097623635,0.042));
#4781=CARTESIAN_POINT('',(0.0312495183044316,0.00592664097623635,0.042));
#4782=CARTESIAN_POINT('',(0.030927103403982,0.00626104474416613,0.042));
#4783=CARTESIAN_POINT('',(0.030927103403982,0.00626104474416613,0.042));
#4784=CARTESIAN_POINT('',(0.030927103403982,0.00626104474416613,0.042));
#4785=CARTESIAN_POINT('',(0.0306046885035324,0.00659544851209591,0.042));
#4786=CARTESIAN_POINT('',(0.0306046885035324,0.00717091415114536,0.042));
#4787=CARTESIAN_POINT('',(0.0306046885035324,0.00717091415114536,0.042));
#4788=CARTESIAN_POINT('',(0.0306046885035324,0.00717091415114536,0.042));
#4789=CARTESIAN_POINT('',(0.0306046885035324,0.00777035752515521,0.042));
#4790=CARTESIAN_POINT('',(0.0309780560907729,0.00812531363733676,0.042));
#4791=CARTESIAN_POINT('',(0.0309780560907729,0.00812531363733676,0.042));
#4792=CARTESIAN_POINT('',(0.0309780560907729,0.00812531363733676,0.042));
#4793=CARTESIAN_POINT('',(0.0313514236780133,0.0084802697495183,0.042));
#4794=CARTESIAN_POINT('',(0.0320013915649754,0.0084802697495183,0.042));
#4795=CARTESIAN_POINT('',(0.0320013915649754,0.0084802697495183,0.042));
#4796=CARTESIAN_POINT('',(0.0320013915649754,0.0084802697495183,0.042));
#4797=CARTESIAN_POINT('',(0.0325682937272532,0.0084802697495183,0.042));
#4798=CARTESIAN_POINT('',(0.0329095482766003,0.00822464996788696,0.042));
#4799=CARTESIAN_POINT('',(0.0329095482766003,0.00822464996788696,0.042));
#4800=CARTESIAN_POINT('',(0.0329095482766003,0.00822464996788696,0.042));
#4801=CARTESIAN_POINT('',(0.0332508028259473,0.00796903018625562,0.042));
#4802=CARTESIAN_POINT('',(0.0333312995076001,0.0074843374009848,0.042));
#4803=CARTESIAN_POINT('',(0.0333312995076001,0.0074843374009848,0.042));
#4804=CARTESIAN_POINT('',(0.0244460016177793,0.00675570249430246,0.042));
#4805=CARTESIAN_POINT('',(0.0325794262470563,0.0074226803682295,0.042));
#4806=CARTESIAN_POINT('',(0.0325794262470563,0.0074226803682295,0.042));
#4807=CARTESIAN_POINT('',(0.0325203382573325,0.0076633140655106,0.042));
#4808=CARTESIAN_POINT('',(0.03237047741383,0.00777335474202526,0.042));
#4809=CARTESIAN_POINT('',(0.03237047741383,0.00777335474202526,0.042));
#4810=CARTESIAN_POINT('',(0.03237047741383,0.00777335474202526,0.042));
#4811=CARTESIAN_POINT('',(0.0322206165703275,0.00788339541853993,0.042));
#4812=CARTESIAN_POINT('',(0.031993684435881,0.00788339541853993,0.042));
#4813=CARTESIAN_POINT('',(0.031993684435881,0.00788339541853993,0.042));
#4814=CARTESIAN_POINT('',(0.031993684435881,0.00788339541853993,0.042));
#4815=CARTESIAN_POINT('',(0.0317119460500963,0.00788339541853993,0.042));
#4816=CARTESIAN_POINT('',(0.0315449582530508,0.00770399058017555,0.042));
#4817=CARTESIAN_POINT('',(0.0315449582530508,0.00770399058017555,0.042));
#4818=CARTESIAN_POINT('',(0.0315449582530508,0.00770399058017555,0.042));
#4819=CARTESIAN_POINT('',(0.0313779704560052,0.00752458574181118,0.042));
#4820=CARTESIAN_POINT('',(0.0313779704560052,0.00718718475701135,0.042));
#4821=CARTESIAN_POINT('',(0.0313779704560052,0.00718718475701135,0.042));
#4822=CARTESIAN_POINT('',(0.0313779704560052,0.00718718475701135,0.042));
#4823=CARTESIAN_POINT('',(0.0313779704560052,0.00689003211303789,0.042));
#4824=CARTESIAN_POINT('',(0.0315359666024406,0.00671233997002783,0.042));
#4825=CARTESIAN_POINT('',(0.0315359666024406,0.00671233997002783,0.042));
#4826=CARTESIAN_POINT('',(0.0315359666024406,0.00671233997002783,0.042));
#4827=CARTESIAN_POINT('',(0.0316939627488761,0.00653464782701777,0.042));
#4828=CARTESIAN_POINT('',(0.031977413830015,0.00653464782701777,0.042));
#4829=CARTESIAN_POINT('',(0.031977413830015,0.00653464782701777,0.042));
#4830=CARTESIAN_POINT('',(0.0319917919067695,0.00716304529503859,0.042));
#4831=CARTESIAN_POINT('',(0.0324878448548886,0.00677785056733034,0.042));
#4832=CARTESIAN_POINT('',(0.025,0.00677785056733034,0.042));
#4833=CARTESIAN_POINT('',(0.033221687004924,0.00677785056733034,0.042));
#4834=CARTESIAN_POINT('',(0.0327735651656752,-0.000479965887953314,0.042));
#4835=CARTESIAN_POINT('',(0.033090665810319,0.00465582102333548,0.042));
#4836=CARTESIAN_POINT('',(0.025,0.00465582102333547,0.042));
#4837=CARTESIAN_POINT('',(0.0308239135088846,0.00465582102333547,0.042));
#4838=CARTESIAN_POINT('',(0.0308239135088846,5.2534973326787E-19,0.042));
#4839=CARTESIAN_POINT('',(0.0308239135088846,0.00521501605651895,0.042));
#4840=CARTESIAN_POINT('',(0.025,0.00521501605651895,0.042));
#4841=CARTESIAN_POINT('',(0.0193452151573539,0.00543424106187112,0.042));
#4842=CARTESIAN_POINT('',(0.0192034896167844,0.00500606722329266,0.042));
#4843=CARTESIAN_POINT('',(0.0189196103618069,0.00480268464996789,0.042));
#4844=CARTESIAN_POINT('',(0.0193452151573539,0.00543424106187112,0.042));
#4845=CARTESIAN_POINT('',(0.0189196103618069,0.00480268464996789,0.042));
#4846=CARTESIAN_POINT('',(0.0189196103618069,0.00480268464996789,0.042));
#4847=CARTESIAN_POINT('',(0.0186357311068294,0.00459930207664312,0.042));
#4848=CARTESIAN_POINT('',(0.018169877970456,0.00459930207664312,0.042));
#4849=CARTESIAN_POINT('',(0.018169877970456,0.00459930207664312,0.042));
#4850=CARTESIAN_POINT('',(0.018169877970456,0.00459930207664312,0.042));
#4851=CARTESIAN_POINT('',(0.0175010704345965,0.00459930207664312,0.042));
#4852=CARTESIAN_POINT('',(0.017190644401627,0.00508356668807536,0.042));
#4853=CARTESIAN_POINT('',(0.017190644401627,0.00508356668807536,0.042));
#4854=CARTESIAN_POINT('',(0.017190644401627,0.00508356668807536,0.042));
#4855=CARTESIAN_POINT('',(0.0168802183686577,0.0055678312995076,0.042));
#4856=CARTESIAN_POINT('',(0.0168802183686577,0.00653978591308071,0.042));
#4857=CARTESIAN_POINT('',(0.0168802183686577,0.00653978591308071,0.042));
#4858=CARTESIAN_POINT('',(0.0168802183686577,0.00653978591308071,0.042));
#4859=CARTESIAN_POINT('',(0.0168802183686577,0.00749461357311068,0.042));
#4860=CARTESIAN_POINT('',(0.0172081995290088,0.00798744166131449,0.042));
#4861=CARTESIAN_POINT('',(0.0172081995290088,0.00798744166131449,0.042));
#4862=CARTESIAN_POINT('',(0.0172081995290088,0.00798744166131449,0.042));
#4863=CARTESIAN_POINT('',(0.0175361806893599,0.0084802697495183,0.042));
#4864=CARTESIAN_POINT('',(0.0181912866623849,0.0084802697495183,0.042));
#4865=CARTESIAN_POINT('',(0.0181912866623849,0.0084802697495183,0.042));
#4866=CARTESIAN_POINT('',(0.0181912866623849,0.0084802697495183,0.042));
#4867=CARTESIAN_POINT('',(0.0194869406979233,0.0084802697495183,0.042));
#4868=CARTESIAN_POINT('',(0.0194869406979233,0.00653978591308071,0.042));
#4869=CARTESIAN_POINT('',(0.0194869406979233,0.00653978591308071,0.042));
#4870=CARTESIAN_POINT('',(0.0194869406979233,0.00653978591308071,0.042));
#4871=CARTESIAN_POINT('',(0.0194869406979233,0.00586241490044958,0.042));
#4872=CARTESIAN_POINT('',(0.0193452151573539,0.00543424106187112,0.042));
#4873=CARTESIAN_POINT('',(0.01825,-0.00675,0.042));
#4874=CARTESIAN_POINT('',(0.0155,-0.004,0.042));
#4875=CARTESIAN_POINT('',(0.0155,-0.004,0.002));
#4876=CARTESIAN_POINT('',(0.021,-0.0095,0.002));
#4877=CARTESIAN_POINT('',(0.021,-0.0095,0.002));
#4878=CARTESIAN_POINT('',(0.021,-0.0095,0.042));
#4879=CARTESIAN_POINT('',(0.025,-0.0095,0.042));
#4880=CARTESIAN_POINT('',(0.025,-0.0095,0.002));
#4881=CARTESIAN_POINT('',(0.029,-0.0095,0.002));
#4882=CARTESIAN_POINT('',(0.029,-0.0095,0.042));
#4883=CARTESIAN_POINT('',(0.03175,-0.00675,0.042));
#4884=CARTESIAN_POINT('',(0.03175,-0.00675,0.002));
#4885=CARTESIAN_POINT('',(0.0345,-0.004,0.002));
#4886=CARTESIAN_POINT('',(0.0345,-0.004,0.042));
#4887=CARTESIAN_POINT('',(0.0345,0.00275,0.042));
#4888=CARTESIAN_POINT('',(0.0345,0.00275,0.002));
#4889=CARTESIAN_POINT('',(0.0345,0.0095,0.002));
#4890=CARTESIAN_POINT('',(0.0345,0.0095,0.042));
#4891=CARTESIAN_POINT('',(0.025,0.0095,0.042));
#4892=CARTESIAN_POINT('',(0.025,0.0095,0.002));
#4893=CARTESIAN_POINT('',(0.0155,0.0095,0.002));
#4894=CARTESIAN_POINT('',(0.0155,0.0095,0.042));
#4895=CARTESIAN_POINT('',(0.0155,0.00275,0.042));
#4896=CARTESIAN_POINT('',(0.0155,-0.004,0.002));
#4897=CARTESIAN_POINT('',(0.025,0.,0.));
#4898=CARTESIAN_POINT('',(0.025,1.53080849893419E-19,0.));
#4899=CARTESIAN_POINT('',(0.028620817594591,1.53080849893419E-19,0.));
#4900=CARTESIAN_POINT('',(0.0162071067811866,-0.00329289321881346,0.));
#4901=CARTESIAN_POINT('',(0.0214142135623731,-0.0085,0.));
#4902=CARTESIAN_POINT('',(0.0165,-0.00358578643762691,0.));
#4903=CARTESIAN_POINT('',(0.0165,0.0095,0.));
#4904=CARTESIAN_POINT('',(0.0165,0.0085,0.));
#4905=CARTESIAN_POINT('',(0.025,0.0085,0.));
#4906=CARTESIAN_POINT('',(0.0335,0.0085,0.));
#4907=CARTESIAN_POINT('',(0.0335,0.,0.));
#4908=CARTESIAN_POINT('',(0.0335,-0.00358578643762691,0.));
#4909=CARTESIAN_POINT('',(0.0310428932188135,-0.00604289321881345,0.));
#4910=CARTESIAN_POINT('',(0.0285857864376269,-0.0085,0.));
#4911=CARTESIAN_POINT('',(0.025,-0.0085,0.));
#4912=CARTESIAN_POINT('',(0.025,1.53080849893419E-19,6.93889390390723E-18));
#4913=CARTESIAN_POINT('',(0.025,1.53080849893419E-19,0.00205941863998421));
#4914=CARTESIAN_POINT('',(0.0276225844428562,1.53080849893419E-19,0.00205941863998421));
#4915=CARTESIAN_POINT('',(0.0324698137443802,0.00616727467351745,0.0414));
#4916=CARTESIAN_POINT('',(0.0324698137443802,0.00616727467351745,0.042));
#4917=CARTESIAN_POINT('',(0.0322876971383715,0.00600685220866338,0.0414));
#4918=CARTESIAN_POINT('',(0.0322876971383715,0.00600685220866338,0.042));
#4919=CARTESIAN_POINT('',(0.0320601941054735,0.00592664097623635,0.0414));
#4920=CARTESIAN_POINT('',(0.0320601941054735,0.00592664097623635,0.042));
#4921=CARTESIAN_POINT('',(0.0317873046456862,0.00592664097623635,0.0414));
#4922=CARTESIAN_POINT('',(0.0317873046456862,0.00592664097623635,0.042));
#4923=CARTESIAN_POINT('',(0.0324698137443802,0.00616727467351745,0.042));
#4924=CARTESIAN_POINT('',(0.0324698137443802,0.00616727467351745,0.0414));
#4925=CARTESIAN_POINT('',(0.0324698137443802,0.00616727467351745,0.0414));
#4926=CARTESIAN_POINT('',(0.0321966388353672,0.00592664097623635,0.0414));
#4927=CARTESIAN_POINT('',(0.0317873046456862,0.00592664097623635,0.0414));
#4928=CARTESIAN_POINT('',(0.0317873046456862,0.00592664097623635,0.0414));
#4929=CARTESIAN_POINT('',(0.0317873046456862,0.00592664097623635,0.042));
#4930=CARTESIAN_POINT('',(0.0319917919067695,0.00716304529503859,0.042));
#4931=CARTESIAN_POINT('',(0.0319774256003556,0.00653516225271956,0.042));
#4932=CARTESIAN_POINT('',(0.0319774256003556,0.00653516225271956,0.0418));
#4933=CARTESIAN_POINT('',(0.0319774256003556,0.00653516225271956,0.0416));
#4934=CARTESIAN_POINT('',(0.0319774256003556,0.00653516225271956,0.0414));
#4935=CARTESIAN_POINT('',(0.031977413830015,0.00653464782701777,0.0414));
#4936=CARTESIAN_POINT('',(0.0319917919067695,0.00716304529503859,0.0414));
#4937=CARTESIAN_POINT('',(0.0324878448548886,0.00677785056733034,0.0414));
#4938=CARTESIAN_POINT('',(0.0324878448548886,0.00677785056733034,0.0414));
#4939=CARTESIAN_POINT('',(0.0315359666024406,0.00671233997002783,0.0414));
#4940=CARTESIAN_POINT('',(0.0315359666024406,0.00671233997002783,0.042));
#4941=CARTESIAN_POINT('',(0.0316412973667309,0.00659387854135446,0.0414));
#4942=CARTESIAN_POINT('',(0.0316412973667309,0.00659387854135446,0.042));
#4943=CARTESIAN_POINT('',(0.031788446442589,0.00653464782701777,0.0414));
#4944=CARTESIAN_POINT('',(0.031788446442589,0.00653464782701777,0.042));
#4945=CARTESIAN_POINT('',(0.031977413830015,0.00653464782701777,0.0414));
#4946=CARTESIAN_POINT('',(0.031977413830015,0.00653464782701777,0.042));
#4947=CARTESIAN_POINT('',(0.0315359666024406,0.00671233997002783,0.042));
#4948=CARTESIAN_POINT('',(0.0315359666024406,0.00671233997002783,0.0414));
#4949=CARTESIAN_POINT('',(0.0315359666024406,0.00671233997002783,0.0414));
#4950=CARTESIAN_POINT('',(0.0316939627488761,0.00653464782701777,0.0414));
#4951=CARTESIAN_POINT('',(0.031977413830015,0.00653464782701777,0.0414));
#4952=CARTESIAN_POINT('',(0.0313779704560052,0.00718718475701135,0.0414));
#4953=CARTESIAN_POINT('',(0.0313779704560052,0.00718718475701135,0.042));
#4954=CARTESIAN_POINT('',(0.0313779704560052,0.00698908299436238,0.0414));
#4955=CARTESIAN_POINT('',(0.0313779704560052,0.00698908299436238,0.042));
#4956=CARTESIAN_POINT('',(0.0314306358381503,0.0068308013987012,0.0414));
#4957=CARTESIAN_POINT('',(0.0314306358381503,0.0068308013987012,0.042));
#4958=CARTESIAN_POINT('',(0.0315359666024406,0.00671233997002783,0.0414));
#4959=CARTESIAN_POINT('',(0.0315359666024406,0.00671233997002783,0.042));
#4960=CARTESIAN_POINT('',(0.0313779704560052,0.00718718475701135,0.042));
#4961=CARTESIAN_POINT('',(0.0313779704560052,0.00718718475701135,0.0414));
#4962=CARTESIAN_POINT('',(0.0313779704560052,0.00718718475701135,0.0414));
#4963=CARTESIAN_POINT('',(0.0313779704560052,0.00689003211303789,0.0414));
#4964=CARTESIAN_POINT('',(0.0315359666024406,0.00671233997002783,0.0414));
#4965=CARTESIAN_POINT('',(0.0315449582530508,0.00770399058017555,0.0414));
#4966=CARTESIAN_POINT('',(0.0315449582530508,0.00770399058017555,0.042));
#4967=CARTESIAN_POINT('',(0.0314336330550204,0.0075843873545993,0.0414));
#4968=CARTESIAN_POINT('',(0.0314336330550204,0.0075843873545993,0.042));
#4969=CARTESIAN_POINT('',(0.0313779704560052,0.0074121187468779,0.0414));
#4970=CARTESIAN_POINT('',(0.0313779704560052,0.0074121187468779,0.042));
#4971=CARTESIAN_POINT('',(0.0313779704560052,0.00718718475701135,0.0414));
#4972=CARTESIAN_POINT('',(0.0313779704560052,0.00718718475701135,0.042));
#4973=CARTESIAN_POINT('',(0.0315449582530508,0.00770399058017555,0.042));
#4974=CARTESIAN_POINT('',(0.0315449582530508,0.00770399058017555,0.0414));
#4975=CARTESIAN_POINT('',(0.0315449582530508,0.00770399058017555,0.0414));
#4976=CARTESIAN_POINT('',(0.0313779704560052,0.00752458574181118,0.0414));
#4977=CARTESIAN_POINT('',(0.0313779704560052,0.00718718475701135,0.0414));
#4978=CARTESIAN_POINT('',(0.031993684435881,0.00788339541853993,0.0414));
#4979=CARTESIAN_POINT('',(0.031993684435881,0.00788339541853993,0.042));
#4980=CARTESIAN_POINT('',(0.0318058588453579,0.00788339541853993,0.0414));
#4981=CARTESIAN_POINT('',(0.0318058588453579,0.00788339541853993,0.042));
#4982=CARTESIAN_POINT('',(0.0316562834510811,0.0078235938057518,0.0414));
#4983=CARTESIAN_POINT('',(0.0316562834510811,0.0078235938057518,0.042));
#4984=CARTESIAN_POINT('',(0.0315449582530508,0.00770399058017555,0.0414));
#4985=CARTESIAN_POINT('',(0.0315449582530508,0.00770399058017555,0.042));
#4986=CARTESIAN_POINT('',(0.031993684435881,0.00788339541853993,0.042));
#4987=CARTESIAN_POINT('',(0.031993684435881,0.00788339541853993,0.0414));
#4988=CARTESIAN_POINT('',(0.031993684435881,0.00788339541853993,0.0414));
#4989=CARTESIAN_POINT('',(0.0317119460500963,0.00788339541853993,0.0414));
#4990=CARTESIAN_POINT('',(0.0315449582530508,0.00770399058017555,0.0414));
#4991=CARTESIAN_POINT('',(0.03237047741383,0.00777335474202526,0.0414));
#4992=CARTESIAN_POINT('',(0.03237047741383,0.00777335474202526,0.042));
#4993=CARTESIAN_POINT('',(0.0322705701848284,0.00784671519303504,0.0414));
#4994=CARTESIAN_POINT('',(0.0322705701848284,0.00784671519303504,0.042));
#4995=CARTESIAN_POINT('',(0.032144972525512,0.00788339541853993,0.0414));
#4996=CARTESIAN_POINT('',(0.032144972525512,0.00788339541853993,0.042));
#4997=CARTESIAN_POINT('',(0.031993684435881,0.00788339541853993,0.0414));
#4998=CARTESIAN_POINT('',(0.031993684435881,0.00788339541853993,0.042));
#4999=CARTESIAN_POINT('',(0.03237047741383,0.00777335474202526,0.042));
#5000=CARTESIAN_POINT('',(0.03237047741383,0.00777335474202526,0.0414));
#5001=CARTESIAN_POINT('',(0.03237047741383,0.00777335474202526,0.0414));
#5002=CARTESIAN_POINT('',(0.0322206165703275,0.00788339541853993,0.0414));
#5003=CARTESIAN_POINT('',(0.031993684435881,0.00788339541853993,0.0414));
#5004=CARTESIAN_POINT('',(0.0325794262470563,0.0074226803682295,0.0414));
#5005=CARTESIAN_POINT('',(0.0325794262470563,0.0074226803682295,0.042));
#5006=CARTESIAN_POINT('',(0.0325400342539071,0.00758310283308357,0.0414));
#5007=CARTESIAN_POINT('',(0.0325400342539071,0.00758310283308357,0.042));
#5008=CARTESIAN_POINT('',(0.0324703846428317,0.00769999429101549,0.0414));
#5009=CARTESIAN_POINT('',(0.0324703846428317,0.00769999429101549,0.042));
#5010=CARTESIAN_POINT('',(0.03237047741383,0.00777335474202526,0.0414));
#5011=CARTESIAN_POINT('',(0.03237047741383,0.00777335474202526,0.042));
#5012=CARTESIAN_POINT('',(0.0325794262470563,0.0074226803682295,0.042));
#5013=CARTESIAN_POINT('',(0.0325794262470563,0.0074226803682295,0.0414));
#5014=CARTESIAN_POINT('',(0.0325794262470563,0.0074226803682295,0.0414));
#5015=CARTESIAN_POINT('',(0.0325203382573325,0.0076633140655106,0.0414));
#5016=CARTESIAN_POINT('',(0.03237047741383,0.00777335474202526,0.0414));
#5017=CARTESIAN_POINT('',(0.0329095482766003,0.00822464996788696,0.0414));
#5018=CARTESIAN_POINT('',(0.0329095482766003,0.00822464996788696,0.042));
#5019=CARTESIAN_POINT('',(0.0331370513094983,0.00805423678013273,0.0414));
#5020=CARTESIAN_POINT('',(0.0331370513094983,0.00805423678013273,0.042));
#5021=CARTESIAN_POINT('',(0.0332776350531649,0.00780746592449868,0.0414));
#5022=CARTESIAN_POINT('',(0.0332776350531649,0.00780746592449868,0.042));
#5023=CARTESIAN_POINT('',(0.0333312995076001,0.0074843374009848,0.0414));
#5024=CARTESIAN_POINT('',(0.0333312995076001,0.0074843374009848,0.042));
#5025=CARTESIAN_POINT('',(0.0329095482766003,0.00822464996788696,0.042));
#5026=CARTESIAN_POINT('',(0.0329095482766003,0.00822464996788696,0.0414));
#5027=CARTESIAN_POINT('',(0.0329095482766003,0.00822464996788696,0.0414));
#5028=CARTESIAN_POINT('',(0.0332508028259473,0.00796903018625562,0.0414));
#5029=CARTESIAN_POINT('',(0.0333312995076001,0.0074843374009848,0.0414));
#5030=CARTESIAN_POINT('',(0.0333312995076001,0.0074843374009848,0.0414));
#5031=CARTESIAN_POINT('',(0.0333312995076001,0.0074843374009848,0.042));
#5032=CARTESIAN_POINT('',(0.0320013915649754,0.0084802697495183,0.0414));
#5033=CARTESIAN_POINT('',(0.0320013915649754,0.0084802697495183,0.042));
#5034=CARTESIAN_POINT('',(0.0323793263398273,0.0084802697495183,0.0414));
#5035=CARTESIAN_POINT('',(0.0323793263398273,0.0084802697495183,0.042));
#5036=CARTESIAN_POINT('',(0.0326820452437023,0.00839506315564119,0.0414));
#5037=CARTESIAN_POINT('',(0.0326820452437023,0.00839506315564119,0.042));
#5038=CARTESIAN_POINT('',(0.0329095482766003,0.00822464996788696,0.0414));
#5039=CARTESIAN_POINT('',(0.0329095482766003,0.00822464996788696,0.042));
#5040=CARTESIAN_POINT('',(0.0320013915649754,0.0084802697495183,0.042));
#5041=CARTESIAN_POINT('',(0.0320013915649754,0.0084802697495183,0.0414));
#5042=CARTESIAN_POINT('',(0.0320013915649754,0.0084802697495183,0.0414));
#5043=CARTESIAN_POINT('',(0.0325682937272532,0.0084802697495183,0.0414));
#5044=CARTESIAN_POINT('',(0.0329095482766003,0.00822464996788696,0.0414));
#5045=CARTESIAN_POINT('',(0.0309780560907729,0.00812531363733676,0.0414));
#5046=CARTESIAN_POINT('',(0.0309780560907729,0.00812531363733676,0.042));
#5047=CARTESIAN_POINT('',(0.0312269678155998,0.00836195104545779,0.0414));
#5048=CARTESIAN_POINT('',(0.0312269678155998,0.00836195104545779,0.042));
#5049=CARTESIAN_POINT('',(0.031568079640334,0.0084802697495183,0.0414));
#5050=CARTESIAN_POINT('',(0.031568079640334,0.0084802697495183,0.042));
#5051=CARTESIAN_POINT('',(0.0320013915649754,0.0084802697495183,0.0414));
#5052=CARTESIAN_POINT('',(0.0320013915649754,0.0084802697495183,0.042));
#5053=CARTESIAN_POINT('',(0.0309780560907729,0.00812531363733676,0.042));
#5054=CARTESIAN_POINT('',(0.0309780560907729,0.00812531363733676,0.0414));
#5055=CARTESIAN_POINT('',(0.0309780560907729,0.00812531363733676,0.0414));
#5056=CARTESIAN_POINT('',(0.0313514236780133,0.0084802697495183,0.0414));
#5057=CARTESIAN_POINT('',(0.0320013915649754,0.0084802697495183,0.0414));
#5058=CARTESIAN_POINT('',(0.0306046885035324,0.00717091415114536,0.0414));
#5059=CARTESIAN_POINT('',(0.0306046885035324,0.00717091415114536,0.042));
#5060=CARTESIAN_POINT('',(0.0306046885035324,0.00757054306715193,0.0414));
#5061=CARTESIAN_POINT('',(0.0306046885035324,0.00757054306715193,0.042));
#5062=CARTESIAN_POINT('',(0.0307291443659459,0.00788867622921573,0.0414));
#5063=CARTESIAN_POINT('',(0.0307291443659459,0.00788867622921573,0.042));
#5064=CARTESIAN_POINT('',(0.0309780560907729,0.00812531363733676,0.0414));
#5065=CARTESIAN_POINT('',(0.0309780560907729,0.00812531363733676,0.042));
#5066=CARTESIAN_POINT('',(0.0306046885035324,0.00717091415114536,0.042));
#5067=CARTESIAN_POINT('',(0.0306046885035324,0.00717091415114536,0.0414));
#5068=CARTESIAN_POINT('',(0.0306046885035324,0.00717091415114536,0.0414));
#5069=CARTESIAN_POINT('',(0.0306046885035324,0.00777035752515521,0.0414));
#5070=CARTESIAN_POINT('',(0.0309780560907729,0.00812531363733676,0.0414));
#5071=CARTESIAN_POINT('',(0.030927103403982,0.00626104474416613,0.0414));
#5072=CARTESIAN_POINT('',(0.030927103403982,0.00626104474416613,0.042));
#5073=CARTESIAN_POINT('',(0.0307121601370156,0.00648398058945265,0.0414));
#5074=CARTESIAN_POINT('',(0.0307121601370156,0.00648398058945265,0.042));
#5075=CARTESIAN_POINT('',(0.0306046885035324,0.00678727039177906,0.0414));
#5076=CARTESIAN_POINT('',(0.0306046885035324,0.00678727039177906,0.042));
#5077=CARTESIAN_POINT('',(0.0306046885035324,0.00717091415114536,0.0414));
#5078=CARTESIAN_POINT('',(0.0306046885035324,0.00717091415114536,0.042));
#5079=CARTESIAN_POINT('',(0.030927103403982,0.00626104474416613,0.042));
#5080=CARTESIAN_POINT('',(0.030927103403982,0.00626104474416613,0.0414));
#5081=CARTESIAN_POINT('',(0.030927103403982,0.00626104474416613,0.0414));
#5082=CARTESIAN_POINT('',(0.0306046885035324,0.00659544851209591,0.0414));
#5083=CARTESIAN_POINT('',(0.0306046885035324,0.00717091415114536,0.0414));
#5084=CARTESIAN_POINT('',(0.0317873046456862,0.00592664097623635,0.0414));
#5085=CARTESIAN_POINT('',(0.0317873046456862,0.00592664097623635,0.042));
#5086=CARTESIAN_POINT('',(0.0314287804181831,0.00592664097623635,0.0414));
#5087=CARTESIAN_POINT('',(0.0314287804181831,0.00592664097623635,0.042));
#5088=CARTESIAN_POINT('',(0.0311420466709484,0.00603810889887961,0.0414));
#5089=CARTESIAN_POINT('',(0.0311420466709484,0.00603810889887961,0.042));
#5090=CARTESIAN_POINT('',(0.030927103403982,0.00626104474416613,0.0414));
#5091=CARTESIAN_POINT('',(0.030927103403982,0.00626104474416613,0.042));
#5092=CARTESIAN_POINT('',(0.0317873046456862,0.00592664097623635,0.0414));
#5093=CARTESIAN_POINT('',(0.0312495183044316,0.00592664097623635,0.0414));
#5094=CARTESIAN_POINT('',(0.030927103403982,0.00626104474416613,0.0414));
#5095=CARTESIAN_POINT('',(0.0324389852280026,0.0056911453650182,0.042));
#5096=CARTESIAN_POINT('',(0.0324081567116249,0.00521501605651895,0.042));
#5097=CARTESIAN_POINT('',(0.0324081567116249,0.00521501605651895,0.0414));
#5098=CARTESIAN_POINT('',(0.0324389852280026,0.0056911453650182,0.0414));
#5099=CARTESIAN_POINT('',(0.0316160351102548,0.00521501605651895,0.042));
#5100=CARTESIAN_POINT('',(0.0308239135088846,0.00521501605651895,0.042));
#5101=CARTESIAN_POINT('',(0.0308239135088846,0.00521501605651895,0.0414));
#5102=CARTESIAN_POINT('',(0.0318622350674374,0.00521501605651895,0.0414));
#5103=CARTESIAN_POINT('',(0.0308239135088846,0.00493541853992721,0.042));
#5104=CARTESIAN_POINT('',(0.0308239135088846,0.00465582102333547,0.042));
#5105=CARTESIAN_POINT('',(0.0308239135088846,0.00465582102333548,0.0414));
#5106=CARTESIAN_POINT('',(0.0308239135088846,0.0064802697495183,0.0414));
#5107=CARTESIAN_POINT('',(0.0319572896596018,0.00465582102333548,0.042));
#5108=CARTESIAN_POINT('',(0.033090665810319,0.00465582102333548,0.042));
#5109=CARTESIAN_POINT('',(0.033090665810319,0.00465582102333548,0.0414));
#5110=CARTESIAN_POINT('',(0.0318622350674374,0.00465582102333548,0.0414));
#5111=CARTESIAN_POINT('',(0.0331561764076215,0.00571683579533291,0.042));
#5112=CARTESIAN_POINT('',(0.033221687004924,0.00677785056733034,0.042));
#5113=CARTESIAN_POINT('',(0.033221687004924,0.00677785056733034,0.0414));
#5114=CARTESIAN_POINT('',(0.0331561764076215,0.00571683579533291,0.0414));
#5115=CARTESIAN_POINT('',(0.0328551701991008,0.00677785056733034,0.042));
#5116=CARTESIAN_POINT('',(0.0318622350674374,0.00677785056733034,0.0414));
#5117=CARTESIAN_POINT('',(0.0329553628773282,0.00745350888460715,0.042));
#5118=CARTESIAN_POINT('',(0.0329553628773282,0.00745350888460715,0.0414));
#5119=CARTESIAN_POINT('',(0.0318622350674374,0.0064802697495183,0.0414));
#5120=CARTESIAN_POINT('',(0.0189196103618069,0.00480268464996789,0.0414));
#5121=CARTESIAN_POINT('',(0.0189196103618069,0.00480268464996789,0.042));
#5122=CARTESIAN_POINT('',(0.0187303575251552,0.00466709626775138,0.0414));
#5123=CARTESIAN_POINT('',(0.0187303575251552,0.00466709626775138,0.042));
#5124=CARTESIAN_POINT('',(0.0184804467280383,0.00459930207664312,0.0414));
#5125=CARTESIAN_POINT('',(0.0184804467280383,0.00459930207664312,0.042));
#5126=CARTESIAN_POINT('',(0.018169877970456,0.00459930207664312,0.0414));
#5127=CARTESIAN_POINT('',(0.018169877970456,0.00459930207664312,0.042));
#5128=CARTESIAN_POINT('',(0.0189196103618069,0.00480268464996789,0.042));
#5129=CARTESIAN_POINT('',(0.0189196103618069,0.00480268464996789,0.0414));
#5130=CARTESIAN_POINT('',(0.0189196103618069,0.00480268464996789,0.0414));
#5131=CARTESIAN_POINT('',(0.0186357311068294,0.00459930207664312,0.0414));
#5132=CARTESIAN_POINT('',(0.018169877970456,0.00459930207664312,0.0414));
#5133=CARTESIAN_POINT('',(0.018169877970456,0.00459930207664312,0.0414));
#5134=CARTESIAN_POINT('',(0.018169877970456,0.00459930207664312,0.042));
#5135=CARTESIAN_POINT('',(0.0193452151573539,0.00543424106187112,0.0414));
#5136=CARTESIAN_POINT('',(0.0193452151573539,0.00543424106187112,0.042));
#5137=CARTESIAN_POINT('',(0.0192507314636409,0.00514879183615215,0.0414));
#5138=CARTESIAN_POINT('',(0.0192507314636409,0.00514879183615215,0.042));
#5139=CARTESIAN_POINT('',(0.0191088631984586,0.0049382730321844,0.0414));
#5140=CARTESIAN_POINT('',(0.0191088631984586,0.0049382730321844,0.042));
#5141=CARTESIAN_POINT('',(0.0189196103618069,0.00480268464996789,0.0414));
#5142=CARTESIAN_POINT('',(0.0189196103618069,0.00480268464996789,0.042));
#5143=CARTESIAN_POINT('',(0.0193452151573539,0.00543424106187112,0.042));
#5144=CARTESIAN_POINT('',(0.0193452151573539,0.00543424106187112,0.0414));
#5145=CARTESIAN_POINT('',(0.0193452151573539,0.00543424106187112,0.0414));
#5146=CARTESIAN_POINT('',(0.0192034896167844,0.00500606722329266,0.0414));
#5147=CARTESIAN_POINT('',(0.0189196103618069,0.00480268464996789,0.0414));
#5148=CARTESIAN_POINT('',(0.0194869406979233,0.00653978591308071,0.0414));
#5149=CARTESIAN_POINT('',(0.0194869406979233,0.00653978591308071,0.042));
#5150=CARTESIAN_POINT('',(0.0194869406979233,0.00608820523799329,0.0414));
#5151=CARTESIAN_POINT('',(0.0194869406979233,0.00608820523799329,0.042));
#5152=CARTESIAN_POINT('',(0.0194396988510669,0.00571969028759009,0.0414));
#5153=CARTESIAN_POINT('',(0.0194396988510669,0.00571969028759009,0.042));
#5154=CARTESIAN_POINT('',(0.0193452151573539,0.00543424106187112,0.0414));
#5155=CARTESIAN_POINT('',(0.0193452151573539,0.00543424106187112,0.042));
#5156=CARTESIAN_POINT('',(0.0194869406979233,0.00653978591308071,0.042));
#5157=CARTESIAN_POINT('',(0.0194869406979233,0.00653978591308071,0.0414));
#5158=CARTESIAN_POINT('',(0.0194869406979233,0.00653978591308071,0.0414));
#5159=CARTESIAN_POINT('',(0.0194869406979233,0.00586241490044958,0.0414));
#5160=CARTESIAN_POINT('',(0.0193452151573539,0.00543424106187112,0.0414));
#5161=CARTESIAN_POINT('',(0.0181912866623849,0.0084802697495183,0.0414));
#5162=CARTESIAN_POINT('',(0.0181912866623849,0.0084802697495183,0.042));
#5163=CARTESIAN_POINT('',(0.0190550560194105,0.0084802697495183,0.0414));
#5164=CARTESIAN_POINT('',(0.0190550560194105,0.0084802697495183,0.042));
#5165=CARTESIAN_POINT('',(0.0194869406979233,0.0078334418040391,0.0414));
#5166=CARTESIAN_POINT('',(0.0194869406979233,0.0078334418040391,0.042));
#5167=CARTESIAN_POINT('',(0.0194869406979233,0.00653978591308071,0.0414));
#5168=CARTESIAN_POINT('',(0.0194869406979233,0.00653978591308071,0.042));
#5169=CARTESIAN_POINT('',(0.0181912866623849,0.0084802697495183,0.042));
#5170=CARTESIAN_POINT('',(0.0181912866623849,0.0084802697495183,0.0414));
#5171=CARTESIAN_POINT('',(0.0181912866623849,0.0084802697495183,0.0414));
#5172=CARTESIAN_POINT('',(0.0194869406979233,0.0084802697495183,0.0414));
#5173=CARTESIAN_POINT('',(0.0194869406979233,0.00653978591308071,0.0414));
#5174=CARTESIAN_POINT('',(0.0172081995290088,0.00798744166131449,0.0414));
#5175=CARTESIAN_POINT('',(0.0172081995290088,0.00798744166131449,0.042));
#5176=CARTESIAN_POINT('',(0.0174268536359095,0.00831599372011703,0.0414));
#5177=CARTESIAN_POINT('',(0.0174268536359095,0.00831599372011703,0.042));
#5178=CARTESIAN_POINT('',(0.0177545493470349,0.0084802697495183,0.0414));
#5179=CARTESIAN_POINT('',(0.0177545493470349,0.0084802697495183,0.042));
#5180=CARTESIAN_POINT('',(0.0181912866623849,0.0084802697495183,0.0414));
#5181=CARTESIAN_POINT('',(0.0181912866623849,0.0084802697495183,0.042));
#5182=CARTESIAN_POINT('',(0.0172081995290088,0.00798744166131449,0.042));
#5183=CARTESIAN_POINT('',(0.0172081995290088,0.00798744166131449,0.0414));
#5184=CARTESIAN_POINT('',(0.0172081995290088,0.00798744166131449,0.0414));
#5185=CARTESIAN_POINT('',(0.0175361806893599,0.0084802697495183,0.0414));
#5186=CARTESIAN_POINT('',(0.0181912866623849,0.0084802697495183,0.0414));
#5187=CARTESIAN_POINT('',(0.0168802183686577,0.00653978591308071,0.0414));
#5188=CARTESIAN_POINT('',(0.0168802183686577,0.00653978591308071,0.042));
#5189=CARTESIAN_POINT('',(0.0168802183686577,0.00717633768643402,0.0414));
#5190=CARTESIAN_POINT('',(0.0168802183686577,0.00717633768643402,0.042));
#5191=CARTESIAN_POINT('',(0.0169895454221081,0.00765888960251195,0.0414));
#5192=CARTESIAN_POINT('',(0.0169895454221081,0.00765888960251195,0.042));
#5193=CARTESIAN_POINT('',(0.0172081995290088,0.00798744166131449,0.0414));
#5194=CARTESIAN_POINT('',(0.0172081995290088,0.00798744166131449,0.042));
#5195=CARTESIAN_POINT('',(0.0168802183686577,0.00653978591308071,0.042));
#5196=CARTESIAN_POINT('',(0.0168802183686577,0.00653978591308071,0.0414));
#5197=CARTESIAN_POINT('',(0.0168802183686577,0.00653978591308071,0.0414));
#5198=CARTESIAN_POINT('',(0.0168802183686577,0.00749461357311068,0.0414));
#5199=CARTESIAN_POINT('',(0.0172081995290088,0.00798744166131449,0.0414));
#5200=CARTESIAN_POINT('',(0.017190644401627,0.00508356668807536,0.0414));
#5201=CARTESIAN_POINT('',(0.017190644401627,0.00508356668807536,0.042));
#5202=CARTESIAN_POINT('',(0.0169836937129808,0.00540640976236352,0.0414));
#5203=CARTESIAN_POINT('',(0.0169836937129808,0.00540640976236352,0.042));
#5204=CARTESIAN_POINT('',(0.0168802183686577,0.00589181617069864,0.0414));
#5205=CARTESIAN_POINT('',(0.0168802183686577,0.00589181617069864,0.042));
#5206=CARTESIAN_POINT('',(0.0168802183686577,0.00653978591308071,0.0414));
#5207=CARTESIAN_POINT('',(0.0168802183686577,0.00653978591308071,0.042));
#5208=CARTESIAN_POINT('',(0.017190644401627,0.00508356668807536,0.042));
#5209=CARTESIAN_POINT('',(0.017190644401627,0.00508356668807536,0.0414));
#5210=CARTESIAN_POINT('',(0.017190644401627,0.00508356668807536,0.0414));
#5211=CARTESIAN_POINT('',(0.0168802183686577,0.0055678312995076,0.0414));
#5212=CARTESIAN_POINT('',(0.0168802183686577,0.00653978591308071,0.0414));
#5213=CARTESIAN_POINT('',(0.018186148576322,0.00788853350460287,0.0414));
#5214=CARTESIAN_POINT('',(0.018186148576322,0.00788853350460287,0.042));
#5215=CARTESIAN_POINT('',(0.0180434239634625,0.00788853350460287,0.0414));
#5216=CARTESIAN_POINT('',(0.0180434239634625,0.00788853350460287,0.042));
#5217=CARTESIAN_POINT('',(0.017933240562335,0.00784428887461643,0.0414));
#5218=CARTESIAN_POINT('',(0.017933240562335,0.00784428887461643,0.042));
#5219=CARTESIAN_POINT('',(0.0178555983729394,0.00775579961464355,0.0414));
#5220=CARTESIAN_POINT('',(0.0178555983729394,0.00775579961464355,0.042));
#5221=CARTESIAN_POINT('',(0.018186148576322,0.00788853350460287,0.042));
#5222=CARTESIAN_POINT('',(0.018186148576322,0.00788853350460287,0.0414));
#5223=CARTESIAN_POINT('',(0.018186148576322,0.00788853350460287,0.042));
#5224=CARTESIAN_POINT('',(0.018186148576322,0.00788853350460287,0.0414));
#5225=CARTESIAN_POINT('',(0.0179720616570327,0.00788853350460287,0.0414));
#5226=CARTESIAN_POINT('',(0.0178555983729394,0.00775579961464355,0.0414));
#5227=CARTESIAN_POINT('',(0.0178555983729394,0.00775579961464354,0.0414));
#5228=CARTESIAN_POINT('',(0.0178555983729394,0.00775579961464355,0.042));
#5229=CARTESIAN_POINT('',(0.0178555983729394,0.00775579961464355,0.042));
#5230=CARTESIAN_POINT('',(0.018186148576322,0.00788853350460287,0.042));
#5231=CARTESIAN_POINT('',(0.0179720616570327,0.00788853350460287,0.042));
#5232=CARTESIAN_POINT('',(0.0178555983729394,0.00775579961464355,0.042));
#5233=CARTESIAN_POINT('',(0.0185166987797045,0.0077626503960608,0.0414));
#5234=CARTESIAN_POINT('',(0.0185166987797045,0.0077626503960608,0.042));
#5235=CARTESIAN_POINT('',(0.0184407692856633,0.00784657246842218,0.0414));
#5236=CARTESIAN_POINT('',(0.0184407692856633,0.00784657246842218,0.042));
#5237=CARTESIAN_POINT('',(0.0183305858845358,0.00788853350460287,0.0414));
#5238=CARTESIAN_POINT('',(0.0183305858845358,0.00788853350460287,0.042));
#5239=CARTESIAN_POINT('',(0.018186148576322,0.00788853350460287,0.0414));
#5240=CARTESIAN_POINT('',(0.018186148576322,0.00788853350460287,0.042));
#5241=CARTESIAN_POINT('',(0.0185166987797045,0.0077626503960608,0.042));
#5242=CARTESIAN_POINT('',(0.0185166987797045,0.0077626503960608,0.0414));
#5243=CARTESIAN_POINT('',(0.0185166987797045,0.0077626503960608,0.042));
#5244=CARTESIAN_POINT('',(0.0185166987797045,0.0077626503960608,0.0414));
#5245=CARTESIAN_POINT('',(0.0184028045386427,0.00788853350460287,0.0414));
#5246=CARTESIAN_POINT('',(0.018186148576322,0.00788853350460287,0.0414));
#5247=CARTESIAN_POINT('',(0.0185166987797045,0.0077626503960608,0.042));
#5248=CARTESIAN_POINT('',(0.0184028045386427,0.00788853350460287,0.042));
#5249=CARTESIAN_POINT('',(0.018186148576322,0.00788853350460287,0.042));
#5250=CARTESIAN_POINT('',(0.018682830229073,0.00734646542496254,0.0414));
#5251=CARTESIAN_POINT('',(0.018682830229073,0.00734646542496254,0.042));
#5252=CARTESIAN_POINT('',(0.0186480054235353,0.00754,0.0414));
#5253=CARTESIAN_POINT('',(0.0186480054235353,0.00754,0.042));
#5254=CARTESIAN_POINT('',(0.0185926282737458,0.00767872832369942,0.0414));
#5255=CARTESIAN_POINT('',(0.0185926282737458,0.00767872832369942,0.042));
#5256=CARTESIAN_POINT('',(0.0185166987797045,0.0077626503960608,0.0414));
#5257=CARTESIAN_POINT('',(0.0185166987797045,0.0077626503960608,0.042));
#5258=CARTESIAN_POINT('',(0.018682830229073,0.00734646542496254,0.042));
#5259=CARTESIAN_POINT('',(0.018682830229073,0.00734646542496253,0.0414));
#5260=CARTESIAN_POINT('',(0.018682830229073,0.00734646542496254,0.042));
#5261=CARTESIAN_POINT('',(0.018682830229073,0.00734646542496254,0.0414));
#5262=CARTESIAN_POINT('',(0.0186305930207664,0.00763676728751873,0.0414));
#5263=CARTESIAN_POINT('',(0.0185166987797045,0.0077626503960608,0.0414));
#5264=CARTESIAN_POINT('',(0.018682830229073,0.00734646542496254,0.042));
#5265=CARTESIAN_POINT('',(0.0186305930207664,0.00763676728751873,0.042));
#5266=CARTESIAN_POINT('',(0.0185166987797045,0.0077626503960608,0.042));
#5267=CARTESIAN_POINT('',(0.0187350674373796,0.00653978591308071,0.0414));
#5268=CARTESIAN_POINT('',(0.0187350674373796,0.00653978591308071,0.042));
#5269=CARTESIAN_POINT('',(0.0187350674373796,0.0068840376792978,0.0414));
#5270=CARTESIAN_POINT('',(0.0187350674373796,0.0068840376792978,0.042));
#5271=CARTESIAN_POINT('',(0.0187176550346107,0.00715293084992507,0.0414));
#5272=CARTESIAN_POINT('',(0.0187176550346107,0.00715293084992507,0.042));
#5273=CARTESIAN_POINT('',(0.018682830229073,0.00734646542496254,0.0414));
#5274=CARTESIAN_POINT('',(0.018682830229073,0.00734646542496254,0.042));
#5275=CARTESIAN_POINT('',(0.0187350674373796,0.00653978591308071,0.042));
#5276=CARTESIAN_POINT('',(0.0187350674373796,0.00653978591308071,0.0414));
#5277=CARTESIAN_POINT('',(0.0187350674373796,0.00653978591308071,0.042));
#5278=CARTESIAN_POINT('',(0.0187350674373796,0.00653978591308071,0.0414));
#5279=CARTESIAN_POINT('',(0.0187350674373796,0.00705616356240634,0.0414));
#5280=CARTESIAN_POINT('',(0.018682830229073,0.00734646542496254,0.0414));
#5281=CARTESIAN_POINT('',(0.0187350674373796,0.00653978591308071,0.042));
#5282=CARTESIAN_POINT('',(0.0187350674373796,0.00705616356240634,0.042));
#5283=CARTESIAN_POINT('',(0.018682830229073,0.00734646542496254,0.042));
#5284=CARTESIAN_POINT('',(0.0186853992721045,0.00573010918432884,0.0414));
#5285=CARTESIAN_POINT('',(0.0186853992721045,0.00573010918432884,0.042));
#5286=CARTESIAN_POINT('',(0.0187185113822879,0.00592164561478627,0.0414));
#5287=CARTESIAN_POINT('',(0.0187185113822879,0.00592164561478627,0.042));
#5288=CARTESIAN_POINT('',(0.0187350674373796,0.00619153785770356,0.0414));
#5289=CARTESIAN_POINT('',(0.0187350674373796,0.00619153785770356,0.042));
#5290=CARTESIAN_POINT('',(0.0187350674373796,0.00653978591308071,0.0414));
#5291=CARTESIAN_POINT('',(0.0187350674373796,0.00653978591308071,0.042));
#5292=CARTESIAN_POINT('',(0.0186853992721045,0.00573010918432884,0.042));
#5293=CARTESIAN_POINT('',(0.0186853992721045,0.00573010918432884,0.0414));
#5294=CARTESIAN_POINT('',(0.0186853992721045,0.00573010918432884,0.042));
#5295=CARTESIAN_POINT('',(0.0186853992721045,0.00573010918432884,0.0414));
#5296=CARTESIAN_POINT('',(0.0187350674373796,0.00601741383001499,0.0414));
#5297=CARTESIAN_POINT('',(0.0187350674373796,0.00653978591308071,0.0414));
#5298=CARTESIAN_POINT('',(0.0186853992721045,0.00573010918432884,0.042));
#5299=CARTESIAN_POINT('',(0.0187350674373796,0.00601741383001499,0.042));
#5300=CARTESIAN_POINT('',(0.0187350674373796,0.00653978591308071,0.042));
#5301=CARTESIAN_POINT('',(0.0185192678227361,0.00531563690858489,0.0414));
#5302=CARTESIAN_POINT('',(0.0185192678227361,0.00531563690858489,0.042));
#5303=CARTESIAN_POINT('',(0.0185969100121316,0.00540041532862342,0.0414));
#5304=CARTESIAN_POINT('',(0.0185969100121316,0.00540041532862342,0.042));
#5305=CARTESIAN_POINT('',(0.0186522871619211,0.00553857275387141,0.0414));
#5306=CARTESIAN_POINT('',(0.0186522871619211,0.00553857275387141,0.042));
#5307=CARTESIAN_POINT('',(0.0186853992721045,0.00573010918432884,0.0414));
#5308=CARTESIAN_POINT('',(0.0186853992721045,0.00573010918432884,0.042));
#5309=CARTESIAN_POINT('',(0.0185192678227361,0.00531563690858489,0.042));
#5310=CARTESIAN_POINT('',(0.0185192678227361,0.00531563690858489,0.0414));
#5311=CARTESIAN_POINT('',(0.0185192678227361,0.00531563690858489,0.042));
#5312=CARTESIAN_POINT('',(0.0185192678227361,0.00531563690858489,0.0414));
#5313=CARTESIAN_POINT('',(0.0186357311068294,0.00544280453864269,0.0414));
#5314=CARTESIAN_POINT('',(0.0186853992721045,0.00573010918432884,0.0414));
#5315=CARTESIAN_POINT('',(0.0185192678227361,0.00531563690858489,0.042));
#5316=CARTESIAN_POINT('',(0.0186357311068294,0.00544280453864269,0.042));
#5317=CARTESIAN_POINT('',(0.0186853992721045,0.00573010918432884,0.042));
#5318=CARTESIAN_POINT('',(0.0181758724041961,0.00518846927852708,0.0414));
#5319=CARTESIAN_POINT('',(0.0181758724041961,0.00518846927852708,0.042));
#5320=CARTESIAN_POINT('',(0.0183271604938272,0.00518846927852708,0.0414));
#5321=CARTESIAN_POINT('',(0.0183271604938272,0.00518846927852708,0.042));
#5322=CARTESIAN_POINT('',(0.0184416256333405,0.00523085848854635,0.0414));
#5323=CARTESIAN_POINT('',(0.0184416256333405,0.00523085848854635,0.042));
#5324=CARTESIAN_POINT('',(0.0185192678227361,0.00531563690858489,0.0414));
#5325=CARTESIAN_POINT('',(0.0185192678227361,0.00531563690858489,0.042));
#5326=CARTESIAN_POINT('',(0.0181758724041961,0.00518846927852708,0.042));
#5327=CARTESIAN_POINT('',(0.0181758724041961,0.00518846927852708,0.0414));
#5328=CARTESIAN_POINT('',(0.0181758724041961,0.00518846927852708,0.042));
#5329=CARTESIAN_POINT('',(0.0181758724041961,0.00518846927852708,0.0414));
#5330=CARTESIAN_POINT('',(0.0184028045386427,0.00518846927852708,0.0414));
#5331=CARTESIAN_POINT('',(0.0185192678227361,0.00531563690858489,0.0414));
#5332=CARTESIAN_POINT('',(0.0181758724041961,0.00518846927852708,0.042));
#5333=CARTESIAN_POINT('',(0.0184028045386427,0.00518846927852708,0.042));
#5334=CARTESIAN_POINT('',(0.0185192678227361,0.00531563690858489,0.042));
#5335=CARTESIAN_POINT('',(0.0178491757653607,0.00531392421323057,0.0414));
#5336=CARTESIAN_POINT('',(0.0178491757653607,0.00531392421323057,0.042));
#5337=CARTESIAN_POINT('',(0.0179242489117248,0.00523028759009491,0.0414));
#5338=CARTESIAN_POINT('',(0.0179242489117248,0.00523028759009491,0.042));
#5339=CARTESIAN_POINT('',(0.0180331477913366,0.00518846927852708,0.0414));
#5340=CARTESIAN_POINT('',(0.0180331477913366,0.00518846927852708,0.042));
#5341=CARTESIAN_POINT('',(0.0181758724041961,0.00518846927852708,0.0414));
#5342=CARTESIAN_POINT('',(0.0181758724041961,0.00518846927852708,0.042));
#5343=CARTESIAN_POINT('',(0.0178491757653607,0.00531392421323057,0.042));
#5344=CARTESIAN_POINT('',(0.0178491757653607,0.00531392421323057,0.0414));
#5345=CARTESIAN_POINT('',(0.0178491757653607,0.00531392421323057,0.042));
#5346=CARTESIAN_POINT('',(0.0178491757653607,0.00531392421323057,0.0414));
#5347=CARTESIAN_POINT('',(0.0179617854849069,0.00518846927852708,0.0414));
#5348=CARTESIAN_POINT('',(0.0181758724041961,0.00518846927852708,0.0414));
#5349=CARTESIAN_POINT('',(0.0178491757653607,0.00531392421323057,0.042));
#5350=CARTESIAN_POINT('',(0.0179617854849069,0.00518846927852708,0.042));
#5351=CARTESIAN_POINT('',(0.0181758724041961,0.00518846927852708,0.042));
#5352=CARTESIAN_POINT('',(0.0176856133590238,0.00572839648897452,0.0414));
#5353=CARTESIAN_POINT('',(0.0176856133590238,0.00572839648897452,0.042));
#5354=CARTESIAN_POINT('',(0.0177195818168843,0.00553571826161421,0.0414));
#5355=CARTESIAN_POINT('',(0.0177195818168843,0.00553571826161421,0.042));
#5356=CARTESIAN_POINT('',(0.0177741026189966,0.00539756083636623,0.0414));
#5357=CARTESIAN_POINT('',(0.0177741026189966,0.00539756083636623,0.042));
#5358=CARTESIAN_POINT('',(0.0178491757653607,0.00531392421323057,0.0414));
#5359=CARTESIAN_POINT('',(0.0178491757653607,0.00531392421323057,0.042));
#5360=CARTESIAN_POINT('',(0.0176856133590238,0.00572839648897452,0.042));
#5361=CARTESIAN_POINT('',(0.0176856133590238,0.00572839648897453,0.0414));
#5362=CARTESIAN_POINT('',(0.0176856133590238,0.00572839648897452,0.042));
#5363=CARTESIAN_POINT('',(0.0176856133590238,0.00572839648897452,0.0414));
#5364=CARTESIAN_POINT('',(0.0177365660458146,0.00543937914793406,0.0414));
#5365=CARTESIAN_POINT('',(0.0178491757653607,0.00531392421323057,0.0414));
#5366=CARTESIAN_POINT('',(0.0176856133590238,0.00572839648897452,0.042));
#5367=CARTESIAN_POINT('',(0.0177365660458146,0.00543937914793406,0.042));
#5368=CARTESIAN_POINT('',(0.0178491757653607,0.00531392421323057,0.042));
#5369=CARTESIAN_POINT('',(0.0176346606722329,0.00653978591308071,0.0414));
#5370=CARTESIAN_POINT('',(0.0176346606722329,0.00653978591308071,0.042));
#5371=CARTESIAN_POINT('',(0.0176346606722329,0.00619153785770356,0.0414));
#5372=CARTESIAN_POINT('',(0.0176346606722329,0.00619153785770356,0.042));
#5373=CARTESIAN_POINT('',(0.0176516449011632,0.00592107471633483,0.0414));
#5374=CARTESIAN_POINT('',(0.0176516449011632,0.00592107471633483,0.042));
#5375=CARTESIAN_POINT('',(0.0176856133590238,0.00572839648897452,0.0414));
#5376=CARTESIAN_POINT('',(0.0176856133590238,0.00572839648897452,0.042));
#5377=CARTESIAN_POINT('',(0.0176346606722329,0.00653978591308071,0.042));
#5378=CARTESIAN_POINT('',(0.0176346606722329,0.00653978591308071,0.0414));
#5379=CARTESIAN_POINT('',(0.0176346606722329,0.00653978591308071,0.042));
#5380=CARTESIAN_POINT('',(0.0176346606722329,0.00653978591308071,0.0414));
#5381=CARTESIAN_POINT('',(0.0176346606722329,0.00601741383001499,0.0414));
#5382=CARTESIAN_POINT('',(0.0176856133590238,0.00572839648897452,0.0414));
#5383=CARTESIAN_POINT('',(0.0176346606722329,0.00653978591308071,0.042));
#5384=CARTESIAN_POINT('',(0.0176346606722329,0.00601741383001499,0.042));
#5385=CARTESIAN_POINT('',(0.0176856133590238,0.00572839648897452,0.042));
#5386=CARTESIAN_POINT('',(0.0176868978805395,0.00733147934061229,0.0414));
#5387=CARTESIAN_POINT('',(0.0176868978805395,0.00733147934061229,0.042));
#5388=CARTESIAN_POINT('',(0.0176520730750018,0.00713708841789767,0.0414));
#5389=CARTESIAN_POINT('',(0.0176520730750018,0.00713708841789767,0.042));
#5390=CARTESIAN_POINT('',(0.0176346606722329,0.00687319060872048,0.0414));
#5391=CARTESIAN_POINT('',(0.0176346606722329,0.00687319060872048,0.042));
#5392=CARTESIAN_POINT('',(0.0176346606722329,0.00653978591308071,0.0414));
#5393=CARTESIAN_POINT('',(0.0176346606722329,0.00653978591308071,0.042));
#5394=CARTESIAN_POINT('',(0.0176868978805395,0.00733147934061229,0.042));
#5395=CARTESIAN_POINT('',(0.0176868978805395,0.00733147934061229,0.0414));
#5396=CARTESIAN_POINT('',(0.0176868978805395,0.00733147934061229,0.042));
#5397=CARTESIAN_POINT('',(0.0176868978805395,0.00733147934061229,0.0414));
#5398=CARTESIAN_POINT('',(0.0176346606722329,0.00703989295654036,0.0414));
#5399=CARTESIAN_POINT('',(0.0176346606722329,0.00653978591308071,0.0414));
#5400=CARTESIAN_POINT('',(0.0176868978805395,0.00733147934061229,0.042));
#5401=CARTESIAN_POINT('',(0.0176346606722329,0.00703989295654036,0.042));
#5402=CARTESIAN_POINT('',(0.0176346606722329,0.00653978591308071,0.042));
#5403=CARTESIAN_POINT('',(0.0178555983729394,0.00775579961464355,0.0414));
#5404=CARTESIAN_POINT('',(0.0178555983729394,0.00775579961464355,0.042));
#5405=CARTESIAN_POINT('',(0.0177779561835439,0.00766731035467066,0.0414));
#5406=CARTESIAN_POINT('',(0.0177779561835439,0.00766731035467066,0.042));
#5407=CARTESIAN_POINT('',(0.0177217226860772,0.00752587026332691,0.0414));
#5408=CARTESIAN_POINT('',(0.0177217226860772,0.00752587026332691,0.042));
#5409=CARTESIAN_POINT('',(0.0176868978805395,0.00733147934061229,0.0414));
#5410=CARTESIAN_POINT('',(0.0176868978805395,0.00733147934061229,0.042));
#5411=CARTESIAN_POINT('',(0.0178555983729394,0.00775579961464355,0.0414));
#5412=CARTESIAN_POINT('',(0.0177391350888461,0.00762306572468422,0.0414));
#5413=CARTESIAN_POINT('',(0.0176868978805395,0.00733147934061229,0.0414));
#5414=CARTESIAN_POINT('',(0.0178555983729394,0.00775579961464355,0.042));
#5415=CARTESIAN_POINT('',(0.0177391350888461,0.00762306572468422,0.042));
#5416=CARTESIAN_POINT('',(0.0176868978805395,0.00733147934061229,0.042));
#5417=CARTESIAN_POINT('',(0.018169877970456,0.00459930207664312,0.0414));
#5418=CARTESIAN_POINT('',(0.018169877970456,0.00459930207664312,0.042));
#5419=CARTESIAN_POINT('',(0.017724006279883,0.00459930207664312,0.0414));
#5420=CARTESIAN_POINT('',(0.017724006279883,0.00459930207664312,0.042));
#5421=CARTESIAN_POINT('',(0.0173975950902733,0.0047607236137872,0.0414));
#5422=CARTESIAN_POINT('',(0.0173975950902733,0.0047607236137872,0.042));
#5423=CARTESIAN_POINT('',(0.017190644401627,0.00508356668807536,0.0414));
#5424=CARTESIAN_POINT('',(0.017190644401627,0.00508356668807536,0.042));
#5425=CARTESIAN_POINT('',(0.018169877970456,0.00459930207664312,0.0414));
#5426=CARTESIAN_POINT('',(0.0175010704345965,0.00459930207664312,0.0414));
#5427=CARTESIAN_POINT('',(0.017190644401627,0.00508356668807536,0.0414));
#5428=CARTESIAN_POINT('',(0.0181017983301221,0.0064802697495183,0.0414));
#5429=CARTESIAN_POINT('',(0.025,0.,0.042));
#5430=CARTESIAN_POINT('',(0.0205158424320274,0.00786712481267395,0.042));
#5431=CARTESIAN_POINT('',(0.0209478698351531,0.00786712481267395,0.042));
#5432=CARTESIAN_POINT('',(0.0209478698351531,0.00786712481267394,0.0414));
#5433=CARTESIAN_POINT('',(0.0213413615928067,0.00786712481267394,0.0414));
#5434=CARTESIAN_POINT('',(0.0200838150289018,0.00786712481267394,0.0414));
#5435=CARTESIAN_POINT('',(0.0200838150289018,0.00786712481267395,0.042));
#5436=CARTESIAN_POINT('',(0.0209478698351531,0.00626147291800471,0.042));
#5437=CARTESIAN_POINT('',(0.0209478698351531,0.00465582102333548,0.042));
#5438=CARTESIAN_POINT('',(0.0209478698351531,0.00465582102333548,0.0414));
#5439=CARTESIAN_POINT('',(0.0209478698351531,0.00645329479768786,0.0414));
#5440=CARTESIAN_POINT('',(0.0213036822950118,0.00465582102333548,0.042));
#5441=CARTESIAN_POINT('',(0.0216594947548705,0.00465582102333548,0.042));
#5442=CARTESIAN_POINT('',(0.0216594947548705,0.00465582102333548,0.0414));
#5443=CARTESIAN_POINT('',(0.0213413615928067,0.00465582102333548,0.0414));
#5444=CARTESIAN_POINT('',(0.0221317704988226,0.00496196531791908,0.042));
#5445=CARTESIAN_POINT('',(0.0226040462427745,0.00526810961250268,0.042));
#5446=CARTESIAN_POINT('',(0.0226040462427745,0.00526810961250268,0.0414));
#5447=CARTESIAN_POINT('',(0.0221317704988226,0.00496196531791908,0.0414));
#5448=CARTESIAN_POINT('',(0.0226040462427745,0.00556397773496039,0.042));
#5449=CARTESIAN_POINT('',(0.0226040462427745,0.00585984585741811,0.042));
#5450=CARTESIAN_POINT('',(0.0226040462427745,0.00585984585741811,0.0414));
#5451=CARTESIAN_POINT('',(0.0226040462427745,0.00645329479768786,0.0414));
#5452=CARTESIAN_POINT('',(0.0221518946692357,0.00557767929779491,0.042));
#5453=CARTESIAN_POINT('',(0.0216997430956969,0.0052955127381717,0.042));
#5454=CARTESIAN_POINT('',(0.0216997430956969,0.0052955127381717,0.0414));
#5455=CARTESIAN_POINT('',(0.0221518946692357,0.00557767929779491,0.0414));
#5456=CARTESIAN_POINT('',(0.0216997430956969,0.00658131877542282,0.042));
#5457=CARTESIAN_POINT('',(0.0216997430956969,0.00786712481267395,0.042));
#5458=CARTESIAN_POINT('',(0.0216997430956969,0.00786712481267394,0.0414));
#5459=CARTESIAN_POINT('',(0.0216997430956969,0.00645329479768786,0.0414));
#5460=CARTESIAN_POINT('',(0.022166880753586,0.00786712481267395,0.042));
#5461=CARTESIAN_POINT('',(0.0226340184114751,0.00786712481267395,0.042));
#5462=CARTESIAN_POINT('',(0.0226340184114751,0.00786712481267394,0.0414));
#5463=CARTESIAN_POINT('',(0.0213413615928067,0.00786712481267394,0.0414));
#5464=CARTESIAN_POINT('',(0.0226340184114751,0.00814672232926568,0.042));
#5465=CARTESIAN_POINT('',(0.0226340184114751,0.00842631984585742,0.042));
#5466=CARTESIAN_POINT('',(0.0226340184114751,0.00842631984585742,0.0414));
#5467=CARTESIAN_POINT('',(0.0226340184114751,0.00645329479768786,0.0414));
#5468=CARTESIAN_POINT('',(0.0213589167201884,0.00842631984585742,0.042));
#5469=CARTESIAN_POINT('',(0.0200838150289018,0.00842631984585742,0.042));
#5470=CARTESIAN_POINT('',(0.0200838150289018,0.00842631984585742,0.0414));
#5471=CARTESIAN_POINT('',(0.0213413615928067,0.00842631984585742,0.0414));
#5472=CARTESIAN_POINT('',(0.0200838150289018,0.00814672232926568,0.042));
#5473=CARTESIAN_POINT('',(0.0200838150289018,0.00645329479768786,0.0414));
#5474=CARTESIAN_POINT('',(0.0213413615928067,0.00645329479768786,0.0414));
#5475=CARTESIAN_POINT('',(0.025,1.53080849893419E-19,0.));
#5476=CARTESIAN_POINT('',(0.03175,-0.00675,0.002));
#5477=CARTESIAN_POINT('',(0.0341885062354662,-0.00387097505813543,0.00137701247093229));
#5478=CARTESIAN_POINT('',(0.028867295401695,-0.00917962275898296,0.00135924551796592));
#5479=CARTESIAN_POINT('',(0.025,-0.0095,0.002));
#5480=CARTESIAN_POINT('',(0.0211327045983049,-0.00917962275898296,0.00135924551796592));
#5481=CARTESIAN_POINT('',(0.0345,0.00275,0.002));
#5482=CARTESIAN_POINT('',(0.033375,0.008375,-0.00025));
#5483=CARTESIAN_POINT('',(0.0189571067811866,-0.00604289321881345,0.));
#5484=CARTESIAN_POINT('',(0.0167783176149576,-0.00347050350686413,-0.000556635229915244));
#5485=CARTESIAN_POINT('',(0.025,0.0095,0.002));
#5486=CARTESIAN_POINT('',(0.0170833333333333,0.00791666666666667,-0.00116666666666666));
#5487=CARTESIAN_POINT('',(0.0165,0.,0.));
#5488=CARTESIAN_POINT('',(0.,0.,0.));
#5489=CARTESIAN_POINT('',(0.,0.,0.042));
#5490=CARTESIAN_POINT('',(0.,1.83697019872103E-19,0.042));
#5491=CARTESIAN_POINT('',(0.0045,1.83697019872103E-19,0.042));
#5492=CARTESIAN_POINT('',(-0.00675,-0.00675,0.042));
#5493=CARTESIAN_POINT('',(-0.004,-0.0095,0.042));
#5494=CARTESIAN_POINT('',(-0.0095,-0.004,0.042));
#5495=CARTESIAN_POINT('',(0.,-0.0095,0.042));
#5496=CARTESIAN_POINT('',(0.004,-0.0095,0.042));
#5497=CARTESIAN_POINT('',(0.00675,-0.00675,0.042));
#5498=CARTESIAN_POINT('',(0.0095,-0.004,0.042));
#5499=CARTESIAN_POINT('',(0.0095,0.00275,0.042));
#5500=CARTESIAN_POINT('',(0.0095,0.0095,0.042));
#5501=CARTESIAN_POINT('',(0.,0.0095,0.042));
#5502=CARTESIAN_POINT('',(-0.0095,0.0095,0.042));
#5503=CARTESIAN_POINT('',(-0.0095,0.00275,0.042));
#5504=CARTESIAN_POINT('',(0.00688169067445338,0.00681985339762802,0.042));
#5505=CARTESIAN_POINT('',(0.00756315564119032,0.00641390280453864,0.042));
#5506=CARTESIAN_POINT('',(0.00722924978563124,0.00610632794672382,0.04199999975));
#5507=CARTESIAN_POINT('',(0.00676503516106379,0.00706988203991332,0.042));
#5508=CARTESIAN_POINT('',(0.0067444872618283,0.00599943052879469,0.042));
#5509=CARTESIAN_POINT('',(0.0067444872618283,0.00599943052879469,0.042));
#5510=CARTESIAN_POINT('',(0.00623838578462856,0.00599943052879469,0.042));
#5511=CARTESIAN_POINT('',(0.00594423035752515,0.00632056090772854,0.042));
#5512=CARTESIAN_POINT('',(0.00594423035752515,0.00632056090772854,0.042));
#5513=CARTESIAN_POINT('',(0.00594423035752515,0.00632056090772854,0.042));
#5514=CARTESIAN_POINT('',(0.00565007493042175,0.00664169128666239,0.042));
#5515=CARTESIAN_POINT('',(0.00565007493042175,0.00719232284307429,0.042));
#5516=CARTESIAN_POINT('',(0.00565007493042175,0.00719232284307429,0.042));
#5517=CARTESIAN_POINT('',(0.00565007493042175,0.00719232284307429,0.042));
#5518=CARTESIAN_POINT('',(0.00565007493042175,0.00779433526011561,0.042));
#5519=CARTESIAN_POINT('',(0.005987047741383,0.00813730250481696,0.042));
#5520=CARTESIAN_POINT('',(0.005987047741383,0.00813730250481696,0.042));
#5521=CARTESIAN_POINT('',(0.005987047741383,0.00813730250481696,0.042));
#5522=CARTESIAN_POINT('',(0.00632402055234425,0.0084802697495183,0.042));
#5523=CARTESIAN_POINT('',(0.00691832584029116,0.0084802697495183,0.042));
#5524=CARTESIAN_POINT('',(0.00691832584029116,0.0084802697495183,0.042));
#5525=CARTESIAN_POINT('',(0.00691832584029116,0.0084802697495183,0.042));
#5526=CARTESIAN_POINT('',(0.00758456433311924,0.0084802697495183,0.042));
#5527=CARTESIAN_POINT('',(0.00794208948833226,0.0080131320916292,0.042));
#5528=CARTESIAN_POINT('',(0.00794208948833226,0.0080131320916292,0.042));
#5529=CARTESIAN_POINT('',(0.00794208948833226,0.0080131320916292,0.042));
#5530=CARTESIAN_POINT('',(0.00829961464354528,0.0075459944337401,0.042));
#5531=CARTESIAN_POINT('',(0.00829961464354528,0.00662798972382787,0.042));
#5532=CARTESIAN_POINT('',(0.00829961464354528,0.00662798972382787,0.042));
#5533=CARTESIAN_POINT('',(0.00829961464354528,0.00662798972382787,0.042));
#5534=CARTESIAN_POINT('',(0.00829961464354528,0.00561921216013702,0.042));
#5535=CARTESIAN_POINT('',(0.00793695140226932,0.00510925711839007,0.042));
#5536=CARTESIAN_POINT('',(0.00793695140226932,0.00510925711839007,0.042));
#5537=CARTESIAN_POINT('',(0.00793695140226932,0.00510925711839007,0.042));
#5538=CARTESIAN_POINT('',(0.00757428816099336,0.00459930207664312,0.042));
#5539=CARTESIAN_POINT('',(0.00689948619139371,0.00459930207664312,0.042));
#5540=CARTESIAN_POINT('',(0.00689948619139371,0.00459930207664312,0.042));
#5541=CARTESIAN_POINT('',(0.00689948619139371,0.00459930207664312,0.042));
#5542=CARTESIAN_POINT('',(0.00642078783986298,0.00459930207664312,0.042));
#5543=CARTESIAN_POINT('',(0.00614375936630272,0.00481081995290088,0.042));
#5544=CARTESIAN_POINT('',(0.00614375936630272,0.00481081995290088,0.042));
#5545=CARTESIAN_POINT('',(0.00614375936630272,0.00481081995290088,0.042));
#5546=CARTESIAN_POINT('',(0.00586673089274245,0.00502233782915864,0.042));
#5547=CARTESIAN_POINT('',(0.00575198030400342,0.00546678227360308,0.042));
#5548=CARTESIAN_POINT('',(0.00575198030400342,0.00546678227360308,0.042));
#5549=CARTESIAN_POINT('',(-0.000636049433496192,0.00457955592117258,0.042));
#5550=CARTESIAN_POINT('',(0.00646103618068936,0.00556526225647613,0.042));
#5551=CARTESIAN_POINT('',(0.00646103618068936,0.00556526225647613,0.042));
#5552=CARTESIAN_POINT('',(0.00656208520659388,0.00519360736459002,0.042));
#5553=CARTESIAN_POINT('',(0.00691575679725969,0.00519360736459002,0.042));
#5554=CARTESIAN_POINT('',(0.00691575679725969,0.00519360736459002,0.042));
#5555=CARTESIAN_POINT('',(0.00691575679725969,0.00519360736459002,0.042));
#5556=CARTESIAN_POINT('',(0.00721804752729608,0.00519360736459002,0.042));
#5557=CARTESIAN_POINT('',(0.0073906015842432,0.00549589809462642,0.042));
#5558=CARTESIAN_POINT('',(0.0073906015842432,0.00549589809462642,0.042));
#5559=CARTESIAN_POINT('',(0.0073906015842432,0.00549589809462642,0.042));
#5560=CARTESIAN_POINT('',(0.00756315564119032,0.00579818882466281,0.042));
#5561=CARTESIAN_POINT('',(0.00756315564119032,0.00641390280453864,0.042));
#5562=CARTESIAN_POINT('',(-0.00546510383215585,0.00586241490044958,0.042));
#5563=CARTESIAN_POINT('',(-0.00546510383215585,0.00526810961250268,0.042));
#5564=CARTESIAN_POINT('',(-0.00580892742453436,0.0049337058445729,0.042));
#5565=CARTESIAN_POINT('',(-0.00546510383215585,0.00586241490044958,0.042));
#5566=CARTESIAN_POINT('',(-0.00580892742453436,0.0049337058445729,0.042));
#5567=CARTESIAN_POINT('',(-0.00580892742453436,0.0049337058445729,0.042));
#5568=CARTESIAN_POINT('',(-0.00615275101691286,0.00459930207664312,0.042));
#5569=CARTESIAN_POINT('',(-0.00678131021194605,0.00459930207664312,0.042));
#5570=CARTESIAN_POINT('',(-0.00678131021194605,0.00459930207664312,0.042));
#5571=CARTESIAN_POINT('',(-0.00678131021194605,0.00459930207664312,0.042));
#5572=CARTESIAN_POINT('',(-0.00745868122457718,0.00459930207664312,0.042));
#5573=CARTESIAN_POINT('',(-0.00778923142795975,0.00506900877756369,0.042));
#5574=CARTESIAN_POINT('',(-0.00778923142795975,0.00506900877756369,0.042));
#5575=CARTESIAN_POINT('',(-0.00778923142795975,0.00506900877756369,0.042));
#5576=CARTESIAN_POINT('',(-0.00811978163134232,0.00553871547848426,0.042));
#5577=CARTESIAN_POINT('',(-0.00811978163134232,0.00648069792335688,0.042));
#5578=CARTESIAN_POINT('',(-0.00811978163134232,0.00648069792335688,0.042));
#5579=CARTESIAN_POINT('',(-0.00811978163134232,0.00648069792335688,0.042));
#5580=CARTESIAN_POINT('',(-0.00811978163134232,0.0074843374009848,0.042));
#5581=CARTESIAN_POINT('',(-0.00775326482551916,0.00798230357525155,0.042));
#5582=CARTESIAN_POINT('',(-0.00775326482551916,0.00798230357525155,0.042));
#5583=CARTESIAN_POINT('',(-0.00775326482551916,0.00798230357525155,0.042));
#5584=CARTESIAN_POINT('',(-0.007386748019696,0.0084802697495183,0.042));
#5585=CARTESIAN_POINT('',(-0.00671194605009634,0.0084802697495183,0.042));
#5586=CARTESIAN_POINT('',(-0.00671194605009634,0.0084802697495183,0.042));
#5587=CARTESIAN_POINT('',(-0.00671194605009634,0.0084802697495183,0.042));
#5588=CARTESIAN_POINT('',(-0.00621440804966816,0.0084802697495183,0.042));
#5589=CARTESIAN_POINT('',(-0.00593224149004496,0.00826746735174481,0.042));
#5590=CARTESIAN_POINT('',(-0.00593224149004496,0.00826746735174481,0.042));
#5591=CARTESIAN_POINT('',(-0.00593224149004496,0.00826746735174481,0.042));
#5592=CARTESIAN_POINT('',(-0.00565007493042175,0.00805466495397131,0.042));
#5593=CARTESIAN_POINT('',(-0.00553189895097409,0.00759394990366089,0.042));
#5594=CARTESIAN_POINT('',(-0.00553189895097409,0.00759394990366089,0.042));
#5595=CARTESIAN_POINT('',(-0.0011543007776681,0.00820946673772573,0.042));
#5596=CARTESIAN_POINT('',(-0.00623838578462856,0.00749461357311068,0.042));
#5597=CARTESIAN_POINT('',(-0.00623838578462856,0.00749461357311068,0.042));
#5598=CARTESIAN_POINT('',(-0.0063428602012417,0.00788853350460287,0.042));
#5599=CARTESIAN_POINT('',(-0.00672050952686791,0.00788853350460287,0.042));
#5600=CARTESIAN_POINT('',(-0.00672050952686791,0.00788853350460287,0.042));
#5601=CARTESIAN_POINT('',(-0.00672050952686791,0.00788853350460287,0.042));
#5602=CARTESIAN_POINT('',(-0.00703564547206166,0.00788853350460287,0.042));
#5603=CARTESIAN_POINT('',(-0.00720563048597731,0.00758624277456647,0.042));
#5604=CARTESIAN_POINT('',(-0.00720563048597731,0.00758624277456647,0.042));
#5605=CARTESIAN_POINT('',(-0.00720563048597731,0.00758624277456647,0.042));
#5606=CARTESIAN_POINT('',(-0.00737561549989295,0.00728395204453008,0.042));
#5607=CARTESIAN_POINT('',(-0.0073807535859559,0.00668964675658317,0.042));
#5608=CARTESIAN_POINT('',(-0.0073807535859559,0.00668964675658317,0.042));
#5609=CARTESIAN_POINT('',(-0.0073807535859559,0.00668964675658317,0.042));
#5610=CARTESIAN_POINT('',(-0.00727970456005138,0.00689003211303789,0.042));
#5611=CARTESIAN_POINT('',(-0.00704806251338043,0.00700392635409976,0.042));
#5612=CARTESIAN_POINT('',(-0.00704806251338043,0.00700392635409976,0.042));
#5613=CARTESIAN_POINT('',(-0.00655795044013731,0.00600313670468364,0.042));
#5614=CARTESIAN_POINT('',(-0.00654923999143652,0.00711782059516164,0.042));
#5615=CARTESIAN_POINT('',(-0.00654923999143652,0.00711782059516164,0.042));
#5616=CARTESIAN_POINT('',(-0.00605084564333119,0.00711782059516164,0.042));
#5617=CARTESIAN_POINT('',(-0.00575797473774352,0.00677913508884607,0.042));
#5618=CARTESIAN_POINT('',(-0.00575797473774352,0.00677913508884607,0.042));
#5619=CARTESIAN_POINT('',(-0.00575797473774352,0.00677913508884607,0.042));
#5620=CARTESIAN_POINT('',(-0.00546510383215585,0.00644044958253051,0.042));
#5621=CARTESIAN_POINT('',(-0.00546510383215585,0.00586241490044958,0.042));
#5622=CARTESIAN_POINT('',(-0.00675,-0.00675,0.042));
#5623=CARTESIAN_POINT('',(-0.0095,-0.004,0.042));
#5624=CARTESIAN_POINT('',(-0.0095,-0.004,0.002));
#5625=CARTESIAN_POINT('',(-0.004,-0.0095,0.002));
#5626=CARTESIAN_POINT('',(-0.004,-0.0095,0.002));
#5627=CARTESIAN_POINT('',(-0.004,-0.0095,0.042));
#5628=CARTESIAN_POINT('',(0.,-0.0095,0.042));
#5629=CARTESIAN_POINT('',(0.,-0.0095,0.002));
#5630=CARTESIAN_POINT('',(0.004,-0.0095,0.002));
#5631=CARTESIAN_POINT('',(0.004,-0.0095,0.042));
#5632=CARTESIAN_POINT('',(0.00675,-0.00675,0.042));
#5633=CARTESIAN_POINT('',(0.00675,-0.00675,0.002));
#5634=CARTESIAN_POINT('',(0.0095,-0.004,0.002));
#5635=CARTESIAN_POINT('',(0.0095,-0.004,0.042));
#5636=CARTESIAN_POINT('',(0.0095,0.00275,0.042));
#5637=CARTESIAN_POINT('',(0.0095,0.00275,0.002));
#5638=CARTESIAN_POINT('',(0.0095,0.0095,0.002));
#5639=CARTESIAN_POINT('',(0.0095,0.0095,0.042));
#5640=CARTESIAN_POINT('',(0.,0.0095,0.042));
#5641=CARTESIAN_POINT('',(0.,0.0095,0.002));
#5642=CARTESIAN_POINT('',(-0.0095,0.0095,0.002));
#5643=CARTESIAN_POINT('',(-0.0095,0.0095,0.042));
#5644=CARTESIAN_POINT('',(-0.0095,0.00275,0.042));
#5645=CARTESIAN_POINT('',(-0.0095,-0.004,0.002));
#5646=CARTESIAN_POINT('',(0.,0.,0.));
#5647=CARTESIAN_POINT('',(0.,1.83697019872103E-19,0.));
#5648=CARTESIAN_POINT('',(0.00407206612329442,1.83697019872103E-19,0.));
#5649=CARTESIAN_POINT('',(-0.00879289321881345,-0.00329289321881346,0.));
#5650=CARTESIAN_POINT('',(-0.00358578643762691,-0.0085,0.));
#5651=CARTESIAN_POINT('',(-0.0085,-0.00358578643762691,0.));
#5652=CARTESIAN_POINT('',(-0.0085,0.0095,0.));
#5653=CARTESIAN_POINT('',(-0.0085,0.0085,0.));
#5654=CARTESIAN_POINT('',(-7.76060502410677E-19,0.0085,0.));
#5655=CARTESIAN_POINT('',(0.0085,0.0085,0.));
#5656=CARTESIAN_POINT('',(0.0085,0.,0.));
#5657=CARTESIAN_POINT('',(0.0085,-0.00358578643762691,0.));
#5658=CARTESIAN_POINT('',(0.00604289321881345,-0.00604289321881345,0.));
#5659=CARTESIAN_POINT('',(0.00358578643762691,-0.0085,0.));
#5660=CARTESIAN_POINT('',(0.,-0.0085,0.));
#5661=CARTESIAN_POINT('',(0.,1.83697019872103E-19,6.93889390390723E-18));
#5662=CARTESIAN_POINT('',(0.,1.83697019872103E-19,0.00203569153051242));
#5663=CARTESIAN_POINT('',(0.00307270326894687,1.83697019872103E-19,0.00203569153051242));
#5664=CARTESIAN_POINT('',(0.00676503516106379,0.00706988203991332,0.042));
#5665=CARTESIAN_POINT('',(0.0072294329649568,0.00610594901637178,0.04199999975));
#5666=CARTESIAN_POINT('',(0.0072294329649568,0.00610594901637178,0.0417999998333333));
#5667=CARTESIAN_POINT('',(0.0072294329649568,0.00610594901637178,0.0415999999166667));
#5668=CARTESIAN_POINT('',(0.0072294329649568,0.00610594901637178,0.0414));
#5669=CARTESIAN_POINT('',(0.0072292497856315,0.00610632794672328,0.0414));
#5670=CARTESIAN_POINT('',(0.00676503516106379,0.00706988203991332,0.0414));
#5671=CARTESIAN_POINT('',(0.0067444872618283,0.00599943052879469,0.0414));
#5672=CARTESIAN_POINT('',(0.0067445003199263,0.00600011079593915,0.0414));
#5673=CARTESIAN_POINT('',(0.0067445003199263,0.00600011079593915,0.0416));
#5674=CARTESIAN_POINT('',(0.0067445003199263,0.00600011079593915,0.0418));
#5675=CARTESIAN_POINT('',(0.0067445003199263,0.00600011079593915,0.042));
#5676=CARTESIAN_POINT('',(0.00688169067445338,0.00681985339762802,0.042));
#5677=CARTESIAN_POINT('',(0.00756318684022586,0.00641388421918561,0.042));
#5678=CARTESIAN_POINT('',(0.00756318684022586,0.00641388421918561,0.0418));
#5679=CARTESIAN_POINT('',(0.00756318684022586,0.00641388421918561,0.0416));
#5680=CARTESIAN_POINT('',(0.00756318684022586,0.00641388421918561,0.0414));
#5681=CARTESIAN_POINT('',(0.00756315564119032,0.00641390280453864,0.0414));
#5682=CARTESIAN_POINT('',(0.00688169067445338,0.00681985339762802,0.0414));
#5683=CARTESIAN_POINT('',(0.0073906015842432,0.00549589809462642,0.0414));
#5684=CARTESIAN_POINT('',(0.0073906015842432,0.00549589809462642,0.042));
#5685=CARTESIAN_POINT('',(0.00750563762220795,0.00569742524798401,0.0414));
#5686=CARTESIAN_POINT('',(0.00750563762220795,0.00569742524798401,0.042));
#5687=CARTESIAN_POINT('',(0.00756315564119032,0.00600342681795475,0.0414));
#5688=CARTESIAN_POINT('',(0.00756315564119032,0.00600342681795475,0.042));
#5689=CARTESIAN_POINT('',(0.00756315564119032,0.00641390280453864,0.0414));
#5690=CARTESIAN_POINT('',(0.00756315564119032,0.00641390280453864,0.042));
#5691=CARTESIAN_POINT('',(0.0073906015842432,0.00549589809462642,0.042));
#5692=CARTESIAN_POINT('',(0.0073906015842432,0.00549589809462642,0.0414));
#5693=CARTESIAN_POINT('',(0.0073906015842432,0.00549589809462642,0.0414));
#5694=CARTESIAN_POINT('',(0.00756315564119032,0.00579818882466281,0.0414));
#5695=CARTESIAN_POINT('',(0.00756315564119032,0.00641390280453864,0.0414));
#5696=CARTESIAN_POINT('',(0.00691575679725969,0.00519360736459002,0.0414));
#5697=CARTESIAN_POINT('',(0.00691575679725969,0.00519360736459002,0.042));
#5698=CARTESIAN_POINT('',(0.00711728395061728,0.00519360736459002,0.0414));
#5699=CARTESIAN_POINT('',(0.00711728395061728,0.00519360736459002,0.042));
#5700=CARTESIAN_POINT('',(0.00727556554627845,0.00529437094126882,0.0414));
#5701=CARTESIAN_POINT('',(0.00727556554627845,0.00529437094126882,0.042));
#5702=CARTESIAN_POINT('',(0.0073906015842432,0.00549589809462642,0.0414));
#5703=CARTESIAN_POINT('',(0.0073906015842432,0.00549589809462642,0.042));
#5704=CARTESIAN_POINT('',(0.00691575679725969,0.00519360736459002,0.042));
#5705=CARTESIAN_POINT('',(0.00691575679725969,0.00519360736459002,0.0414));
#5706=CARTESIAN_POINT('',(0.00691575679725969,0.00519360736459002,0.0414));
#5707=CARTESIAN_POINT('',(0.00721804752729608,0.00519360736459002,0.0414));
#5708=CARTESIAN_POINT('',(0.0073906015842432,0.00549589809462642,0.0414));
#5709=CARTESIAN_POINT('',(0.00646103618068936,0.00556526225647613,0.0414));
#5710=CARTESIAN_POINT('',(0.00646103618068936,0.00556526225647613,0.042));
#5711=CARTESIAN_POINT('',(0.00652840219795904,0.00531749232855206,0.0414));
#5712=CARTESIAN_POINT('',(0.00652840219795904,0.00531749232855206,0.042));
#5713=CARTESIAN_POINT('',(0.00667997573681582,0.00519360736459002,0.0414));
#5714=CARTESIAN_POINT('',(0.00667997573681582,0.00519360736459002,0.042));
#5715=CARTESIAN_POINT('',(0.00691575679725969,0.00519360736459002,0.0414));
#5716=CARTESIAN_POINT('',(0.00691575679725969,0.00519360736459002,0.042));
#5717=CARTESIAN_POINT('',(0.00646103618068936,0.00556526225647613,0.042));
#5718=CARTESIAN_POINT('',(0.00646103618068936,0.00556526225647613,0.0414));
#5719=CARTESIAN_POINT('',(0.00646103618068936,0.00556526225647613,0.0414));
#5720=CARTESIAN_POINT('',(0.00656208520659388,0.00519360736459002,0.0414));
#5721=CARTESIAN_POINT('',(0.00691575679725969,0.00519360736459002,0.0414));
#5722=CARTESIAN_POINT('',(0.00614375936630272,0.00481081995290088,0.0414));
#5723=CARTESIAN_POINT('',(0.00614375936630272,0.00481081995290088,0.042));
#5724=CARTESIAN_POINT('',(0.00595907371726254,0.00495183187040605,0.0414));
#5725=CARTESIAN_POINT('',(0.00595907371726254,0.00495183187040605,0.042));
#5726=CARTESIAN_POINT('',(0.00582848069649611,0.00517048597730679,0.0414));
#5727=CARTESIAN_POINT('',(0.00582848069649611,0.00517048597730679,0.042));
#5728=CARTESIAN_POINT('',(0.00575198030400342,0.00546678227360308,0.0414));
#5729=CARTESIAN_POINT('',(0.00575198030400342,0.00546678227360308,0.042));
#5730=CARTESIAN_POINT('',(0.00614375936630272,0.00481081995290088,0.042));
#5731=CARTESIAN_POINT('',(0.00614375936630272,0.00481081995290088,0.0414));
#5732=CARTESIAN_POINT('',(0.00614375936630272,0.00481081995290088,0.0414));
#5733=CARTESIAN_POINT('',(0.00586673089274245,0.00502233782915864,0.0414));
#5734=CARTESIAN_POINT('',(0.00575198030400342,0.00546678227360308,0.0414));
#5735=CARTESIAN_POINT('',(0.00575198030400342,0.00546678227360308,0.0414));
#5736=CARTESIAN_POINT('',(0.00575198030400342,0.00546678227360308,0.042));
#5737=CARTESIAN_POINT('',(0.00689948619139371,0.00459930207664312,0.0414));
#5738=CARTESIAN_POINT('',(0.00689948619139371,0.00459930207664312,0.042));
#5739=CARTESIAN_POINT('',(0.00658035395703989,0.00459930207664312,0.0414));
#5740=CARTESIAN_POINT('',(0.00658035395703989,0.00459930207664312,0.042));
#5741=CARTESIAN_POINT('',(0.00632844501534289,0.00466980803539571,0.0414));
#5742=CARTESIAN_POINT('',(0.00632844501534289,0.00466980803539571,0.042));
#5743=CARTESIAN_POINT('',(0.00614375936630272,0.00481081995290088,0.0414));
#5744=CARTESIAN_POINT('',(0.00614375936630272,0.00481081995290088,0.042));
#5745=CARTESIAN_POINT('',(0.00689948619139371,0.00459930207664312,0.042));
#5746=CARTESIAN_POINT('',(0.00689948619139371,0.00459930207664312,0.0414));
#5747=CARTESIAN_POINT('',(0.00689948619139371,0.00459930207664312,0.0414));
#5748=CARTESIAN_POINT('',(0.00642078783986298,0.00459930207664312,0.0414));
#5749=CARTESIAN_POINT('',(0.00614375936630272,0.00481081995290088,0.0414));
#5750=CARTESIAN_POINT('',(0.00793695140226932,0.00510925711839007,0.0414));
#5751=CARTESIAN_POINT('',(0.00793695140226932,0.00510925711839007,0.042));
#5752=CARTESIAN_POINT('',(0.00769517590808535,0.00476928709055877,0.0414));
#5753=CARTESIAN_POINT('',(0.00769517590808535,0.00476928709055877,0.042));
#5754=CARTESIAN_POINT('',(0.00734935417112681,0.00459930207664312,0.0414));
#5755=CARTESIAN_POINT('',(0.00734935417112681,0.00459930207664312,0.042));
#5756=CARTESIAN_POINT('',(0.00689948619139371,0.00459930207664312,0.0414));
#5757=CARTESIAN_POINT('',(0.00689948619139371,0.00459930207664312,0.042));
#5758=CARTESIAN_POINT('',(0.00793695140226932,0.00510925711839007,0.042));
#5759=CARTESIAN_POINT('',(0.00793695140226932,0.00510925711839007,0.0414));
#5760=CARTESIAN_POINT('',(0.00793695140226932,0.00510925711839007,0.0414));
#5761=CARTESIAN_POINT('',(0.00757428816099336,0.00459930207664312,0.0414));
#5762=CARTESIAN_POINT('',(0.00689948619139371,0.00459930207664312,0.0414));
#5763=CARTESIAN_POINT('',(0.00829961464354528,0.00662798972382787,0.0414));
#5764=CARTESIAN_POINT('',(0.00829961464354528,0.00662798972382787,0.042));
#5765=CARTESIAN_POINT('',(0.00829961464354528,0.00595547134803397,0.0414));
#5766=CARTESIAN_POINT('',(0.00829961464354528,0.00595547134803397,0.042));
#5767=CARTESIAN_POINT('',(0.00817872689645329,0.00544922714622137,0.0414));
#5768=CARTESIAN_POINT('',(0.00817872689645329,0.00544922714622137,0.042));
#5769=CARTESIAN_POINT('',(0.00793695140226932,0.00510925711839007,0.0414));
#5770=CARTESIAN_POINT('',(0.00793695140226932,0.00510925711839007,0.042));
#5771=CARTESIAN_POINT('',(0.00829961464354528,0.00662798972382787,0.042));
#5772=CARTESIAN_POINT('',(0.00829961464354528,0.00662798972382787,0.0414));
#5773=CARTESIAN_POINT('',(0.00829961464354528,0.00662798972382787,0.0414));
#5774=CARTESIAN_POINT('',(0.00829961464354528,0.00561921216013702,0.0414));
#5775=CARTESIAN_POINT('',(0.00793695140226932,0.00510925711839007,0.0414));
#5776=CARTESIAN_POINT('',(0.00794208948833226,0.0080131320916292,0.0414));
#5777=CARTESIAN_POINT('',(0.00794208948833226,0.0080131320916292,0.042));
#5778=CARTESIAN_POINT('',(0.00818043959180761,0.0077017069863698,0.0414));
#5779=CARTESIAN_POINT('',(0.00818043959180761,0.0077017069863698,0.042));
#5780=CARTESIAN_POINT('',(0.00829961464354528,0.00723999286376936,0.0414));
#5781=CARTESIAN_POINT('',(0.00829961464354528,0.00723999286376936,0.042));
#5782=CARTESIAN_POINT('',(0.00829961464354528,0.00662798972382787,0.0414));
#5783=CARTESIAN_POINT('',(0.00829961464354528,0.00662798972382787,0.042));
#5784=CARTESIAN_POINT('',(0.00794208948833226,0.0080131320916292,0.042));
#5785=CARTESIAN_POINT('',(0.00794208948833226,0.0080131320916292,0.0414));
#5786=CARTESIAN_POINT('',(0.00794208948833226,0.0080131320916292,0.0414));
#5787=CARTESIAN_POINT('',(0.00829961464354528,0.0075459944337401,0.0414));
#5788=CARTESIAN_POINT('',(0.00829961464354528,0.00662798972382787,0.0414));
#5789=CARTESIAN_POINT('',(0.00691832584029116,0.0084802697495183,0.0414));
#5790=CARTESIAN_POINT('',(0.00691832584029116,0.0084802697495183,0.042));
#5791=CARTESIAN_POINT('',(0.00736248483550988,0.0084802697495183,0.0414));
#5792=CARTESIAN_POINT('',(0.00736248483550988,0.0084802697495183,0.042));
#5793=CARTESIAN_POINT('',(0.00770373938485691,0.0083245571968886,0.0414));
#5794=CARTESIAN_POINT('',(0.00770373938485691,0.0083245571968886,0.042));
#5795=CARTESIAN_POINT('',(0.00794208948833226,0.0080131320916292,0.0414));
#5796=CARTESIAN_POINT('',(0.00794208948833226,0.0080131320916292,0.042));
#5797=CARTESIAN_POINT('',(0.00691832584029116,0.0084802697495183,0.042));
#5798=CARTESIAN_POINT('',(0.00691832584029116,0.0084802697495183,0.0414));
#5799=CARTESIAN_POINT('',(0.00691832584029116,0.0084802697495183,0.0414));
#5800=CARTESIAN_POINT('',(0.00758456433311924,0.0084802697495183,0.0414));
#5801=CARTESIAN_POINT('',(0.00794208948833226,0.0080131320916292,0.0414));
#5802=CARTESIAN_POINT('',(0.005987047741383,0.00813730250481696,0.0414));
#5803=CARTESIAN_POINT('',(0.005987047741383,0.00813730250481696,0.042));
#5804=CARTESIAN_POINT('',(0.00621169628202383,0.00836594733461785,0.0414));
#5805=CARTESIAN_POINT('',(0.00621169628202383,0.00836594733461785,0.042));
#5806=CARTESIAN_POINT('',(0.00652212231499322,0.0084802697495183,0.0414));
#5807=CARTESIAN_POINT('',(0.00652212231499322,0.0084802697495183,0.042));
#5808=CARTESIAN_POINT('',(0.00691832584029116,0.0084802697495183,0.0414));
#5809=CARTESIAN_POINT('',(0.00691832584029116,0.0084802697495183,0.042));
#5810=CARTESIAN_POINT('',(0.005987047741383,0.00813730250481696,0.042));
#5811=CARTESIAN_POINT('',(0.005987047741383,0.00813730250481695,0.0414));
#5812=CARTESIAN_POINT('',(0.005987047741383,0.00813730250481696,0.0414));
#5813=CARTESIAN_POINT('',(0.00632402055234425,0.0084802697495183,0.0414));
#5814=CARTESIAN_POINT('',(0.00691832584029116,0.0084802697495183,0.0414));
#5815=CARTESIAN_POINT('',(0.00565007493042175,0.00719232284307429,0.0414));
#5816=CARTESIAN_POINT('',(0.00565007493042175,0.00719232284307429,0.042));
#5817=CARTESIAN_POINT('',(0.00565007493042175,0.00759366445443517,0.0414));
#5818=CARTESIAN_POINT('',(0.00565007493042175,0.00759366445443517,0.042));
#5819=CARTESIAN_POINT('',(0.00576239920074217,0.00790865767501606,0.0414));
#5820=CARTESIAN_POINT('',(0.00576239920074217,0.00790865767501606,0.042));
#5821=CARTESIAN_POINT('',(0.005987047741383,0.00813730250481696,0.0414));
#5822=CARTESIAN_POINT('',(0.005987047741383,0.00813730250481696,0.042));
#5823=CARTESIAN_POINT('',(0.00565007493042175,0.00719232284307429,0.042));
#5824=CARTESIAN_POINT('',(0.00565007493042175,0.00719232284307429,0.0414));
#5825=CARTESIAN_POINT('',(0.00565007493042175,0.00719232284307429,0.0414));
#5826=CARTESIAN_POINT('',(0.00565007493042175,0.00779433526011561,0.0414));
#5827=CARTESIAN_POINT('',(0.005987047741383,0.00813730250481696,0.0414));
#5828=CARTESIAN_POINT('',(0.00594423035752515,0.00632056090772854,0.0414));
#5829=CARTESIAN_POINT('',(0.00594423035752515,0.00632056090772854,0.042));
#5830=CARTESIAN_POINT('',(0.00574812673945622,0.00653464782701777,0.0414));
#5831=CARTESIAN_POINT('',(0.00574812673945622,0.00653464782701777,0.042));
#5832=CARTESIAN_POINT('',(0.00565007493042175,0.00682523513879969,0.0414));
#5833=CARTESIAN_POINT('',(0.00565007493042175,0.00682523513879969,0.042));
#5834=CARTESIAN_POINT('',(0.00565007493042175,0.00719232284307429,0.0414));
#5835=CARTESIAN_POINT('',(0.00565007493042175,0.00719232284307429,0.042));
#5836=CARTESIAN_POINT('',(0.00594423035752515,0.00632056090772854,0.042));
#5837=CARTESIAN_POINT('',(0.00594423035752515,0.00632056090772854,0.0414));
#5838=CARTESIAN_POINT('',(0.00594423035752515,0.00632056090772854,0.0414));
#5839=CARTESIAN_POINT('',(0.00565007493042175,0.00664169128666239,0.0414));
#5840=CARTESIAN_POINT('',(0.00565007493042175,0.00719232284307429,0.0414));
#5841=CARTESIAN_POINT('',(0.00735335046028687,0.00767830014986084,0.0414));
#5842=CARTESIAN_POINT('',(0.00735335046028687,0.00767830014986084,0.042));
#5843=CARTESIAN_POINT('',(0.00724887604367373,0.00782188111039749,0.0414));
#5844=CARTESIAN_POINT('',(0.00724887604367373,0.00782188111039749,0.042));
#5845=CARTESIAN_POINT('',(0.00711186041532862,0.00789367159066581,0.0414));
#5846=CARTESIAN_POINT('',(0.00711186041532862,0.00789367159066581,0.042));
#5847=CARTESIAN_POINT('',(0.00694230357525155,0.00789367159066581,0.0414));
#5848=CARTESIAN_POINT('',(0.00694230357525155,0.00789367159066581,0.042));
#5849=CARTESIAN_POINT('',(0.00735335046028687,0.00767830014986084,0.042));
#5850=CARTESIAN_POINT('',(0.00735335046028687,0.00767830014986084,0.0414));
#5851=CARTESIAN_POINT('',(0.00735335046028687,0.00767830014986084,0.042));
#5852=CARTESIAN_POINT('',(0.00735335046028687,0.00767830014986084,0.0414));
#5853=CARTESIAN_POINT('',(0.00719663883536716,0.00789367159066581,0.0414));
#5854=CARTESIAN_POINT('',(0.00694230357525155,0.00789367159066581,0.0414));
#5855=CARTESIAN_POINT('',(0.00694230357525155,0.00789367159066581,0.0414));
#5856=CARTESIAN_POINT('',(0.00694230357525155,0.00789367159066581,0.042));
#5857=CARTESIAN_POINT('',(0.00694230357525155,0.00789367159066581,0.042));
#5858=CARTESIAN_POINT('',(0.00735335046028687,0.00767830014986084,0.042));
#5859=CARTESIAN_POINT('',(0.00719663883536716,0.00789367159066581,0.042));
#5860=CARTESIAN_POINT('',(0.00694230357525155,0.00789367159066581,0.042));
#5861=CARTESIAN_POINT('',(0.00751006208520659,0.00713409120102762,0.0414));
#5862=CARTESIAN_POINT('',(0.00751006208520659,0.00713409120102762,0.042));
#5863=CARTESIAN_POINT('',(0.00751006208520659,0.00735331620637979,0.0414));
#5864=CARTESIAN_POINT('',(0.00751006208520659,0.00735331620637979,0.042));
#5865=CARTESIAN_POINT('',(0.00745782487690002,0.0075347191893242,0.0414));
#5866=CARTESIAN_POINT('',(0.00745782487690002,0.0075347191893242,0.042));
#5867=CARTESIAN_POINT('',(0.00735335046028687,0.00767830014986084,0.0414));
#5868=CARTESIAN_POINT('',(0.00735335046028687,0.00767830014986084,0.042));
#5869=CARTESIAN_POINT('',(0.00751006208520659,0.00713409120102762,0.042));
#5870=CARTESIAN_POINT('',(0.00751006208520659,0.00713409120102762,0.0414));
#5871=CARTESIAN_POINT('',(0.00751006208520659,0.00713409120102762,0.042));
#5872=CARTESIAN_POINT('',(0.00751006208520659,0.00713409120102762,0.0414));
#5873=CARTESIAN_POINT('',(0.00751006208520659,0.00746292870905588,0.0414));
#5874=CARTESIAN_POINT('',(0.00735335046028687,0.00767830014986084,0.0414));
#5875=CARTESIAN_POINT('',(0.00751006208520659,0.00713409120102762,0.042));
#5876=CARTESIAN_POINT('',(0.00751006208520659,0.00746292870905588,0.042));
#5877=CARTESIAN_POINT('',(0.00735335046028687,0.00767830014986084,0.042));
#5878=CARTESIAN_POINT('',(0.00736020124170413,0.00671191179618925,0.0414));
#5879=CARTESIAN_POINT('',(0.00736020124170413,0.00671191179618925,0.042));
#5880=CARTESIAN_POINT('',(0.00746010847070577,0.00681809890815671,0.0414));
#5881=CARTESIAN_POINT('',(0.00746010847070577,0.00681809890815671,0.042));
#5882=CARTESIAN_POINT('',(0.00751006208520659,0.00695882537643617,0.0414));
#5883=CARTESIAN_POINT('',(0.00751006208520659,0.00695882537643617,0.042));
#5884=CARTESIAN_POINT('',(0.00751006208520659,0.00713409120102762,0.0414));
#5885=CARTESIAN_POINT('',(0.00751006208520659,0.00713409120102762,0.042));
#5886=CARTESIAN_POINT('',(0.00736020124170413,0.00671191179618925,0.042));
#5887=CARTESIAN_POINT('',(0.00736020124170413,0.00671191179618925,0.0414));
#5888=CARTESIAN_POINT('',(0.00736020124170413,0.00671191179618925,0.042));
#5889=CARTESIAN_POINT('',(0.00736020124170413,0.00671191179618925,0.0414));
#5890=CARTESIAN_POINT('',(0.00751006208520659,0.00687119246414044,0.0414));
#5891=CARTESIAN_POINT('',(0.00751006208520659,0.00713409120102762,0.0414));
#5892=CARTESIAN_POINT('',(0.00736020124170413,0.00671191179618925,0.042));
#5893=CARTESIAN_POINT('',(0.00751006208520659,0.00687119246414044,0.042));
#5894=CARTESIAN_POINT('',(0.00751006208520659,0.00713409120102762,0.042));
#5895=CARTESIAN_POINT('',(0.006961143224149,0.00655263112823806,0.0414));
#5896=CARTESIAN_POINT('',(0.006961143224149,0.00655263112823806,0.042));
#5897=CARTESIAN_POINT('',(0.00712727467351745,0.00655263112823806,0.0414));
#5898=CARTESIAN_POINT('',(0.00712727467351745,0.00655263112823806,0.042));
#5899=CARTESIAN_POINT('',(0.00726029401270249,0.00660572468422179,0.0414));
#5900=CARTESIAN_POINT('',(0.00726029401270249,0.00660572468422179,0.042));
#5901=CARTESIAN_POINT('',(0.00736020124170413,0.00671191179618925,0.0414));
#5902=CARTESIAN_POINT('',(0.00736020124170413,0.00671191179618925,0.042));
#5903=CARTESIAN_POINT('',(0.006961143224149,0.00655263112823806,0.042));
#5904=CARTESIAN_POINT('',(0.006961143224149,0.00655263112823806,0.0414));
#5905=CARTESIAN_POINT('',(0.006961143224149,0.00655263112823806,0.042));
#5906=CARTESIAN_POINT('',(0.006961143224149,0.00655263112823806,0.0414));
#5907=CARTESIAN_POINT('',(0.00721034039820167,0.00655263112823806,0.0414));
#5908=CARTESIAN_POINT('',(0.00736020124170413,0.00671191179618925,0.0414));
#5909=CARTESIAN_POINT('',(0.006961143224149,0.00655263112823806,0.042));
#5910=CARTESIAN_POINT('',(0.00721034039820167,0.00655263112823806,0.042));
#5911=CARTESIAN_POINT('',(0.00736020124170413,0.00671191179618925,0.042));
#5912=CARTESIAN_POINT('',(0.00655309355598373,0.00672261614215371,0.0414));
#5913=CARTESIAN_POINT('',(0.00655309355598373,0.00672261614215371,0.042));
#5914=CARTESIAN_POINT('',(0.00665214443730821,0.00660929279954328,0.0414));
#5915=CARTESIAN_POINT('',(0.00665214443730821,0.00660929279954328,0.042));
#5916=CARTESIAN_POINT('',(0.0067881609933633,0.00655263112823806,0.0414));
#5917=CARTESIAN_POINT('',(0.0067881609933633,0.00655263112823806,0.042));
#5918=CARTESIAN_POINT('',(0.006961143224149,0.00655263112823806,0.0414));
#5919=CARTESIAN_POINT('',(0.006961143224149,0.00655263112823806,0.042));
#5920=CARTESIAN_POINT('',(0.00655309355598373,0.00672261614215371,0.042));
#5921=CARTESIAN_POINT('',(0.00655309355598373,0.00672261614215371,0.0414));
#5922=CARTESIAN_POINT('',(0.00655309355598373,0.00672261614215371,0.042));
#5923=CARTESIAN_POINT('',(0.00655309355598373,0.00672261614215371,0.0414));
#5924=CARTESIAN_POINT('',(0.00670166987797045,0.00655263112823806,0.0414));
#5925=CARTESIAN_POINT('',(0.006961143224149,0.00655263112823806,0.0414));
#5926=CARTESIAN_POINT('',(0.00655309355598373,0.00672261614215371,0.042));
#5927=CARTESIAN_POINT('',(0.00670166987797045,0.00655263112823806,0.042));
#5928=CARTESIAN_POINT('',(0.006961143224149,0.00655263112823806,0.042));
#5929=CARTESIAN_POINT('',(0.006404517233997,0.00721373153500321,0.0414));
#5930=CARTESIAN_POINT('',(0.006404517233997,0.00721373153500321,0.042));
#5931=CARTESIAN_POINT('',(0.006404517233997,0.00699964461571398,0.0414));
#5932=CARTESIAN_POINT('',(0.006404517233997,0.00699964461571398,0.042));
#5933=CARTESIAN_POINT('',(0.00645404267465924,0.00683593948476414,0.0414));
#5934=CARTESIAN_POINT('',(0.00645404267465924,0.00683593948476414,0.042));
#5935=CARTESIAN_POINT('',(0.00655309355598373,0.00672261614215371,0.0414));
#5936=CARTESIAN_POINT('',(0.00655309355598373,0.00672261614215371,0.042));
#5937=CARTESIAN_POINT('',(0.006404517233997,0.00721373153500321,0.042));
#5938=CARTESIAN_POINT('',(0.006404517233997,0.00721373153500321,0.0414));
#5939=CARTESIAN_POINT('',(0.006404517233997,0.00721373153500321,0.042));
#5940=CARTESIAN_POINT('',(0.006404517233997,0.00721373153500321,0.0414));
#5941=CARTESIAN_POINT('',(0.006404517233997,0.00689260115606936,0.0414));
#5942=CARTESIAN_POINT('',(0.00655309355598373,0.00672261614215371,0.0414));
#5943=CARTESIAN_POINT('',(0.006404517233997,0.00721373153500321,0.042));
#5944=CARTESIAN_POINT('',(0.006404517233997,0.00689260115606936,0.042));
#5945=CARTESIAN_POINT('',(0.00655309355598373,0.00672261614215371,0.042));
#5946=CARTESIAN_POINT('',(0.00654624277456647,0.0077129822307857,0.0414));
#5947=CARTESIAN_POINT('',(0.00654624277456647,0.0077129822307857,0.042));
#5948=CARTESIAN_POINT('',(0.00645175908085349,0.00759252265753229,0.0414));
#5949=CARTESIAN_POINT('',(0.00645175908085349,0.00759252265753229,0.042));
#5950=CARTESIAN_POINT('',(0.006404517233997,0.00742610575893813,0.0414));
#5951=CARTESIAN_POINT('',(0.006404517233997,0.00742610575893813,0.042));
#5952=CARTESIAN_POINT('',(0.006404517233997,0.00721373153500321,0.0414));
#5953=CARTESIAN_POINT('',(0.006404517233997,0.00721373153500321,0.042));
#5954=CARTESIAN_POINT('',(0.00654624277456647,0.0077129822307857,0.042));
#5955=CARTESIAN_POINT('',(0.00654624277456647,0.0077129822307857,0.0414));
#5956=CARTESIAN_POINT('',(0.00654624277456647,0.0077129822307857,0.042));
#5957=CARTESIAN_POINT('',(0.00654624277456647,0.0077129822307857,0.0414));
#5958=CARTESIAN_POINT('',(0.006404517233997,0.00753229287090559,0.0414));
#5959=CARTESIAN_POINT('',(0.006404517233997,0.00721373153500321,0.0414));
#5960=CARTESIAN_POINT('',(0.00654624277456647,0.0077129822307857,0.042));
#5961=CARTESIAN_POINT('',(0.006404517233997,0.00753229287090559,0.042));
#5962=CARTESIAN_POINT('',(0.006404517233997,0.00721373153500321,0.042));
#5963=CARTESIAN_POINT('',(0.00694230357525155,0.00789367159066581,0.0414));
#5964=CARTESIAN_POINT('',(0.00694230357525155,0.00789367159066581,0.042));
#5965=CARTESIAN_POINT('',(0.00677274673517448,0.00789367159066581,0.0414));
#5966=CARTESIAN_POINT('',(0.00677274673517448,0.00789367159066581,0.042));
#5967=CARTESIAN_POINT('',(0.00664072646827945,0.00783344180403911,0.0414));
#5968=CARTESIAN_POINT('',(0.00664072646827945,0.00783344180403911,0.042));
#5969=CARTESIAN_POINT('',(0.00654624277456647,0.0077129822307857,0.0414));
#5970=CARTESIAN_POINT('',(0.00654624277456647,0.0077129822307857,0.042));
#5971=CARTESIAN_POINT('',(0.00694230357525155,0.00789367159066581,0.0414));
#5972=CARTESIAN_POINT('',(0.00668796831513594,0.00789367159066581,0.0414));
#5973=CARTESIAN_POINT('',(0.00654624277456647,0.0077129822307857,0.0414));
#5974=CARTESIAN_POINT('',(0.00694230357525155,0.00789367159066581,0.042));
#5975=CARTESIAN_POINT('',(0.00668796831513594,0.00789367159066581,0.042));
#5976=CARTESIAN_POINT('',(0.00654624277456647,0.0077129822307857,0.042));
#5977=CARTESIAN_POINT('',(0.0067444872618283,0.00599943052879469,0.0414));
#5978=CARTESIAN_POINT('',(0.0067444872618283,0.00599943052879469,0.042));
#5979=CARTESIAN_POINT('',(0.00640708627702847,0.00599943052879469,0.0414));
#5980=CARTESIAN_POINT('',(0.00640708627702847,0.00599943052879469,0.042));
#5981=CARTESIAN_POINT('',(0.00614033397559409,0.00610647398843931,0.0414));
#5982=CARTESIAN_POINT('',(0.00614033397559409,0.00610647398843931,0.042));
#5983=CARTESIAN_POINT('',(0.00594423035752515,0.00632056090772854,0.0414));
#5984=CARTESIAN_POINT('',(0.00594423035752515,0.00632056090772854,0.042));
#5985=CARTESIAN_POINT('',(0.0067444872618283,0.00599943052879469,0.0414));
#5986=CARTESIAN_POINT('',(0.00623838578462856,0.00599943052879469,0.0414));
#5987=CARTESIAN_POINT('',(0.00594423035752515,0.00632056090772854,0.0414));
#5988=CARTESIAN_POINT('',(0.00610650824234639,0.00551602226503961,0.042));
#5989=CARTESIAN_POINT('',(0.00610650824234639,0.00551602226503961,0.0414));
#5990=CARTESIAN_POINT('',(0.00688492828088204,0.0064802697495183,0.0414));
#5991=CARTESIAN_POINT('',(0.,0.,0.042));
#5992=CARTESIAN_POINT('',(-0.00580892742453436,0.0049337058445729,0.0414));
#5993=CARTESIAN_POINT('',(-0.00580892742453436,0.0049337058445729,0.042));
#5994=CARTESIAN_POINT('',(-0.00603814315278669,0.00471076999928638,0.0414));
#5995=CARTESIAN_POINT('',(-0.00603814315278669,0.00471076999928638,0.042));
#5996=CARTESIAN_POINT('',(-0.00636227074859059,0.00459930207664312,0.0414));
#5997=CARTESIAN_POINT('',(-0.00636227074859059,0.00459930207664312,0.042));
#5998=CARTESIAN_POINT('',(-0.00678131021194605,0.00459930207664312,0.0414));
#5999=CARTESIAN_POINT('',(-0.00678131021194605,0.00459930207664312,0.042));
#6000=CARTESIAN_POINT('',(-0.00580892742453436,0.0049337058445729,0.042));
#6001=CARTESIAN_POINT('',(-0.00580892742453436,0.0049337058445729,0.0414));
#6002=CARTESIAN_POINT('',(-0.00580892742453436,0.0049337058445729,0.0414));
#6003=CARTESIAN_POINT('',(-0.00615275101691286,0.00459930207664312,0.0414));
#6004=CARTESIAN_POINT('',(-0.00678131021194605,0.00459930207664312,0.0414));
#6005=CARTESIAN_POINT('',(-0.00678131021194605,0.00459930207664312,0.0414));
#6006=CARTESIAN_POINT('',(-0.00678131021194605,0.00459930207664312,0.042));
#6007=CARTESIAN_POINT('',(-0.00546510383215585,0.00586241490044958,0.0414));
#6008=CARTESIAN_POINT('',(-0.00546510383215585,0.00586241490044958,0.042));
#6009=CARTESIAN_POINT('',(-0.00546510383215585,0.00546621137515165,0.0414));
#6010=CARTESIAN_POINT('',(-0.00546510383215585,0.00546621137515165,0.042));
#6011=CARTESIAN_POINT('',(-0.00557971169628202,0.00515664168985942,0.0414));
#6012=CARTESIAN_POINT('',(-0.00557971169628202,0.00515664168985942,0.042));
#6013=CARTESIAN_POINT('',(-0.00580892742453436,0.0049337058445729,0.0414));
#6014=CARTESIAN_POINT('',(-0.00580892742453436,0.0049337058445729,0.042));
#6015=CARTESIAN_POINT('',(-0.00546510383215585,0.00586241490044958,0.042));
#6016=CARTESIAN_POINT('',(-0.00546510383215585,0.00586241490044958,0.0414));
#6017=CARTESIAN_POINT('',(-0.00546510383215585,0.00586241490044958,0.0414));
#6018=CARTESIAN_POINT('',(-0.00546510383215585,0.00526810961250268,0.0414));
#6019=CARTESIAN_POINT('',(-0.00580892742453436,0.0049337058445729,0.0414));
#6020=CARTESIAN_POINT('',(-0.00575797473774352,0.00677913508884607,0.0414));
#6021=CARTESIAN_POINT('',(-0.00575797473774352,0.00677913508884607,0.042));
#6022=CARTESIAN_POINT('',(-0.00556272746735174,0.00655334475130236,0.0414));
#6023=CARTESIAN_POINT('',(-0.00556272746735174,0.00655334475130236,0.042));
#6024=CARTESIAN_POINT('',(-0.00546510383215585,0.0062477713551702,0.0414));
#6025=CARTESIAN_POINT('',(-0.00546510383215585,0.0062477713551702,0.042));
#6026=CARTESIAN_POINT('',(-0.00546510383215585,0.00586241490044958,0.0414));
#6027=CARTESIAN_POINT('',(-0.00546510383215585,0.00586241490044958,0.042));
#6028=CARTESIAN_POINT('',(-0.00575797473774352,0.00677913508884607,0.042));
#6029=CARTESIAN_POINT('',(-0.00575797473774352,0.00677913508884607,0.0414));
#6030=CARTESIAN_POINT('',(-0.00575797473774352,0.00677913508884607,0.0414));
#6031=CARTESIAN_POINT('',(-0.00546510383215585,0.00644044958253051,0.0414));
#6032=CARTESIAN_POINT('',(-0.00546510383215585,0.00586241490044958,0.0414));
#6033=CARTESIAN_POINT('',(-0.00654923999143652,0.00711782059516164,0.0414));
#6034=CARTESIAN_POINT('',(-0.00654923999143652,0.00711782059516164,0.042));
#6035=CARTESIAN_POINT('',(-0.00621697709269963,0.00711782059516164,0.0414));
#6036=CARTESIAN_POINT('',(-0.00621697709269963,0.00711782059516164,0.042));
#6037=CARTESIAN_POINT('',(-0.0059532220081353,0.00700492542638978,0.0414));
#6038=CARTESIAN_POINT('',(-0.0059532220081353,0.00700492542638978,0.042));
#6039=CARTESIAN_POINT('',(-0.00575797473774352,0.00677913508884607,0.0414));
#6040=CARTESIAN_POINT('',(-0.00575797473774352,0.00677913508884607,0.042));
#6041=CARTESIAN_POINT('',(-0.00654924189854603,0.00711757654065622,0.0414));
#6042=CARTESIAN_POINT('',(-0.00654924189854603,0.00711757654065622,0.0416));
#6043=CARTESIAN_POINT('',(-0.00654924189854603,0.00711757654065622,0.0418));
#6044=CARTESIAN_POINT('',(-0.00654924189854603,0.00711757654065622,0.042));
#6045=CARTESIAN_POINT('',(-0.00654923999143652,0.00711782059516163,0.0414));
#6046=CARTESIAN_POINT('',(-0.00654923999143652,0.00711782059516164,0.0414));
#6047=CARTESIAN_POINT('',(-0.00605084564333119,0.00711782059516164,0.0414));
#6048=CARTESIAN_POINT('',(-0.00575797473774352,0.00677913508884607,0.0414));
#6049=CARTESIAN_POINT('',(-0.00655795044013731,0.00600313670468364,0.042));
#6050=CARTESIAN_POINT('',(-0.00704811425740294,0.00700403201336623,0.042));
#6051=CARTESIAN_POINT('',(-0.00704811425740294,0.00700403201336623,0.0418));
#6052=CARTESIAN_POINT('',(-0.00704811425740294,0.00700403201336623,0.0416));
#6053=CARTESIAN_POINT('',(-0.00704811425740294,0.00700403201336623,0.0414));
#6054=CARTESIAN_POINT('',(-0.00704806251338043,0.00700392635409976,0.0414));
#6055=CARTESIAN_POINT('',(-0.00655795044013731,0.00600313670468364,0.0414));
#6056=CARTESIAN_POINT('',(-0.0073807535859559,0.00668964675658317,0.0414));
#6057=CARTESIAN_POINT('',(-0.0073807535859559,0.00668964675658317,0.042));
#6058=CARTESIAN_POINT('',(-0.00731338756868622,0.00682323699421965,0.0414));
#6059=CARTESIAN_POINT('',(-0.00731338756868622,0.00682323699421965,0.042));
#6060=CARTESIAN_POINT('',(-0.0072024905444944,0.00692799686005851,0.0414));
#6061=CARTESIAN_POINT('',(-0.0072024905444944,0.00692799686005851,0.042));
#6062=CARTESIAN_POINT('',(-0.00704806251338043,0.00700392635409976,0.0414));
#6063=CARTESIAN_POINT('',(-0.00704806251338043,0.00700392635409976,0.042));
#6064=CARTESIAN_POINT('',(-0.0073807535859559,0.00668964675658317,0.042));
#6065=CARTESIAN_POINT('',(-0.0073807535859559,0.00668964675658317,0.0414));
#6066=CARTESIAN_POINT('',(-0.0073807535859559,0.00668964675658317,0.0414));
#6067=CARTESIAN_POINT('',(-0.00727970456005138,0.00689003211303789,0.0414));
#6068=CARTESIAN_POINT('',(-0.00704806251338043,0.00700392635409976,0.0414));
#6069=CARTESIAN_POINT('',(-0.00720563048597731,0.00758624277456647,0.0414));
#6070=CARTESIAN_POINT('',(-0.00720563048597731,0.00758624277456647,0.042));
#6071=CARTESIAN_POINT('',(-0.00731895382858774,0.00738471562120888,0.0414));
#6072=CARTESIAN_POINT('',(-0.00731895382858774,0.00738471562120888,0.042));
#6073=CARTESIAN_POINT('',(-0.00737732819524727,0.00708585028188111,0.0414));
#6074=CARTESIAN_POINT('',(-0.00737732819524727,0.00708585028188111,0.042));
#6075=CARTESIAN_POINT('',(-0.0073807535859559,0.00668964675658317,0.0414));
#6076=CARTESIAN_POINT('',(-0.0073807535859559,0.00668964675658317,0.042));
#6077=CARTESIAN_POINT('',(-0.00720563048597731,0.00758624277456647,0.042));
#6078=CARTESIAN_POINT('',(-0.00720563048597731,0.00758624277456647,0.0414));
#6079=CARTESIAN_POINT('',(-0.00720563048597731,0.00758624277456647,0.0414));
#6080=CARTESIAN_POINT('',(-0.00737561549989295,0.00728395204453008,0.0414));
#6081=CARTESIAN_POINT('',(-0.0073807535859559,0.00668964675658317,0.0414));
#6082=CARTESIAN_POINT('',(-0.00672050952686791,0.00788853350460287,0.0414));
#6083=CARTESIAN_POINT('',(-0.00672050952686791,0.00788853350460287,0.042));
#6084=CARTESIAN_POINT('',(-0.00693060015699708,0.00788853350460287,0.0414));
#6085=CARTESIAN_POINT('',(-0.00693060015699708,0.00788853350460287,0.042));
#6086=CARTESIAN_POINT('',(-0.00709230714336688,0.00778776992792407,0.0414));
#6087=CARTESIAN_POINT('',(-0.00709230714336688,0.00778776992792407,0.042));
#6088=CARTESIAN_POINT('',(-0.00720563048597731,0.00758624277456647,0.0414));
#6089=CARTESIAN_POINT('',(-0.00720563048597731,0.00758624277456647,0.042));
#6090=CARTESIAN_POINT('',(-0.00672050952686791,0.00788853350460287,0.042));
#6091=CARTESIAN_POINT('',(-0.00672050952686791,0.00788853350460287,0.0414));
#6092=CARTESIAN_POINT('',(-0.00672050952686791,0.00788853350460287,0.0414));
#6093=CARTESIAN_POINT('',(-0.00703564547206166,0.00788853350460287,0.0414));
#6094=CARTESIAN_POINT('',(-0.00720563048597731,0.00758624277456647,0.0414));
#6095=CARTESIAN_POINT('',(-0.00623838578462856,0.00749461357311068,0.0414));
#6096=CARTESIAN_POINT('',(-0.00623838578462856,0.00749461357311068,0.042));
#6097=CARTESIAN_POINT('',(-0.00630803539570399,0.00775722686077214,0.0414));
#6098=CARTESIAN_POINT('',(-0.00630803539570399,0.00775722686077214,0.042));
#6099=CARTESIAN_POINT('',(-0.00646874330978377,0.00788853350460287,0.0414));
#6100=CARTESIAN_POINT('',(-0.00646874330978377,0.00788853350460287,0.042));
#6101=CARTESIAN_POINT('',(-0.00672050952686791,0.00788853350460287,0.0414));
#6102=CARTESIAN_POINT('',(-0.00672050952686791,0.00788853350460287,0.042));
#6103=CARTESIAN_POINT('',(-0.00623838578462856,0.00749461357311068,0.042));
#6104=CARTESIAN_POINT('',(-0.00623838578462856,0.00749461357311068,0.0414));
#6105=CARTESIAN_POINT('',(-0.00623838578462856,0.00749461357311068,0.0414));
#6106=CARTESIAN_POINT('',(-0.0063428602012417,0.00788853350460287,0.0414));
#6107=CARTESIAN_POINT('',(-0.00672050952686791,0.00788853350460287,0.0414));
#6108=CARTESIAN_POINT('',(-0.00593224149004496,0.00826746735174481,0.0414));
#6109=CARTESIAN_POINT('',(-0.00593224149004496,0.00826746735174481,0.042));
#6110=CARTESIAN_POINT('',(-0.00574413045029615,0.00812559908656248,0.0414));
#6111=CARTESIAN_POINT('',(-0.00574413045029615,0.00812559908656248,0.042));
#6112=CARTESIAN_POINT('',(-0.00561068293727253,0.0079010932705345,0.0414));
#6113=CARTESIAN_POINT('',(-0.00561068293727253,0.0079010932705345,0.042));
#6114=CARTESIAN_POINT('',(-0.00553189895097409,0.00759394990366089,0.0414));
#6115=CARTESIAN_POINT('',(-0.00553189895097409,0.00759394990366089,0.042));
#6116=CARTESIAN_POINT('',(-0.00593224149004496,0.00826746735174481,0.042));
#6117=CARTESIAN_POINT('',(-0.00593224149004496,0.00826746735174481,0.0414));
#6118=CARTESIAN_POINT('',(-0.00593224149004496,0.00826746735174481,0.0414));
#6119=CARTESIAN_POINT('',(-0.00565007493042175,0.00805466495397131,0.0414));
#6120=CARTESIAN_POINT('',(-0.00553189895097409,0.00759394990366089,0.0414));
#6121=CARTESIAN_POINT('',(-0.00553189895097409,0.00759394990366089,0.0414));
#6122=CARTESIAN_POINT('',(-0.00553189895097409,0.00759394990366089,0.042));
#6123=CARTESIAN_POINT('',(-0.00671194605009634,0.0084802697495183,0.0414));
#6124=CARTESIAN_POINT('',(-0.00671194605009634,0.0084802697495183,0.042));
#6125=CARTESIAN_POINT('',(-0.00638025404981089,0.0084802697495183,0.0414));
#6126=CARTESIAN_POINT('',(-0.00638025404981089,0.0084802697495183,0.042));
#6127=CARTESIAN_POINT('',(-0.00612035252979376,0.00840933561692714,0.0414));
#6128=CARTESIAN_POINT('',(-0.00612035252979376,0.00840933561692714,0.042));
#6129=CARTESIAN_POINT('',(-0.00593224149004496,0.00826746735174481,0.0414));
#6130=CARTESIAN_POINT('',(-0.00593224149004496,0.00826746735174481,0.042));
#6131=CARTESIAN_POINT('',(-0.00671194605009634,0.0084802697495183,0.042));
#6132=CARTESIAN_POINT('',(-0.00671194605009634,0.0084802697495183,0.0414));
#6133=CARTESIAN_POINT('',(-0.00671194605009634,0.0084802697495183,0.0414));
#6134=CARTESIAN_POINT('',(-0.00621440804966816,0.0084802697495183,0.0414));
#6135=CARTESIAN_POINT('',(-0.00593224149004496,0.00826746735174481,0.0414));
#6136=CARTESIAN_POINT('',(-0.00775326482551916,0.00798230357525155,0.0414));
#6137=CARTESIAN_POINT('',(-0.00775326482551916,0.00798230357525155,0.042));
#6138=CARTESIAN_POINT('',(-0.00750892028830372,0.00831428102476272,0.0414));
#6139=CARTESIAN_POINT('',(-0.00750892028830372,0.00831428102476272,0.042));
#6140=CARTESIAN_POINT('',(-0.00716181402982945,0.0084802697495183,0.0414));
#6141=CARTESIAN_POINT('',(-0.00716181402982945,0.0084802697495183,0.042));
#6142=CARTESIAN_POINT('',(-0.00671194605009634,0.0084802697495183,0.0414));
#6143=CARTESIAN_POINT('',(-0.00671194605009634,0.0084802697495183,0.042));
#6144=CARTESIAN_POINT('',(-0.00775326482551916,0.00798230357525155,0.042));
#6145=CARTESIAN_POINT('',(-0.00775326482551916,0.00798230357525155,0.0414));
#6146=CARTESIAN_POINT('',(-0.00775326482551916,0.00798230357525155,0.0414));
#6147=CARTESIAN_POINT('',(-0.007386748019696,0.0084802697495183,0.0414));
#6148=CARTESIAN_POINT('',(-0.00671194605009634,0.0084802697495183,0.0414));
#6149=CARTESIAN_POINT('',(-0.00811978163134232,0.00648069792335688,0.0414));
#6150=CARTESIAN_POINT('',(-0.00811978163134232,0.00648069792335688,0.042));
#6151=CARTESIAN_POINT('',(-0.00811978163134232,0.00714979090844216,0.0414));
#6152=CARTESIAN_POINT('',(-0.00811978163134232,0.00714979090844216,0.042));
#6153=CARTESIAN_POINT('',(-0.0079976093627346,0.00765032612574038,0.0414));
#6154=CARTESIAN_POINT('',(-0.0079976093627346,0.00765032612574038,0.042));
#6155=CARTESIAN_POINT('',(-0.00775326482551916,0.00798230357525155,0.0414));
#6156=CARTESIAN_POINT('',(-0.00775326482551916,0.00798230357525155,0.042));
#6157=CARTESIAN_POINT('',(-0.00811978163134232,0.00648069792335688,0.042));
#6158=CARTESIAN_POINT('',(-0.00811978163134232,0.00648069792335688,0.0414));
#6159=CARTESIAN_POINT('',(-0.00811978163134232,0.00648069792335688,0.0414));
#6160=CARTESIAN_POINT('',(-0.00811978163134232,0.0074843374009848,0.0414));
#6161=CARTESIAN_POINT('',(-0.00775326482551916,0.00798230357525155,0.0414));
#6162=CARTESIAN_POINT('',(-0.00778923142795975,0.00506900877756369,0.0414));
#6163=CARTESIAN_POINT('',(-0.00778923142795975,0.00506900877756369,0.042));
#6164=CARTESIAN_POINT('',(-0.0080095982302148,0.0053821465781774,0.0414));
#6165=CARTESIAN_POINT('',(-0.0080095982302148,0.0053821465781774,0.042));
#6166=CARTESIAN_POINT('',(-0.00811978163134232,0.00585270962677513,0.0414));
#6167=CARTESIAN_POINT('',(-0.00811978163134232,0.00585270962677513,0.042));
#6168=CARTESIAN_POINT('',(-0.00811978163134232,0.00648069792335688,0.0414));
#6169=CARTESIAN_POINT('',(-0.00811978163134232,0.00648069792335688,0.042));
#6170=CARTESIAN_POINT('',(-0.00778923142795975,0.00506900877756369,0.042));
#6171=CARTESIAN_POINT('',(-0.00778923142795975,0.00506900877756369,0.0414));
#6172=CARTESIAN_POINT('',(-0.00778923142795975,0.00506900877756369,0.0414));
#6173=CARTESIAN_POINT('',(-0.00811978163134232,0.00553871547848426,0.0414));
#6174=CARTESIAN_POINT('',(-0.00811978163134232,0.00648069792335688,0.0414));
#6175=CARTESIAN_POINT('',(-0.00636983515307214,0.00636980089916506,0.0414));
#6176=CARTESIAN_POINT('',(-0.00636983515307214,0.00636980089916506,0.042));
#6177=CARTESIAN_POINT('',(-0.00646431884678513,0.00649568400770713,0.0414));
#6178=CARTESIAN_POINT('',(-0.00646431884678513,0.00649568400770713,0.042));
#6179=CARTESIAN_POINT('',(-0.00659633911368015,0.00655862556197816,0.0414));
#6180=CARTESIAN_POINT('',(-0.00659633911368015,0.00655862556197816,0.042));
#6181=CARTESIAN_POINT('',(-0.00676589595375722,0.00655862556197816,0.0414));
#6182=CARTESIAN_POINT('',(-0.00676589595375722,0.00655862556197816,0.042));
#6183=CARTESIAN_POINT('',(-0.00636983515307214,0.00636980089916506,0.042));
#6184=CARTESIAN_POINT('',(-0.00636983515307214,0.00636980089916506,0.0414));
#6185=CARTESIAN_POINT('',(-0.00636983515307214,0.00636980089916506,0.042));
#6186=CARTESIAN_POINT('',(-0.00636983515307214,0.00636980089916506,0.0414));
#6187=CARTESIAN_POINT('',(-0.00651156069364162,0.00655862556197816,0.0414));
#6188=CARTESIAN_POINT('',(-0.00676589595375722,0.00655862556197816,0.0414));
#6189=CARTESIAN_POINT('',(-0.00676589595375722,0.00655862556197816,0.0414));
#6190=CARTESIAN_POINT('',(-0.0067659179082886,0.00655788410852618,0.042));
#6191=CARTESIAN_POINT('',(-0.0067659179082886,0.00655788410852618,0.0418));
#6192=CARTESIAN_POINT('',(-0.0067659179082886,0.00655788410852618,0.0416));
#6193=CARTESIAN_POINT('',(-0.0067659179082886,0.00655788410852618,0.0414));
#6194=CARTESIAN_POINT('',(-0.00676589595375722,0.00655862556197816,0.042));
#6195=CARTESIAN_POINT('',(-0.00636983515307214,0.00636980089916506,0.042));
#6196=CARTESIAN_POINT('',(-0.00651156069364162,0.00655862556197816,0.042));
#6197=CARTESIAN_POINT('',(-0.00676589595375722,0.00655862556197816,0.042));
#6198=CARTESIAN_POINT('',(-0.00622810961250267,0.00586755298651252,0.0414));
#6199=CARTESIAN_POINT('',(-0.00622810961250267,0.00586755298651252,0.042));
#6200=CARTESIAN_POINT('',(-0.00622810961250267,0.00607650181973881,0.0414));
#6201=CARTESIAN_POINT('',(-0.00622810961250267,0.00607650181973881,0.042));
#6202=CARTESIAN_POINT('',(-0.00627535145935916,0.00624391779062299,0.0414));
#6203=CARTESIAN_POINT('',(-0.00627535145935916,0.00624391779062299,0.042));
#6204=CARTESIAN_POINT('',(-0.00636983515307214,0.00636980089916506,0.0414));
#6205=CARTESIAN_POINT('',(-0.00636983515307214,0.00636980089916506,0.042));
#6206=CARTESIAN_POINT('',(-0.00622810961250267,0.00586755298651252,0.042));
#6207=CARTESIAN_POINT('',(-0.00622810961250267,0.00586755298651252,0.0414));
#6208=CARTESIAN_POINT('',(-0.00622810961250267,0.00586755298651252,0.042));
#6209=CARTESIAN_POINT('',(-0.00622810961250267,0.00586755298651252,0.0414));
#6210=CARTESIAN_POINT('',(-0.00622810961250267,0.00618097623635196,0.0414));
#6211=CARTESIAN_POINT('',(-0.00636983515307214,0.00636980089916506,0.0414));
#6212=CARTESIAN_POINT('',(-0.00622810961250267,0.00586755298651252,0.042));
#6213=CARTESIAN_POINT('',(-0.00622810961250267,0.00618097623635196,0.042));
#6214=CARTESIAN_POINT('',(-0.00636983515307214,0.00636980089916506,0.042));
#6215=CARTESIAN_POINT('',(-0.00637111967458788,0.00536915863840719,0.0414));
#6216=CARTESIAN_POINT('',(-0.00637111967458788,0.00536915863840719,0.042));
#6217=CARTESIAN_POINT('',(-0.00627577963319774,0.0054896182116606,0.0414));
#6218=CARTESIAN_POINT('',(-0.00627577963319774,0.0054896182116606,0.042));
#6219=CARTESIAN_POINT('',(-0.00622810961250267,0.00565574966102904,0.0414));
#6220=CARTESIAN_POINT('',(-0.00622810961250267,0.00565574966102904,0.042));
#6221=CARTESIAN_POINT('',(-0.00622810961250267,0.00586755298651252,0.0414));
#6222=CARTESIAN_POINT('',(-0.00622810961250267,0.00586755298651252,0.042));
#6223=CARTESIAN_POINT('',(-0.00637111967458788,0.00536915863840719,0.042));
#6224=CARTESIAN_POINT('',(-0.00637111967458788,0.0053691586384072,0.0414));
#6225=CARTESIAN_POINT('',(-0.00637111967458788,0.00536915863840719,0.042));
#6226=CARTESIAN_POINT('',(-0.00637111967458788,0.00536915863840719,0.0414));
#6227=CARTESIAN_POINT('',(-0.00622810961250267,0.0055498479982873,0.0414));
#6228=CARTESIAN_POINT('',(-0.00622810961250267,0.00586755298651252,0.0414));
#6229=CARTESIAN_POINT('',(-0.00637111967458788,0.00536915863840719,0.042));
#6230=CARTESIAN_POINT('',(-0.00622810961250267,0.0055498479982873,0.042));
#6231=CARTESIAN_POINT('',(-0.00622810961250267,0.00586755298651252,0.042));
#6232=CARTESIAN_POINT('',(-0.00676332691072575,0.00518846927852708,0.0414));
#6233=CARTESIAN_POINT('',(-0.00676332691072575,0.00518846927852708,0.042));
#6234=CARTESIAN_POINT('',(-0.00659719546135731,0.00518846927852708,0.0414));
#6235=CARTESIAN_POINT('',(-0.00659719546135731,0.00518846927852708,0.042));
#6236=CARTESIAN_POINT('',(-0.00646645971597802,0.00524869906515378,0.0414));
#6237=CARTESIAN_POINT('',(-0.00646645971597802,0.00524869906515378,0.042));
#6238=CARTESIAN_POINT('',(-0.00637111967458788,0.00536915863840719,0.0414));
#6239=CARTESIAN_POINT('',(-0.00637111967458788,0.00536915863840719,0.042));
#6240=CARTESIAN_POINT('',(-0.00676333443781704,0.00518880162380903,0.0414));
#6241=CARTESIAN_POINT('',(-0.00676333443781704,0.00518880162380903,0.0416));
#6242=CARTESIAN_POINT('',(-0.00676333443781704,0.00518880162380903,0.0418));
#6243=CARTESIAN_POINT('',(-0.00676333443781704,0.00518880162380903,0.042));
#6244=CARTESIAN_POINT('',(-0.00676332691072575,0.00518846927852708,0.0414));
#6245=CARTESIAN_POINT('',(-0.00676332691072575,0.00518846927852708,0.042));
#6246=CARTESIAN_POINT('',(-0.00676332691072575,0.00518846927852708,0.0414));
#6247=CARTESIAN_POINT('',(-0.00651412973667309,0.00518846927852708,0.0414));
#6248=CARTESIAN_POINT('',(-0.00637111967458788,0.00536915863840719,0.0414));
#6249=CARTESIAN_POINT('',(-0.00676332691072575,0.00518846927852708,0.042));
#6250=CARTESIAN_POINT('',(-0.00651412973667309,0.00518846927852708,0.042));
#6251=CARTESIAN_POINT('',(-0.00637111967458788,0.00536915863840719,0.042));
#6252=CARTESIAN_POINT('',(-0.00677424396568412,0.00567049235606766,0.042));
#6253=CARTESIAN_POINT('',(-0.00717031993278589,0.00539614074293856,0.042));
#6254=CARTESIAN_POINT('',(-0.00717031993278589,0.00539614074293856,0.0418));
#6255=CARTESIAN_POINT('',(-0.00717031993278589,0.00539614074293856,0.0416));
#6256=CARTESIAN_POINT('',(-0.00717031993278589,0.00539614074293856,0.0414));
#6257=CARTESIAN_POINT('',(-0.00717094840505245,0.00539570541639906,0.0414));
#6258=CARTESIAN_POINT('',(-0.00717094840505245,0.00539570541639906,0.042));
#6259=CARTESIAN_POINT('',(-0.00677424396568412,0.00567049235606766,0.0414));
#6260=CARTESIAN_POINT('',(-0.00677424396568412,0.00567049235606766,0.042));
#6261=CARTESIAN_POINT('',(-0.0073250909869407,0.00595318775422822,0.0414));
#6262=CARTESIAN_POINT('',(-0.0073250909869407,0.00595318775422822,0.042));
#6263=CARTESIAN_POINT('',(-0.0073250909869407,0.00571969028759009,0.0414));
#6264=CARTESIAN_POINT('',(-0.0073250909869407,0.00571969028759009,0.042));
#6265=CARTESIAN_POINT('',(-0.00727371012631128,0.00553386284164704,0.0414));
#6266=CARTESIAN_POINT('',(-0.00727371012631128,0.00553386284164704,0.042));
#6267=CARTESIAN_POINT('',(-0.00717094840505245,0.00539570541639906,0.0414));
#6268=CARTESIAN_POINT('',(-0.00717094840505245,0.00539570541639906,0.042));
#6269=CARTESIAN_POINT('',(-0.0073250909869407,0.00595318775422822,0.042));
#6270=CARTESIAN_POINT('',(-0.0073250909869407,0.00595318775422822,0.0414));
#6271=CARTESIAN_POINT('',(-0.0073250909869407,0.00595318775422822,0.042));
#6272=CARTESIAN_POINT('',(-0.0073250909869407,0.00595318775422822,0.0414));
#6273=CARTESIAN_POINT('',(-0.0073250909869407,0.00560294155427103,0.0414));
#6274=CARTESIAN_POINT('',(-0.00717094840505245,0.00539570541639906,0.0414));
#6275=CARTESIAN_POINT('',(-0.0073250909869407,0.00595318775422822,0.042));
#6276=CARTESIAN_POINT('',(-0.0073250909869407,0.00560294155427103,0.042));
#6277=CARTESIAN_POINT('',(-0.00717094840505245,0.00539570541639906,0.042));
#6278=CARTESIAN_POINT('',(-0.00716581031898951,0.00639377863412546,0.0414));
#6279=CARTESIAN_POINT('',(-0.00716581031898951,0.00639377863412546,0.042));
#6280=CARTESIAN_POINT('',(-0.00727199743095697,0.00628388068222365,0.0414));
#6281=CARTESIAN_POINT('',(-0.00727199743095697,0.00628388068222365,0.042));
#6282=CARTESIAN_POINT('',(-0.0073250909869407,0.00613701705559124,0.0414));
#6283=CARTESIAN_POINT('',(-0.0073250909869407,0.00613701705559124,0.042));
#6284=CARTESIAN_POINT('',(-0.0073250909869407,0.00595318775422822,0.0414));
#6285=CARTESIAN_POINT('',(-0.0073250909869407,0.00595318775422822,0.042));
#6286=CARTESIAN_POINT('',(-0.00716589211613613,0.00639385682143458,0.0414));
#6287=CARTESIAN_POINT('',(-0.00716589211613613,0.00639385682143458,0.0416));
#6288=CARTESIAN_POINT('',(-0.00716589211613613,0.00639385682143458,0.0418));
#6289=CARTESIAN_POINT('',(-0.00716589211613613,0.00639385682143458,0.042));
#6290=CARTESIAN_POINT('',(-0.00716581031898951,0.00639377863412546,0.0414));
#6291=CARTESIAN_POINT('',(-0.00716581031898951,0.00639377863412546,0.042));
#6292=CARTESIAN_POINT('',(-0.00716581031898951,0.00639377863412546,0.0414));
#6293=CARTESIAN_POINT('',(-0.0073250909869407,0.00622893170627275,0.0414));
#6294=CARTESIAN_POINT('',(-0.0073250909869407,0.00595318775422822,0.0414));
#6295=CARTESIAN_POINT('',(-0.00716581031898951,0.00639377863412546,0.042));
#6296=CARTESIAN_POINT('',(-0.0073250909869407,0.00622893170627275,0.042));
#6297=CARTESIAN_POINT('',(-0.0073250909869407,0.00595318775422822,0.042));
#6298=CARTESIAN_POINT('',(-0.00678165012651102,0.00602657203874184,0.042));
#6299=CARTESIAN_POINT('',(-0.00678165012651102,0.00602657203874184,0.0414));
#6300=CARTESIAN_POINT('',(-0.00678165012651102,0.00602657203874184,0.042));
#6301=CARTESIAN_POINT('',(-0.00678131021194605,0.00459930207664312,0.0414));
#6302=CARTESIAN_POINT('',(-0.00678131021194605,0.00459930207664312,0.042));
#6303=CARTESIAN_POINT('',(-0.00723289088703347,0.00459930207664312,0.0414));
#6304=CARTESIAN_POINT('',(-0.00723289088703347,0.00459930207664312,0.042));
#6305=CARTESIAN_POINT('',(-0.0075688646257047,0.00475587097694998,0.0414));
#6306=CARTESIAN_POINT('',(-0.0075688646257047,0.00475587097694998,0.042));
#6307=CARTESIAN_POINT('',(-0.00778923142795975,0.00506900877756369,0.0414));
#6308=CARTESIAN_POINT('',(-0.00778923142795975,0.00506900877756369,0.042));
#6309=CARTESIAN_POINT('',(-0.00678131021194605,0.00459930207664312,0.0414));
#6310=CARTESIAN_POINT('',(-0.00745868122457718,0.00459930207664312,0.0414));
#6311=CARTESIAN_POINT('',(-0.00778923142795975,0.00506900877756369,0.0414));
#6312=CARTESIAN_POINT('',(-0.00588514236780133,0.00754428173838578,0.042));
#6313=CARTESIAN_POINT('',(-0.00588514236780133,0.00754428173838578,0.0414));
#6314=CARTESIAN_POINT('',(-0.00688749732391351,0.0064802697495183,0.0414));
#6315=CARTESIAN_POINT('',(0.,0.,0.042));
#6316=CARTESIAN_POINT('',(0.,1.83697019872103E-19,0.));
#6317=CARTESIAN_POINT('',(0.00675,-0.00675,0.002));
#6318=CARTESIAN_POINT('',(0.00918850623546614,-0.00387097505813543,0.00137701247093229));
#6319=CARTESIAN_POINT('',(0.00386729540169506,-0.00917962275898296,0.00135924551796592));
#6320=CARTESIAN_POINT('',(0.,-0.0095,0.002));
#6321=CARTESIAN_POINT('',(-0.00386729540169506,-0.00917962275898296,0.00135924551796592));
#6322=CARTESIAN_POINT('',(0.0095,0.00275,0.002));
#6323=CARTESIAN_POINT('',(0.008375,0.008375,-0.00025));
#6324=CARTESIAN_POINT('',(-0.00604289321881345,-0.00604289321881345,0.));
#6325=CARTESIAN_POINT('',(-0.00822168238504238,-0.00347050350686413,-0.000556635229915244));
#6326=CARTESIAN_POINT('',(0.,0.0095,0.002));
#6327=CARTESIAN_POINT('',(-0.00791666666666667,0.00791666666666667,-0.00116666666666666));
#6328=CARTESIAN_POINT('',(-0.0085,0.,0.));
#6329=MECHANICAL_DESIGN_GEOMETRIC_PRESENTATION_REPRESENTATION('',(#3465),
#6332);
#6330=MECHANICAL_DESIGN_GEOMETRIC_PRESENTATION_REPRESENTATION('',(#3466),
#6333);
#6331=MECHANICAL_DESIGN_GEOMETRIC_PRESENTATION_REPRESENTATION('',(#3467),
#6334);
#6332=(
GEOMETRIC_REPRESENTATION_CONTEXT(3)
GLOBAL_UNCERTAINTY_ASSIGNED_CONTEXT((#6335))
GLOBAL_UNIT_ASSIGNED_CONTEXT((#6344,#6341,#6338))
REPRESENTATION_CONTEXT('Cuff','TOP_LEVEL_ASSEMBLY_PART')
);
#6333=(
GEOMETRIC_REPRESENTATION_CONTEXT(3)
GLOBAL_UNCERTAINTY_ASSIGNED_CONTEXT((#6336))
GLOBAL_UNIT_ASSIGNED_CONTEXT((#6345,#6342,#6339))
REPRESENTATION_CONTEXT('Cuff','TOP_LEVEL_ASSEMBLY_PART')
);
#6334=(
GEOMETRIC_REPRESENTATION_CONTEXT(3)
GLOBAL_UNCERTAINTY_ASSIGNED_CONTEXT((#6337))
GLOBAL_UNIT_ASSIGNED_CONTEXT((#6346,#6343,#6340))
REPRESENTATION_CONTEXT('Cuff','TOP_LEVEL_ASSEMBLY_PART')
);
#6335=UNCERTAINTY_MEASURE_WITH_UNIT(LENGTH_MEASURE(2.E-5),#6344,
'DISTANCE_ACCURACY_VALUE','Maximum Tolerance applied to model');
#6336=UNCERTAINTY_MEASURE_WITH_UNIT(LENGTH_MEASURE(2.E-5),#6345,
'DISTANCE_ACCURACY_VALUE','Maximum Tolerance applied to model');
#6337=UNCERTAINTY_MEASURE_WITH_UNIT(LENGTH_MEASURE(2.E-5),#6346,
'DISTANCE_ACCURACY_VALUE','Maximum Tolerance applied to model');
#6338=(
NAMED_UNIT(*)
SI_UNIT($,.STERADIAN.)
SOLID_ANGLE_UNIT()
);
#6339=(
NAMED_UNIT(*)
SI_UNIT($,.STERADIAN.)
SOLID_ANGLE_UNIT()
);
#6340=(
NAMED_UNIT(*)
SI_UNIT($,.STERADIAN.)
SOLID_ANGLE_UNIT()
);
#6341=(
NAMED_UNIT(*)
PLANE_ANGLE_UNIT()
SI_UNIT($,.RADIAN.)
);
#6342=(
NAMED_UNIT(*)
PLANE_ANGLE_UNIT()
SI_UNIT($,.RADIAN.)
);
#6343=(
NAMED_UNIT(*)
PLANE_ANGLE_UNIT()
SI_UNIT($,.RADIAN.)
);
#6344=(
LENGTH_UNIT()
NAMED_UNIT(*)
SI_UNIT($,.METRE.)
);
#6345=(
LENGTH_UNIT()
NAMED_UNIT(*)
SI_UNIT($,.METRE.)
);
#6346=(
LENGTH_UNIT()
NAMED_UNIT(*)
SI_UNIT($,.METRE.)
);
#6347=PRODUCT_DEFINITION_SHAPE('','',#6350);
#6348=PRODUCT_DEFINITION_SHAPE('','',#6351);
#6349=PRODUCT_DEFINITION_SHAPE('','',#6352);
#6350=PRODUCT_DEFINITION('','',#6356,#6353);
#6351=PRODUCT_DEFINITION('','',#6357,#6354);
#6352=PRODUCT_DEFINITION('','',#6358,#6355);
#6353=PRODUCT_DEFINITION_CONTEXT('',#6374,'design');
#6354=PRODUCT_DEFINITION_CONTEXT('',#6375,'design');
#6355=PRODUCT_DEFINITION_CONTEXT('',#6376,'design');
#6356=PRODUCT_DEFINITION_FORMATION_WITH_SPECIFIED_SOURCE('','',#6362,
 .NOT_KNOWN.);
#6357=PRODUCT_DEFINITION_FORMATION_WITH_SPECIFIED_SOURCE('','',#6363,
 .NOT_KNOWN.);
#6358=PRODUCT_DEFINITION_FORMATION_WITH_SPECIFIED_SOURCE('','',#6364,
 .NOT_KNOWN.);
#6359=PRODUCT_RELATED_PRODUCT_CATEGORY('','',(#6362));
#6360=PRODUCT_RELATED_PRODUCT_CATEGORY('','',(#6363));
#6361=PRODUCT_RELATED_PRODUCT_CATEGORY('','',(#6364));
#6362=PRODUCT('Cuff','Cuff','Cuff',(#6368));
#6363=PRODUCT('Cuff','Cuff','Cuff',(#6369));
#6364=PRODUCT('Cuff','Cuff','Cuff',(#6370));
#6365=PRODUCT_CATEGORY('','');
#6366=PRODUCT_CATEGORY('','');
#6367=PRODUCT_CATEGORY('','');
#6368=PRODUCT_CONTEXT('',#6374,'mechanical');
#6369=PRODUCT_CONTEXT('',#6375,'mechanical');
#6370=PRODUCT_CONTEXT('',#6376,'mechanical');
#6371=APPLICATION_PROTOCOL_DEFINITION('international standard',
'ap242_managed_model_based_3d_engineering',2011,#6374);
#6372=APPLICATION_PROTOCOL_DEFINITION('international standard',
'ap242_managed_model_based_3d_engineering',2011,#6375);
#6373=APPLICATION_PROTOCOL_DEFINITION('international standard',
'ap242_managed_model_based_3d_engineering',2011,#6376);
#6374=APPLICATION_CONTEXT('managed model based 3d engineering');
#6375=APPLICATION_CONTEXT('managed model based 3d engineering');
#6376=APPLICATION_CONTEXT('managed model based 3d engineering');
ENDSEC;
END-ISO-10303-21;
