{
    "Z_CANVAS": 0.13849999999999998,
    "Z_MAX_CANVAS": 0.13199999999999998
}