{
    "Z_CANVAS": 0.13499999999999984,
    "Z_MAX_CANVAS": 0.13049999999999984
}