{
    "Z_CANVAS": 0.12649999999999997,
    "Z_MAX_CANVAS": 0.12499999999999997
}