{
    "w_p2i_m": 0.04999999999999999,
    "h_p2i_m": 0.022000000000000006,
    "xtra_room_horz_m": 0.01,
    "xtra_room_vert_m": 0.001,
    "MAX_BEND": 0.01
}