{
    "Z_CANVAS": 0.12849999999999997,
    "Z_MAX_CANVAS": 0.12249999999999997
}