{
    "Z_CANVAS": 0.12799999999999997,
    "Z_MAX_CANVAS": 0.12799999999999997
}