{
    "Z_CANVAS": 0.11899999999999997,
    "Z_MAX_CANVAS": 0.11449999999999996
}