{
    "Z_CANVAS": 0.15599999999999994,
    "Z_MAX_CANVAS": 0.14849999999999994
}