{
    "Z_CANVAS": 0.13099999999999998,
    "Z_MAX_CANVAS": 0.12949999999999998
}