{
    "Z_CANVAS": 0.18350000000000002,
    "Z_MAX_CANVAS": 0.17300000000000001
}