{
    "Z_CANVAS": 0.13009999999999998,
    "Z_MAX_CANVAS": 0.13009999999999998
}