{
    "w_p2i_m": 0.09000000000000001,
    "h_p2i_m": 0.04999999999999999,
    "xtra_room_horz_m": 0.015,
    "xtra_room_vert_m": 0.005,
    "MAX_BEND": 0.02
}