{
    "Z_CANVAS": 0.12149999999999991,
    "Z_MAX_CANVAS": 0.11549999999999991
}