{
    "Z_CANVAS": 0.13349999999999984,
    "Z_MAX_CANVAS": 0.12899999999999984
}