{
    "w_p2i_m": 0.09999999999999998,
    "h_p2i_m": 0.041999999999999996,
    "xtra_room_horz_m": 0.01,
    "xtra_room_vert_m": 0.001,
    "MAX_BEND": 0.02
}