{
    "Z_CANVAS": 0.12849999999999998,
    "Z_MAX_CANVAS": 0.12849999999999998
}